prix_fcfa,superficie_m2,nombre_pieces,nombre_salles_bain,jardin,piscine,parking,terrasse,cuisineEquipee,securisee,balcon,cite,meuble,basse,duplex,triplex
120000000.0,500.0,7.0,7.0,0,0,0,0,0,0,0,1,0,0,1,0
900000000.0,673.0,5.0,6.0,1,1,1,0,1,0,0,0,1,1,0,0
700000000.0,559.0,6.0,5.0,1,1,0,1,1,0,0,1,1,0,1,0
100000000.0,300.0,4.0,4.0,0,0,1,0,0,0,0,1,0,1,0,0
210000000.0,500.0,7.0,6.0,0,0,0,0,0,0,0,0,0,0,1,0
150000000.0,280.0,4.0,4.0,1,0,0,0,1,0,0,0,1,0,1,0
80000000.0,200.0,6.0,4.0,0,0,1,0,1,1,0,1,1,0,1,0
650000000.0,500.0,6.0,6.0,1,0,1,0,1,1,0,0,1,0,0,1
60000000.0,101.0,3.0,1.0,0,0,0,1,1,0,0,1,1,1,0,0
320000000.0,203.0,6.0,5.0,0,1,1,1,1,0,0,0,1,0,0,1
200000000.0,430.0,4.0,5.0,1,0,1,1,1,0,0,0,1,0,1,0
130000000.0,340.0,6.0,5.0,0,0,1,1,1,0,0,0,1,0,1,0
580000000.0,640.0,6.0,4.0,1,1,1,0,1,1,0,0,1,0,1,0
110000000.0,200.0,5.0,5.0,0,0,0,1,0,0,1,0,0,0,1,0
75000000.0,250.0,4.0,4.0,0,0,0,1,0,0,0,0,0,1,0,0
160000000.0,300.0,6.0,4.0,1,0,0,0,1,1,1,1,1,0,1,0
90000000.0,278.0,4.0,3.0,0,0,1,1,1,0,0,1,1,0,1,0
90000000.0,300.0,5.0,4.0,0,0,1,1,0,0,0,0,0,1,0,0
2500000000.0,1600.0,12.0,14.0,1,0,1,0,0,0,0,0,0,0,1,0
750000000.0,1000.0,14.0,8.0,0,0,0,0,0,0,0,0,0,0,1,0
250000000.0,400.0,4.0,4.0,0,1,0,0,0,0,0,0,0,1,0,0
900000000.0,950.0,10.0,9.0,0,0,0,0,0,0,0,0,0,0,1,0
200000000.0,400.0,4.0,4.0,0,1,1,1,0,1,0,1,0,0,1,0
550000000.0,650.0,8.0,6.0,0,1,1,0,1,0,0,0,1,0,1,0
160000000.0,400.0,8.0,7.0,1,1,1,0,1,0,0,0,1,0,1,0
200000000.0,462.0,6.0,4.0,1,0,1,1,0,0,0,0,0,0,1,0
100000000.0,1.0,7.0,4.0,0,0,0,1,0,0,0,0,0,1,0,0
36000000.0,230.0,4.0,2.0,0,0,0,0,0,0,0,1,0,1,0,0
320000000.0,515.0,7.0,7.0,1,1,1,0,1,1,0,0,1,0,1,0
380000000.0,407.0,6.0,4.0,1,1,1,0,0,0,0,1,0,0,1,0
90000000.0,300.0,4.0,2.0,0,0,1,1,0,0,0,0,0,1,0,0
75000000.0,200.0,5.0,5.0,0,0,1,1,0,0,0,1,0,0,1,0
160000000.0,300.0,5.0,3.0,0,0,1,0,1,0,0,1,1,0,1,0
275000000.0,333.0,6.0,6.0,0,1,1,0,1,0,1,0,1,0,1,0
85000000.0,186.0,4.0,3.0,0,0,1,1,0,0,0,1,0,0,0,0
155000000.0,260.0,5.0,5.0,1,0,1,0,1,1,0,0,1,1,0,0
75000000.0,200.0,4.0,3.0,0,0,0,0,0,0,0,1,0,1,0,0
280000000.0,332.0,4.0,4.0,0,1,1,0,1,0,0,0,1,1,0,0
65000000.0,150.0,5.0,5.0,0,0,0,0,0,0,0,0,0,0,1,0
1500000000.0,5000.0,5.0,4.0,0,1,0,0,0,0,0,0,1,0,1,0
650000000.0,559.0,6.0,4.0,1,1,0,1,1,0,0,0,1,0,1,0
180000000.0,250.0,6.0,6.0,1,1,1,0,1,1,1,0,1,0,0,1
250000000.0,303.0,5.0,5.0,0,0,0,0,0,1,0,1,0,0,1,0
90000000.0,225.0,6.0,5.0,0,0,1,1,0,0,0,1,0,0,1,0
275000000.0,546.0,8.0,6.0,1,0,1,0,0,0,0,1,0,0,1,0
650000000.0,559.0,6.0,5.0,1,1,0,1,1,0,0,1,1,0,1,0
160000000.0,300.0,6.0,6.0,0,1,1,1,1,0,0,1,1,0,1,0
190000000.0,500.0,8.0,7.0,1,0,1,1,1,0,0,1,1,0,1,0
400000000.0,635.0,5.0,4.0,1,0,1,0,0,0,0,0,0,0,1,0
170000000.0,300.0,6.0,5.0,1,1,1,0,1,0,1,0,1,0,1,0
1300000000.0,740.0,14.0,8.0,1,1,1,1,1,1,0,1,1,1,0,1
400000000.0,420.0,8.0,5.0,1,1,1,0,0,0,0,1,0,0,1,0
320000000.0,650.0,7.0,5.0,1,0,1,0,0,0,0,0,0,0,1,0
350000000.0,400.0,5.0,5.0,0,0,0,1,1,0,0,0,1,0,1,0
150000000.0,220.0,6.0,4.0,0,0,0,0,0,0,0,0,0,1,0,0
65000000.0,190.0,9.0,5.0,0,0,1,0,0,0,0,1,0,0,1,0
10000000.0,150.0,3.0,2.0,0,0,0,0,0,0,0,0,0,1,0,0
90000000.0,300.0,4.0,2.0,0,0,0,0,0,0,0,1,0,0,0,0
150000000.0,200.0,5.0,4.0,0,1,1,1,0,1,0,1,0,0,1,0
90000000.0,260.0,5.0,4.0,1,0,1,1,0,0,0,1,0,1,0,0
420000000.0,617.0,9.0,9.0,0,0,1,0,1,1,0,1,1,0,1,0
250000000.0,303.0,5.0,4.0,0,0,0,0,0,1,0,1,0,0,1,0
55000000.0,200.0,4.0,3.0,0,0,1,0,0,0,1,0,0,0,1,0
395000000.0,635.0,5.0,5.0,1,0,1,0,1,0,0,0,1,0,1,0
75000000.0,200.0,4.0,4.0,0,0,1,0,0,0,0,1,0,0,1,0
70000000.0,200.0,5.0,5.0,0,0,1,1,0,0,0,1,0,0,1,0
150000000.0,200.0,8.0,6.0,0,0,1,1,0,0,1,0,0,0,0,1
120000000.0,200.0,5.0,5.0,0,0,1,1,0,0,1,0,0,0,1,0
350000000.0,300.0,6.0,6.0,0,0,0,0,0,0,0,0,1,0,1,0
65000000.0,5.0,5.0,5.0,0,0,1,0,1,0,0,0,1,0,1,0
170000000.0,350.0,5.0,5.0,1,0,0,1,1,0,0,0,1,0,1,0
2100000000.0,2000.0,14.0,12.0,0,1,0,0,0,0,0,0,0,0,1,0
175000000.0,300.0,6.0,5.0,1,0,1,0,1,0,0,0,1,0,1,0
130000000.0,350.0,5.0,5.0,0,0,0,0,0,0,0,1,0,0,1,0
150000000.0,350.0,5.0,3.0,1,0,1,1,0,0,0,1,0,0,1,0
180000000.0,500.0,8.0,6.0,1,0,1,1,1,0,0,1,1,0,1,0
170000000.0,400.0,6.0,5.0,0,0,1,0,1,0,0,1,1,0,1,0
95000000.0,250.0,4.0,3.0,1,0,1,1,1,1,0,1,1,1,0,0
620000000.0,998.0,9.0,8.0,1,0,0,0,0,0,0,1,0,1,0,0
350000000.0,300.0,6.0,6.0,0,0,0,0,0,0,0,1,1,0,1,0
220000000.0,300.0,4.0,2.0,1,0,1,1,0,1,0,1,0,1,0,0
250000000.0,390.0,5.0,4.0,0,1,0,0,0,0,0,1,0,0,1,0
75000000.0,210.0,4.0,2.0,0,0,0,0,1,0,0,1,1,1,0,0
250000000.0,303.0,5.0,5.0,0,0,0,0,0,1,0,1,0,0,1,0
430000000.0,4.0,4.0,4.0,0,1,0,0,0,1,0,1,0,0,1,0
350000000.0,300.0,6.0,6.0,0,0,0,0,0,0,0,1,1,0,1,0
350000000.0,300.0,6.0,6.0,0,0,1,0,1,0,0,1,1,0,1,0
420000000.0,617.0,9.0,9.0,1,0,1,0,1,0,0,1,1,0,1,0
180000000.0,300.0,4.0,4.0,1,0,0,0,0,0,0,0,0,1,0,0
350000000.0,800.0,10.0,8.0,1,1,1,0,0,0,0,0,0,0,1,0
900000000.0,800.0,6.0,5.0,1,1,0,1,1,0,0,0,1,0,1,0
350000000.0,300.0,6.0,5.0,0,0,1,0,1,0,0,0,1,0,1,0
220000000.0,300.0,5.0,5.0,0,1,0,1,1,0,0,0,1,0,1,0
150000000.0,200.0,4.0,3.0,1,1,1,1,1,0,0,0,1,1,0,0
75000000.0,400.0,4.0,4.0,0,0,0,0,0,1,0,1,0,0,1,0
75000000.0,250.0,4.0,4.0,0,0,1,1,1,0,0,1,1,1,0,0
250000000.0,450.0,6.0,4.0,0,0,0,1,0,1,0,1,0,0,1,0
150000000.0,300.0,9.0,3.0,0,0,1,1,1,0,0,0,1,0,1,0
250000000.0,800.0,10.0,9.0,0,0,1,0,0,0,0,0,0,0,1,0
380000000.0,407.0,6.0,4.0,1,1,1,0,0,0,0,1,0,0,1,0
350000000.0,300.0,4.0,5.0,1,1,1,1,1,0,1,0,1,0,1,0
250000000.0,300.0,5.0,4.0,1,0,1,1,1,1,0,1,1,0,1,0
300000000.0,548.0,5.0,5.0,1,1,1,1,0,0,0,0,1,1,0,0
130000000.0,200.0,9.0,6.0,0,0,1,0,1,1,0,1,1,0,0,1
10000000.0,1000.0,5.0,2.0,0,0,0,0,0,0,0,0,0,1,0,0
250000000.0,250.0,5.0,4.0,0,0,0,0,0,0,0,0,0,0,1,0
59000000.0,307.0,5.0,4.0,0,0,0,0,0,0,0,0,0,1,0,0
65000000.0,220.0,4.0,4.0,0,0,0,0,0,0,0,0,0,0,0,0
160000000.0,230.0,5.0,5.0,0,0,0,0,0,0,0,0,0,0,1,0
75000000.0,200.0,5.0,5.0,0,0,0,0,0,0,0,0,0,0,1,0
200000000.0,250.0,7.0,5.0,0,0,0,0,0,0,0,0,0,0,0,1
28000000.0,250.0,4.0,4.0,0,0,0,0,0,0,0,0,0,1,0,0
200000000.0,400.0,5.0,3.0,0,0,0,0,0,0,0,0,0,0,1,0
80000000.0,340.0,5.0,4.0,0,0,0,0,0,0,0,1,0,0,1,0
16000000.0,100.0,3.0,1.0,0,0,0,1,0,0,0,0,0,0,0,0
150000000.0,400.0,6.0,5.0,0,0,0,0,0,0,0,1,0,0,1,0
150000000.0,400.0,6.0,5.0,0,0,0,0,0,0,0,1,0,0,1,0
29000000.0,200.0,4.0,3.0,0,0,0,0,0,0,0,0,0,0,0,0
35000000.0,150.0,4.0,3.0,0,0,0,0,0,0,0,0,0,0,0,0
55000000.0,250.0,3.0,3.0,0,0,0,0,0,0,0,1,0,1,0,0
90000000.0,180.0,4.0,4.0,0,0,1,0,0,0,0,1,0,1,0,0
1600000000.0,3204.0,14.0,11.0,0,0,0,0,0,0,0,1,0,0,1,0
150000000.0,750.0,4.0,4.0,0,0,0,0,0,0,0,1,0,1,0,0
160000000.0,420.0,4.0,4.0,1,0,0,1,0,0,0,1,0,1,0,0
380000000.0,565.0,8.0,7.0,0,1,0,0,0,0,0,1,1,0,1,0
375000000.0,460.0,6.0,4.0,1,1,1,1,1,1,1,1,1,0,1,0
70000000.0,200.0,4.0,3.0,0,0,0,0,0,0,0,1,0,0,0,0
1200000000.0,1200.0,7.0,7.0,1,0,1,1,1,0,0,1,1,1,0,0
130000000.0,427.0,5.0,4.0,0,0,1,1,1,0,0,1,1,0,1,0
480000000.0,800.0,7.0,6.0,0,1,1,1,1,0,0,1,1,0,1,0
1200000000.0,1200.0,7.0,6.0,1,0,1,1,1,0,0,0,1,1,0,0
180000000.0,300.0,6.0,5.0,0,0,1,0,1,0,0,0,1,0,1,0
200000000.0,430.0,4.0,4.0,1,0,1,1,1,0,0,0,1,0,1,0
195000000.0,400.0,5.0,4.0,1,0,1,0,0,1,0,1,0,0,1,0
280000000.0,400.0,8.0,5.0,0,0,0,1,0,0,0,0,0,0,1,0
80000000.0,200.0,4.0,4.0,0,0,1,1,0,1,0,1,0,0,1,0
160000000.0,350.0,6.0,5.0,1,0,1,1,1,0,0,0,1,0,1,0
370000000.0,800.0,4.0,4.0,1,0,1,0,0,0,0,0,0,1,0,0
300000000.0,561.0,6.0,4.0,0,0,0,0,0,0,0,1,0,0,1,0
60000000.0,101.0,3.0,1.0,0,0,1,1,1,0,0,1,1,1,0,0
95000000.0,300.0,4.0,4.0,0,0,1,1,0,0,0,1,0,1,0,0
365000000.0,460.0,6.0,4.0,1,1,1,1,1,1,1,1,1,0,1,0
160000000.0,230.0,5.0,4.0,0,0,1,0,1,0,0,1,1,0,1,0
120000000.0,230.0,4.0,4.0,1,0,1,1,0,0,1,1,0,0,1,0
280000000.0,546.0,8.0,6.0,1,1,1,1,1,0,1,1,1,0,1,0
375000000.0,460.0,6.0,5.0,1,1,1,0,1,0,1,1,1,0,1,0
100000000.0,320.0,4.0,4.0,0,0,1,1,0,0,0,1,0,1,0,0
400000000.0,617.0,9.0,4.0,0,0,1,0,1,1,0,1,1,0,1,0
120000000.0,200.0,5.0,4.0,0,0,0,0,0,0,0,1,0,0,1,0
180000000.0,5.0,5.0,5.0,1,0,0,0,1,1,0,1,1,0,1,0
95000000.0,300.0,4.0,2.0,0,0,1,1,0,0,0,1,0,1,0,0
365000000.0,460.0,6.0,4.0,1,1,1,1,1,1,1,1,1,0,1,0
160000000.0,300.0,6.0,4.0,1,0,1,0,0,0,0,1,0,0,1,0
70000000.0,200.0,4.0,4.0,0,0,1,0,1,0,0,1,1,0,1,0
60000000.0,270.0,4.0,4.0,0,0,0,0,0,0,0,1,0,0,1,0
220000000.0,300.0,4.0,3.0,1,0,1,1,1,0,1,1,1,1,0,0
50000000.0,200.0,4.0,4.0,1,0,1,1,0,0,0,1,0,1,0,0
160000000.0,350.0,6.0,5.0,1,0,1,1,1,0,0,1,1,0,1,0
75000000.0,200.0,4.0,4.0,0,0,1,1,0,0,0,1,0,0,1,0
350000000.0,260.0,6.0,4.0,1,1,1,1,1,1,1,1,1,0,0,1
280000000.0,546.0,8.0,6.0,1,1,1,1,1,1,1,0,1,0,1,0
125000000.0,200.0,5.0,4.0,0,0,1,1,0,0,0,1,0,0,1,0
180000000.0,400.0,5.0,4.0,1,0,1,0,1,1,0,0,1,0,1,0
160000000.0,385.0,5.0,4.0,0,1,0,1,0,1,0,1,0,0,1,0
400000000.0,617.0,8.0,6.0,0,0,1,0,1,1,0,1,1,0,1,0
165000000.0,350.0,6.0,5.0,1,0,1,0,1,0,0,1,1,0,1,0
250000000.0,240.0,7.0,6.0,0,1,0,1,0,0,0,0,0,0,1,0
95000000.0,210.0,4.0,2.0,0,0,1,1,0,0,0,0,0,1,0,0
160000000.0,260.0,5.0,4.0,1,0,1,0,1,1,0,0,1,1,0,0
95000000.0,210.0,4.0,2.0,0,0,0,1,1,0,0,1,1,1,0,0
250000000.0,380.0,7.0,5.0,1,0,1,1,0,0,0,1,0,0,1,0
140000000.0,230.0,5.0,5.0,0,1,0,1,1,0,0,0,1,1,0,0
75000000.0,200.0,4.0,4.0,0,0,1,1,0,0,0,1,0,0,1,0
90000000.0,200.0,4.0,3.0,0,0,1,0,0,0,0,0,0,1,0,0
300000000.0,300.0,5.0,4.0,1,1,1,0,1,1,0,0,1,0,1,0
350000000.0,260.0,6.0,4.0,1,1,1,1,1,1,1,0,1,0,0,1
95000000.0,223.0,6.0,5.0,0,0,1,1,1,0,0,0,1,0,1,0
100000000.0,300.0,4.0,4.0,0,0,1,0,0,0,0,1,0,1,0,0
650000000.0,800.0,7.0,5.0,1,0,1,0,1,0,0,0,1,0,1,0
450000000.0,400.0,9.0,6.0,0,0,1,1,1,0,0,1,1,0,1,0
70000000.0,200.0,4.0,4.0,0,0,1,1,0,0,0,1,0,0,1,0
420000000.0,380.0,8.0,8.0,1,0,1,1,1,0,0,0,1,0,1,0
160000000.0,350.0,5.0,4.0,1,0,0,1,0,0,0,0,0,0,1,0
375000000.0,460.0,6.0,5.0,1,1,1,1,1,0,1,1,1,0,1,0
200000000.0,430.0,4.0,4.0,1,0,1,1,1,0,0,0,1,0,1,0
160000000.0,385.0,5.0,5.0,0,1,0,1,0,1,0,1,0,0,1,0
300000000.0,5.0,5.0,5.0,1,1,0,0,0,1,0,1,1,0,1,0
700000000.0,1000.0,10.0,10.0,0,0,0,0,0,0,0,0,0,0,0,0
180000000.0,600.0,8.0,6.0,0,0,0,0,0,0,0,0,0,0,1,0
150000000.0,300.0,5.0,4.0,1,0,0,1,0,0,0,1,0,0,1,0
150000000.0,300.0,5.0,4.0,1,0,0,1,0,0,0,1,0,0,1,0
150000000.0,250.0,6.0,5.0,0,0,1,0,0,0,1,0,0,0,1,0
550000000.0,700.0,12.0,8.0,1,1,1,1,0,0,0,0,0,0,1,0
350000000.0,260.0,6.0,4.0,1,1,1,1,1,1,1,0,1,0,0,1
70000000.0,200.0,4.0,4.0,0,0,1,0,1,0,0,1,1,0,1,0
250000000.0,424.0,8.0,4.0,0,0,1,1,1,0,0,0,1,0,1,0
1800000000.0,1117.0,18.0,8.0,1,0,1,1,1,0,0,1,1,0,0,0
420000000.0,617.0,6.0,6.0,0,0,1,0,1,1,0,1,1,0,0,0
59000000.0,307.0,4.0,3.0,1,0,1,0,1,1,0,0,1,0,0,0
95000000.0,210.0,4.0,3.0,0,0,0,1,1,0,0,1,1,1,0,0
400000000.0,617.0,8.0,6.0,0,0,1,0,1,1,0,0,1,0,1,0
150000000.0,300.0,5.0,4.0,1,0,0,1,0,0,0,1,0,0,1,0
380000000.0,595.0,8.0,6.0,0,1,0,0,0,0,0,1,1,0,1,0
280000000.0,654.0,5.0,5.0,0,0,0,0,0,0,0,0,0,1,0,0
150000000.0,300.0,5.0,4.0,1,0,0,1,0,0,0,1,0,0,1,0
140000000.0,230.0,5.0,4.0,0,0,1,0,1,1,0,0,1,0,1,0
140000000.0,300.0,5.0,4.0,1,0,1,0,1,0,0,0,1,0,1,0
150000000.0,210.0,5.0,5.0,0,1,1,1,0,1,0,1,0,0,1,0
350000000.0,500.0,7.0,5.0,1,0,1,0,1,0,0,1,1,0,1,0
200000000.0,374.0,6.0,3.0,1,0,1,1,1,0,0,1,1,0,1,0
700000000.0,559.0,6.0,5.0,1,1,0,1,1,0,0,1,1,0,1,0
750000000.0,1200.0,19.0,12.0,0,0,0,0,0,0,0,0,0,0,1,0
365000000.0,460.0,6.0,4.0,1,1,1,1,1,1,1,1,1,0,1,0
79000000.0,408.0,4.0,4.0,1,0,1,0,0,0,0,0,0,1,0,0
165000000.0,300.0,5.0,3.0,1,0,1,0,0,0,0,1,0,0,1,0
200000000.0,400.0,7.0,5.0,1,0,1,1,1,0,1,0,1,0,1,0
175000000.0,350.0,6.0,5.0,0,0,1,0,0,0,0,1,0,0,1,0
90000000.0,110.0,4.0,3.0,0,0,1,0,0,0,0,0,0,1,0,0
165000000.0,300.0,5.0,3.0,1,0,1,1,0,0,0,1,0,0,1,0
185000000.0,300.0,6.0,5.0,1,0,1,1,1,1,1,0,1,0,1,0
150000000.0,300.0,5.0,4.0,1,0,0,1,0,0,0,1,0,0,1,0
80000000.0,200.0,5.0,3.0,0,0,1,1,1,0,0,1,1,0,1,0
370000000.0,500.0,6.0,5.0,0,0,1,0,1,0,0,0,1,0,1,0
950000000.0,800.0,5.0,7.0,1,1,1,1,1,0,0,0,1,1,0,0
365000000.0,460.0,6.0,4.0,1,1,1,1,1,1,1,1,1,0,1,0
160000000.0,400.0,8.0,8.0,1,1,1,0,1,0,0,0,1,0,1,0
80000000.0,200.0,5.0,3.0,0,0,1,0,0,0,0,0,0,0,1,0
95000000.0,300.0,4.0,3.0,0,0,1,1,0,0,0,1,0,1,0,0
160000000.0,350.0,6.0,6.0,1,0,1,1,1,1,1,0,1,0,1,0
59000000.0,307.0,4.0,3.0,1,0,1,0,1,1,0,0,1,0,0,0
60000000.0,160.0,3.0,2.0,0,0,0,0,0,0,0,1,0,0,0,0
180000000.0,300.0,6.0,6.0,0,0,0,0,0,0,0,0,0,0,1,0
150000000.0,300.0,5.0,4.0,1,0,0,1,0,0,0,1,0,0,1,0
400000000.0,617.0,8.0,6.0,0,0,1,0,1,1,0,1,1,0,0,0
250000000.0,240.0,7.0,5.0,0,0,0,0,1,0,0,0,1,0,0,1
550000000.0,700.0,12.0,8.0,1,1,1,1,0,0,0,0,0,0,1,0
550000000.0,700.0,12.0,8.0,1,1,1,1,0,0,0,0,0,0,1,0
150000000.0,280.0,9.0,5.0,0,0,0,0,0,0,0,0,0,0,1,0
350000000.0,260.0,6.0,5.0,1,1,1,1,1,0,1,0,1,0,0,1
450000000.0,430.0,8.0,8.0,0,1,0,0,1,0,0,0,1,0,1,0
750000000.0,800.0,12.0,7.0,0,1,1,0,0,0,0,0,0,0,1,0
65000000.0,200.0,5.0,4.0,0,0,0,0,0,0,0,0,0,0,1,0
1500000000.0,1200.0,11.0,11.0,0,1,0,0,0,1,0,0,0,0,1,0
300000000.0,700.0,5.0,4.0,1,1,1,1,1,0,0,0,1,0,0,0
75000000.0,230.0,5.0,4.0,0,0,1,1,1,0,0,0,1,0,1,0
160000000.0,385.0,5.0,4.0,0,1,0,1,0,1,0,1,0,0,1,0
140000000.0,230.0,5.0,5.0,0,1,0,1,1,0,0,0,1,1,0,0
240000000.0,360.0,5.0,5.0,0,0,0,0,1,0,0,1,1,1,0,0
950000000.0,800.0,5.0,5.0,1,1,1,1,1,1,0,0,1,0,1,0
36000000.0,200.0,4.0,2.0,0,0,0,0,0,0,0,1,0,1,0,0
150000000.0,250.0,4.0,4.0,1,0,1,0,1,0,0,0,1,0,1,0
150000000.0,300.0,5.0,5.0,1,0,0,1,0,0,0,1,0,0,1,0
165000000.0,300.0,5.0,3.0,1,0,1,1,0,0,0,1,0,0,1,0
180000000.0,500.0,8.0,8.0,1,0,1,1,1,0,0,1,1,0,1,0
1200000000.0,1200.0,7.0,7.0,1,0,1,1,1,0,0,0,1,1,0,0
300000000.0,300.0,5.0,4.0,1,1,1,0,1,1,0,0,1,0,1,0
850000000.0,672.0,4.0,7.0,1,0,1,1,1,1,0,1,1,0,1,0
160000000.0,230.0,5.0,5.0,0,0,1,0,1,1,0,0,1,0,1,0
59000000.0,307.0,4.0,4.0,1,0,1,1,1,1,0,0,1,1,0,0
1200000000.0,1200.0,7.0,5.0,1,0,1,1,1,0,0,0,1,1,0,0
140000000.0,230.0,5.0,5.0,0,1,0,1,1,0,0,0,1,1,0,0
150000000.0,250.0,6.0,5.0,0,0,0,0,0,0,0,0,0,0,1,0
300000000.0,546.0,8.0,8.0,1,0,1,1,1,0,1,0,1,0,1,0
95000000.0,320.0,5.0,4.0,0,0,0,1,0,0,0,0,0,0,1,0
160000000.0,350.0,6.0,4.0,1,0,1,0,0,0,0,0,0,0,1,0
95000000.0,300.0,4.0,3.0,0,0,0,1,0,0,0,0,0,1,0,0
175000000.0,300.0,6.0,4.0,0,0,1,0,0,0,0,0,0,0,1,0
700000000.0,559.0,6.0,4.0,1,1,1,1,1,1,0,1,1,0,1,0
150000000.0,300.0,5.0,4.0,0,1,1,0,0,1,0,0,0,0,1,0
390000000.0,460.0,7.0,7.0,0,1,1,0,0,0,0,1,0,0,1,0
160000000.0,350.0,6.0,5.0,0,0,0,1,0,1,0,1,0,0,1,0
180000000.0,250.0,6.0,4.0,0,0,1,1,0,0,0,1,0,0,1,0
100000000.0,320.0,4.0,3.0,0,0,1,1,0,0,0,1,0,1,0,0
160000000.0,350.0,6.0,4.0,1,0,1,0,0,0,0,0,0,0,1,0
150000000.0,300.0,5.0,4.0,1,0,0,1,0,0,0,1,0,0,1,0
65000000.0,200.0,5.0,4.0,0,0,0,0,0,0,0,0,0,0,1,0
450000000.0,617.0,6.0,6.0,0,0,1,0,1,1,0,1,1,0,1,0
280000000.0,300.0,5.0,4.0,1,1,1,0,1,1,0,0,1,0,1,0
60000000.0,160.0,3.0,1.0,0,0,0,1,1,0,0,1,1,1,0,0
160000000.0,300.0,5.0,4.0,0,0,0,0,0,0,0,1,0,0,0,0
375000000.0,460.0,6.0,4.0,1,1,1,1,1,0,1,1,1,0,1,0
1200000000.0,1200.0,7.0,5.0,1,0,1,1,1,0,0,0,1,1,0,0
130000000.0,427.0,5.0,4.0,0,0,0,1,0,0,0,1,0,0,1,0
185000000.0,300.0,5.0,1.0,1,0,0,1,1,0,0,0,1,0,1,0
70000000.0,200.0,5.0,4.0,0,0,1,0,1,0,0,0,1,0,1,0
1200000000.0,800.0,5.0,4.0,1,1,1,1,1,0,0,0,1,1,0,0
55000000.0,250.0,5.0,5.0,0,0,1,1,1,0,0,0,1,0,1,0
400000000.0,406.0,8.0,5.0,1,0,0,1,1,0,0,1,1,0,1,0
135000000.0,250.0,6.0,5.0,0,0,1,1,0,0,0,0,0,0,1,0
375000000.0,460.0,7.0,6.0,1,1,1,0,1,0,1,1,1,0,1,0
300000000.0,200.0,3.0,2.0,0,0,1,0,1,1,0,1,1,0,0,1
290000000.0,300.0,6.0,4.0,1,1,1,0,1,1,0,1,1,0,1,0
160000000.0,350.0,6.0,5.0,1,0,1,0,0,0,0,1,0,0,1,0
220000000.0,330.0,7.0,7.0,0,1,1,0,1,1,0,1,1,0,1,0
50000000.0,200.0,4.0,3.0,0,0,0,1,1,0,0,1,1,1,0,0
150000000.0,300.0,5.0,4.0,1,0,0,1,0,0,0,1,0,0,1,0
185000000.0,300.0,6.0,5.0,0,1,0,0,0,0,0,1,0,0,1,0
80000000.0,200.0,4.0,3.0,0,0,1,1,0,0,0,1,0,0,1,0
375000000.0,460.0,7.0,5.0,1,1,1,1,1,0,1,1,1,0,1,0
1500000000.0,5000.0,5.0,5.0,0,1,0,0,0,0,0,1,1,0,1,0
10000000.0,150.0,3.0,2.0,0,0,0,0,0,0,0,1,0,1,0,0
1500000000.0,2055.0,1.0,1.0,0,0,0,0,0,0,0,1,0,0,0,0
375000000.0,460.0,7.0,6.0,1,1,1,1,1,0,1,1,1,0,1,0
375000000.0,460.0,7.0,5.0,1,1,1,1,1,0,1,1,1,0,1,0
250000000.0,380.0,7.0,5.0,1,0,1,1,0,0,0,1,0,0,1,0
140000000.0,230.0,4.0,4.0,1,1,1,0,1,0,0,1,1,1,0,0
570000000.0,500.0,9.0,7.0,1,1,1,1,1,0,0,1,1,0,1,0
300000000.0,600.0,6.0,4.0,1,1,1,1,1,1,1,1,1,0,1,0
150000000.0,300.0,5.0,5.0,0,1,1,1,0,1,0,1,0,0,1,0
650000000.0,800.0,9.0,6.0,1,1,1,1,1,0,0,1,1,0,1,0
90000000.0,150.0,4.0,3.0,0,0,1,1,1,0,0,1,1,1,0,0
160000000.0,230.0,5.0,5.0,0,0,1,1,1,0,0,1,1,0,1,0
165000000.0,385.0,6.0,4.0,0,0,1,1,1,0,0,1,1,0,1,0
65000000.0,101.0,3.0,2.0,1,0,0,1,1,0,0,1,1,0,1,0
100000000.0,300.0,5.0,4.0,0,0,0,0,0,0,0,1,0,0,1,0
140000000.0,506.0,4.0,4.0,0,0,1,1,1,0,0,1,1,0,1,1
650000000.0,559.0,6.0,5.0,1,1,0,1,1,0,0,1,1,0,1,0
400000000.0,617.0,8.0,7.0,0,0,1,0,1,1,0,1,1,0,1,0
170000000.0,350.0,5.0,4.0,1,0,1,1,1,1,0,1,1,0,1,0
340000000.0,203.0,6.0,5.0,0,1,1,1,1,0,1,0,1,0,0,1
340000000.0,203.0,6.0,5.0,0,1,1,1,1,0,1,0,1,0,0,1
200000000.0,340.0,7.0,6.0,1,0,1,0,1,0,1,0,1,0,0,1
190000000.0,500.0,8.0,7.0,1,0,1,1,1,0,1,1,1,0,1,0
160000000.0,230.0,5.0,4.0,0,0,1,0,1,1,0,1,1,0,1,0
55000000.0,350.0,4.0,2.0,0,0,0,0,0,0,0,1,0,0,0,0
160000000.0,350.0,6.0,5.0,0,0,0,0,0,1,0,1,0,0,1,0
160000000.0,300.0,5.0,4.0,0,1,1,0,1,0,0,0,1,0,1,0
75000000.0,200.0,4.0,2.0,0,0,0,1,1,0,0,1,1,1,0,0
250000000.0,500.0,5.0,5.0,1,1,1,0,1,0,0,1,1,0,1,0
170000000.0,300.0,5.0,4.0,0,1,1,0,0,0,0,0,0,0,1,0
250000000.0,303.0,5.0,4.0,1,0,1,1,1,1,0,1,1,0,1,0
250000000.0,303.0,5.0,5.0,0,0,1,1,1,1,0,1,1,0,1,0
350000000.0,500.0,7.0,5.0,1,0,1,0,0,1,0,1,1,0,1,0
650000000.0,559.0,6.0,6.0,1,1,0,1,1,0,0,1,1,0,1,0
160000000.0,230.0,5.0,4.0,0,0,1,0,1,1,0,0,1,0,1,0
80000000.0,220.0,5.0,4.0,0,0,0,0,0,0,0,1,0,0,1,0
1600000000.0,2400.0,25.0,30.0,0,1,0,0,1,0,0,0,1,0,0,0
350000000.0,500.0,5.0,5.0,0,0,0,0,0,0,0,0,0,0,1,0
155000000.0,230.0,5.0,5.0,0,0,1,0,1,1,0,0,1,0,1,0
400000000.0,476.0,11.0,8.0,0,1,1,1,1,1,0,1,1,0,0,1
60000000.0,200.0,4.0,4.0,0,0,1,1,1,0,0,1,1,1,0,0
185000000.0,200.0,6.0,4.0,0,0,1,0,1,0,1,0,1,0,1,0
430000000.0,300.0,4.0,4.0,0,1,0,0,0,1,0,0,0,0,1,0
330000000.0,448.0,6.0,3.0,1,0,1,0,0,0,0,0,0,0,1,0
200000000.0,430.0,4.0,3.0,1,0,1,1,1,0,0,0,1,0,1,0
270000000.0,545.0,7.0,4.0,0,0,0,0,0,0,0,0,0,0,0,0
1500000000.0,5000.0,5.0,5.0,0,1,0,0,0,0,0,0,1,0,1,0
350000000.0,450.0,6.0,6.0,0,0,0,0,0,0,0,1,0,0,1,0
350000000.0,450.0,6.0,6.0,0,0,0,0,0,0,0,1,0,0,1,0
160000000.0,300.0,6.0,6.0,0,0,1,1,1,0,1,0,1,0,1,0
120000000.0,250.0,5.0,4.0,0,0,1,1,0,0,0,1,0,0,1,0
170000000.0,300.0,6.0,6.0,1,0,1,1,0,1,0,0,0,0,1,0
65000000.0,230.0,4.0,4.0,0,0,1,1,0,0,0,0,0,1,0,0
320000000.0,203.0,6.0,4.0,0,1,1,1,1,0,0,0,1,0,0,1
1200000000.0,1200.0,7.0,4.0,1,0,1,1,1,0,0,0,1,1,0,0
140000000.0,230.0,5.0,5.0,0,1,0,1,1,0,0,0,1,1,0,0
1400000000.0,1800.0,9.0,6.0,1,1,1,1,1,0,0,0,1,0,1,0
185000000.0,500.0,4.0,3.0,1,1,1,0,0,0,0,1,0,0,1,0
700000000.0,1000.0,12.0,8.0,0,0,1,0,0,0,0,0,0,0,1,0
90000000.0,278.0,4.0,2.0,0,0,1,1,1,0,0,1,1,0,1,0
190000000.0,430.0,5.0,4.0,1,0,1,1,1,0,0,0,1,0,1,0
650000000.0,559.0,6.0,5.0,1,1,0,1,1,0,0,1,1,0,1,0
90000000.0,200.0,5.0,5.0,0,0,1,1,1,0,1,1,1,0,1,0
55000000.0,250.0,4.0,3.0,0,0,1,1,0,0,0,1,0,0,1,0
155000000.0,260.0,5.0,5.0,1,0,1,0,1,1,0,0,1,1,0,0
80000000.0,300.0,3.0,4.0,0,0,1,1,1,0,0,1,1,1,0,0
160000000.0,350.0,6.0,5.0,1,1,0,1,0,0,0,1,0,0,1,0
155000000.0,260.0,6.0,5.0,1,1,1,1,1,0,0,0,1,0,1,0
120000000.0,300.0,5.0,5.0,0,0,1,0,1,0,0,0,1,0,1,0
650000000.0,559.0,6.0,5.0,1,1,0,1,1,1,0,1,1,0,1,0
150000000.0,250.0,5.0,5.0,0,0,1,0,1,1,0,1,1,0,1,0
160000000.0,400.0,7.0,5.0,1,0,1,0,1,0,0,1,1,0,1,0
750000000.0,500.0,7.0,5.0,0,0,0,0,0,0,0,1,0,0,1,0
160000000.0,400.0,5.0,5.0,0,0,1,1,1,1,1,1,1,0,1,0
160000000.0,400.0,7.0,5.0,1,0,1,0,1,0,0,1,1,0,1,0
95000000.0,650.0,6.0,4.0,0,1,1,1,0,0,0,1,0,0,1,0
180000000.0,300.0,6.0,6.0,0,1,0,1,1,1,0,1,1,0,0,1
60000000.0,500.0,5.0,4.0,0,0,1,1,1,1,0,1,1,1,0,0
180000000.0,300.0,5.0,5.0,1,1,1,1,1,0,1,1,1,0,1,0
75000000.0,239.0,4.0,4.0,0,0,1,1,1,0,0,1,1,1,0,0
400000000.0,800.0,10.0,7.0,1,1,1,1,0,0,1,1,0,0,0,1
250000000.0,556.0,5.0,4.0,0,0,0,0,0,0,0,1,0,1,0,0
460000000.0,380.0,7.0,5.0,0,0,1,0,0,1,0,0,0,0,1,0
160000000.0,400.0,8.0,6.0,0,0,0,0,0,1,0,1,0,1,0,0
150000000.0,280.0,4.0,4.0,1,0,0,0,1,0,0,0,1,0,1,0
135000000.0,200.0,5.0,1.0,0,0,1,1,1,0,1,0,1,0,1,1
60000000.0,225.0,5.0,4.0,0,0,1,1,0,1,0,0,0,0,1,0
1800000000.0,1118.0,12.0,8.0,1,0,1,1,1,0,1,0,1,0,1,0
320000000.0,407.0,5.0,4.0,1,1,1,1,1,1,0,1,1,0,1,0
45000000.0,200.0,3.0,2.0,0,0,1,0,0,0,0,1,1,1,0,0
105000000.0,600.0,7.0,7.0,0,0,0,0,0,0,0,0,0,0,1,0
160000000.0,300.0,6.0,4.0,0,1,1,1,1,0,1,1,1,0,1,0
650000000.0,500.0,6.0,7.0,1,0,1,0,1,0,0,1,1,0,0,1
160000000.0,200.0,5.0,1.0,0,0,1,1,1,0,1,1,1,0,1,1
110000000.0,500.0,7.0,6.0,0,0,1,1,0,0,0,1,0,0,1,0
430000000.0,800.0,5.0,2.0,1,0,0,0,1,0,0,1,1,1,0,0
45000000.0,500.0,7.0,7.0,0,1,0,1,0,0,0,1,0,0,1,0
150000000.0,300.0,5.0,5.0,1,0,0,1,0,0,0,1,0,0,1,0
350000000.0,400.0,5.0,4.0,0,0,0,1,1,0,0,1,1,0,1,0
60000000.0,307.0,4.0,4.0,1,0,1,1,1,1,0,1,1,1,0,0
120000000.0,250.0,4.0,2.0,0,0,0,0,0,0,0,1,0,0,1,0
150000000.0,200.0,6.0,6.0,0,0,0,0,0,0,0,1,0,0,1,0
160000000.0,300.0,6.0,4.0,0,0,1,0,1,0,0,0,1,0,1,0
95000000.0,250.0,4.0,2.0,1,0,1,1,1,1,0,1,1,1,0,0
110000000.0,500.0,7.0,5.0,1,0,0,0,0,0,0,1,0,0,1,0
90000000.0,200.0,6.0,4.0,1,0,1,1,0,0,0,0,0,0,1,0
52000000.0,186.0,4.0,2.0,0,0,1,1,0,0,0,1,0,0,0,0
160000000.0,300.0,8.0,5.0,0,1,1,1,1,0,0,0,1,0,1,0
155000000.0,300.0,5.0,4.0,0,0,1,0,0,0,0,0,0,0,1,0
350000000.0,300.0,6.0,6.0,0,0,1,0,1,0,0,0,1,0,1,0
100000000.0,320.0,5.0,4.0,1,0,1,1,1,0,0,1,1,1,0,0
130000000.0,230.0,5.0,4.0,0,0,1,1,1,0,0,1,1,0,1,0
120000000.0,230.0,4.0,4.0,0,0,1,0,0,0,0,0,0,0,1,0
90000000.0,200.0,5.0,4.0,0,0,1,1,0,0,0,1,0,0,1,0
97000000.0,230.0,6.0,4.0,0,0,0,1,0,0,0,1,0,0,0,0
350000000.0,300.0,6.0,4.0,0,0,0,0,0,0,0,0,1,0,1,0
52000000.0,186.0,4.0,2.0,0,0,1,1,0,0,0,1,0,0,0,0
180000000.0,317.0,10.0,7.0,0,0,1,1,1,0,0,1,1,0,1,0
180000000.0,400.0,10.0,10.0,1,0,1,0,0,0,0,0,0,0,1,0
180000000.0,250.0,6.0,4.0,0,0,1,0,1,0,0,0,1,0,1,0
97000000.0,230.0,6.0,4.0,0,0,0,1,0,0,0,1,0,0,0,0
90000000.0,300.0,4.0,4.0,0,0,0,0,0,0,0,1,0,0,1,0
90000000.0,250.0,5.0,5.0,0,0,1,1,0,0,0,1,0,0,1,0
175000000.0,410.0,6.0,3.0,0,0,0,0,1,1,0,0,1,0,1,0
135000000.0,345.0,5.0,6.0,0,0,0,1,1,0,0,0,1,0,1,0
95000000.0,230.0,6.0,6.0,0,0,1,1,1,1,1,0,1,0,1,0
300000000.0,333.0,8.0,8.0,1,1,0,1,0,0,0,1,0,0,0,0
175000000.0,410.0,6.0,5.0,1,1,0,0,1,1,0,0,1,0,1,0
340000000.0,203.0,6.0,6.0,1,1,1,1,1,0,1,0,1,0,0,1
200000000.0,260.0,6.0,5.0,1,0,1,1,1,0,0,1,1,0,1,0
320000000.0,338.0,5.0,7.0,1,1,1,1,1,1,0,0,1,0,1,0
250000000.0,303.0,5.0,5.0,1,0,1,0,0,1,0,1,0,0,1,0
420000000.0,617.0,8.0,6.0,0,0,1,0,1,1,0,1,1,0,0,0
60000000.0,200.0,4.0,4.0,0,0,1,1,0,0,0,1,0,0,1,0
55000000.0,200.0,4.0,4.0,0,0,1,1,1,0,0,1,1,1,0,0
175000000.0,350.0,6.0,6.0,0,0,0,0,0,0,0,0,0,0,1,0
120000000.0,250.0,5.0,5.0,0,0,1,1,1,0,0,1,1,0,1,0
70000000.0,200.0,5.0,4.0,0,0,1,1,0,0,0,1,0,0,1,0
900000000.0,950.0,10.0,9.0,0,0,0,0,0,0,0,0,0,0,1,0
300000000.0,430.0,4.0,2.0,1,1,1,1,0,1,0,1,0,1,0,0
650000000.0,4000.0,12.0,7.0,1,1,0,1,1,0,0,0,1,0,1,0
160000000.0,500.0,6.0,5.0,0,0,1,1,1,0,1,0,1,0,1,0
180000000.0,300.0,6.0,5.0,1,1,1,1,1,1,1,0,1,0,0,1
90000000.0,320.0,4.0,4.0,1,0,1,1,1,0,0,1,1,0,1,0
95000000.0,325.0,6.0,4.0,0,0,0,0,0,1,0,1,0,0,1,0
160000000.0,300.0,5.0,5.0,1,0,1,0,1,1,0,1,1,0,1,0
400000000.0,635.0,5.0,4.0,1,0,1,0,0,0,0,0,0,0,1,0
35000000.0,200.0,4.0,4.0,0,0,0,1,1,1,0,1,1,1,0,0
75000000.0,200.0,5.0,4.0,0,0,1,1,0,0,0,1,0,0,1,0
1800000000.0,2117.0,18.0,18.0,1,0,1,1,1,0,0,1,1,0,0,0
350000000.0,400.0,5.0,5.0,1,0,0,1,0,0,1,1,0,0,1,0
350000000.0,400.0,5.0,3.0,0,0,0,0,0,0,0,1,0,0,1,0
90000000.0,200.0,5.0,5.0,0,0,0,0,0,0,0,0,0,0,1,0
180000000.0,300.0,4.0,4.0,1,0,0,0,0,0,0,0,0,1,0,0
420000000.0,617.0,9.0,9.0,0,0,1,0,1,1,0,1,1,0,1,0
200000000.0,1480.0,8.0,5.0,0,0,0,0,1,0,0,0,1,0,0,0
430000000.0,380.0,8.0,6.0,1,0,0,0,0,0,0,1,0,0,1,0
400000000.0,380.0,8.0,8.0,0,0,1,0,0,0,0,0,0,0,1,0
95000000.0,500.0,6.0,6.0,1,1,1,1,0,1,0,0,0,0,1,0
75000000.0,250.0,4.0,5.0,0,0,1,1,1,0,0,1,1,1,0,0
130000000.0,350.0,5.0,5.0,0,0,0,0,0,0,0,1,0,0,1,0
25000000.0,250.0,4.0,4.0,0,0,0,0,0,0,0,0,0,1,0,0
55000000.0,230.0,5.0,4.0,0,0,0,0,0,0,0,0,0,0,1,0
95000000.0,250.0,4.0,2.0,1,0,1,1,1,0,0,1,1,1,0,0
300000000.0,400.0,5.0,5.0,1,1,0,0,0,1,0,1,1,0,1,0
180000000.0,250.0,6.0,6.0,0,0,1,0,1,0,0,0,1,0,1,0
280000000.0,600.0,5.0,3.0,0,0,1,0,1,0,0,1,1,1,0,0
430000000.0,800.0,5.0,2.0,1,0,1,0,1,0,0,1,1,1,0,0
100000000.0,250.0,5.0,3.0,0,0,0,0,0,0,0,0,0,0,1,0
60000000.0,180.0,3.0,2.0,0,0,1,1,0,0,0,1,0,1,0,0
110000000.0,200.0,7.0,6.0,0,0,1,0,1,0,0,1,1,0,1,0
185000000.0,300.0,7.0,6.0,1,0,1,1,0,0,0,0,0,0,1,0
750000000.0,780.0,7.0,7.0,1,1,0,1,1,0,1,1,1,0,1,0
250000000.0,480.0,7.0,7.0,0,1,0,0,1,0,1,0,1,0,1,0
200000000.0,7.0,7.0,7.0,0,0,0,0,1,1,1,1,1,0,1,0
100000000.0,200.0,4.0,4.0,0,0,0,0,0,0,0,1,0,0,1,0
150000000.0,400.0,7.0,6.0,0,0,1,1,1,1,0,0,1,0,1,0
68000000.0,250.0,5.0,5.0,0,0,1,1,1,0,0,1,1,0,1,0
75000000.0,250.0,4.0,4.0,0,0,1,1,0,0,0,1,0,1,0,0
800000000.0,700.0,12.0,6.0,0,0,1,0,1,0,0,1,1,0,1,0
75000000.0,230.0,5.0,4.0,0,0,1,1,1,0,0,0,1,0,1,0
165000000.0,300.0,5.0,5.0,0,0,1,1,0,0,0,0,0,0,1,0
100000000.0,250.0,4.0,4.0,1,0,1,1,1,1,0,1,1,1,0,0
170000000.0,350.0,5.0,4.0,1,0,1,1,1,1,0,1,1,0,1,0
100000000.0,230.0,6.0,5.0,0,0,1,1,0,0,0,1,0,1,0,0
160000000.0,228.0,5.0,4.0,1,0,0,0,0,0,0,0,0,0,1,0
100000000.0,200.0,5.0,4.0,0,0,1,1,0,0,1,0,0,0,1,0
350000000.0,375.0,4.0,4.0,1,1,1,0,1,0,0,0,1,0,0,1
75000000.0,221.0,5.0,5.0,1,0,1,1,1,0,0,0,1,0,1,0
150000000.0,175.0,5.0,5.0,0,0,0,0,0,0,0,0,0,0,1,0
330000000.0,365.0,7.0,5.0,1,0,1,0,1,0,0,0,1,0,1,0
95000000.0,250.0,4.0,3.0,1,0,1,1,1,1,0,1,1,1,0,0
65000000.0,230.0,4.0,3.0,0,0,0,0,0,0,0,0,0,1,0,0
80000000.0,200.0,7.0,6.0,0,0,1,1,0,0,0,1,0,0,1,0
59000000.0,307.0,4.0,4.0,1,0,1,1,1,1,0,0,1,0,0,0
100000000.0,300.0,4.0,3.0,1,0,1,1,0,0,0,1,0,1,0,0
200000000.0,405.0,4.0,4.0,0,0,0,1,1,1,1,1,1,0,1,0
75000000.0,200.0,5.0,4.0,0,0,0,0,0,0,0,1,0,0,1,0
70000000.0,511.0,5.0,5.0,1,1,0,0,0,0,0,1,0,0,1,0
220000000.0,300.0,5.0,6.0,1,0,1,0,0,0,0,1,0,0,1,0
70000000.0,260.0,4.0,4.0,0,0,1,1,1,0,0,1,1,1,0,0
75000000.0,250.0,4.0,4.0,0,0,0,1,1,0,0,1,1,1,0,0
420000000.0,617.0,9.0,7.0,0,0,1,0,1,1,0,1,1,0,1,0
150000000.0,200.0,5.0,4.0,0,1,1,1,0,1,0,1,0,0,1,0
65000000.0,200.0,4.0,3.0,1,0,1,0,0,0,0,1,0,0,1,0
135000000.0,200.0,5.0,4.0,0,0,1,1,1,0,0,1,1,0,1,0
250000000.0,300.0,4.0,4.0,1,0,1,0,0,0,0,1,0,1,0,0
185000000.0,350.0,5.0,4.0,1,0,0,1,1,0,0,0,1,0,1,0
120000000.0,300.0,5.0,5.0,1,0,1,1,1,0,0,0,1,0,1,0
70000000.0,511.0,5.0,4.0,1,1,0,0,0,0,0,0,0,1,0,0
260000000.0,540.0,5.0,3.0,0,0,1,1,1,0,0,0,1,1,0,0
70000000.0,250.0,5.0,4.0,0,0,1,1,1,0,0,1,1,0,1,0
100000000.0,250.0,5.0,5.0,0,0,0,0,0,0,0,0,0,0,1,0
150000000.0,350.0,5.0,3.0,1,0,1,0,0,0,0,1,0,0,1,0
37000000.0,90.0,4.0,1.0,0,0,1,0,1,0,0,1,1,0,1,0
100000000.0,300.0,4.0,3.0,1,0,1,1,0,0,0,1,0,1,0,0
250000000.0,320.0,7.0,7.0,0,0,0,0,0,0,0,1,0,0,1,0
60000000.0,180.0,3.0,2.0,0,0,1,1,0,0,0,1,0,1,0,0
600000000.0,640.0,9.0,5.0,0,1,0,0,0,1,0,0,0,0,1,0
650000000.0,1800.0,7.0,6.0,1,1,0,0,0,0,0,0,0,0,1,0
420000000.0,617.0,9.0,6.0,1,0,1,0,1,0,0,1,1,0,1,0
200000000.0,350.0,7.0,5.0,0,0,1,0,1,0,0,1,1,0,0,1
135000000.0,200.0,5.0,4.0,0,0,1,1,1,0,0,0,1,0,1,0
75000000.0,230.0,5.0,4.0,0,0,1,1,1,0,0,0,1,0,1,0
110000000.0,200.0,7.0,5.0,0,0,1,0,1,0,0,1,1,0,1,0
420000000.0,617.0,9.0,8.0,1,0,1,0,1,0,0,1,1,0,1,0
175000000.0,300.0,6.0,6.0,0,0,1,1,0,0,0,1,0,0,1,0
250000000.0,303.0,5.0,5.0,1,0,1,1,1,1,0,1,1,0,1,0
250000000.0,303.0,5.0,5.0,0,0,1,1,1,1,0,1,1,0,1,0
2000000000.0,865.0,7.0,4.0,1,1,1,1,1,1,1,0,1,0,1,0
68000000.0,307.0,4.0,4.0,1,0,1,1,1,1,0,0,1,0,1,0
240000000.0,300.0,5.0,3.0,0,1,1,1,1,0,0,0,1,0,1,0
220000000.0,500.0,8.0,8.0,1,0,1,1,1,0,1,1,1,0,1,0
160000000.0,230.0,5.0,5.0,0,0,1,1,1,0,0,0,1,0,1,0
430000000.0,5.0,4.0,5.0,0,1,0,0,0,1,0,0,0,0,1,0
75000000.0,230.0,5.0,5.0,0,0,1,1,1,0,0,0,1,0,1,0
75000000.0,230.0,5.0,5.0,0,0,1,1,1,0,0,0,1,0,1,0
60000000.0,220.0,4.0,3.0,0,0,0,0,0,0,0,0,0,0,0,0
120000000.0,300.0,5.0,5.0,1,0,1,1,1,0,0,0,1,0,1,0
95000000.0,250.0,5.0,5.0,0,0,1,1,0,0,0,1,0,1,0,0
90000000.0,300.0,4.0,4.0,0,0,0,0,0,0,0,0,0,1,0,0
650000000.0,500.0,7.0,7.0,1,0,1,1,1,0,0,0,1,0,1,0
300000000.0,1500.0,6.0,5.0,0,1,1,1,1,0,0,0,1,1,0,0
150000000.0,300.0,5.0,5.0,1,0,1,1,1,0,0,0,1,0,1,0
160000000.0,230.0,5.0,5.0,0,0,1,0,1,1,0,0,1,0,1,0
340000000.0,203.0,6.0,5.0,1,1,1,1,1,0,1,0,1,0,0,1
550000000.0,600.0,9.0,7.0,0,1,1,0,0,1,0,0,0,0,1,0
160000000.0,230.0,5.0,6.0,0,0,1,0,1,1,0,0,1,0,1,0
55000000.0,200.0,4.0,4.0,0,0,0,0,0,0,0,0,0,0,0,0
350000000.0,203.0,5.0,4.0,1,1,1,1,1,0,1,0,1,0,1,1
250000000.0,320.0,5.0,5.0,1,1,1,0,0,1,0,1,0,0,1,0
340000000.0,203.0,6.0,5.0,1,1,1,1,1,0,1,0,1,0,0,1
150000000.0,300.0,5.0,5.0,1,0,1,1,1,0,0,0,1,0,1,0
200000000.0,320.0,4.0,3.0,1,0,0,1,1,0,0,0,1,1,0,0
65000000.0,250.0,4.0,4.0,0,0,0,0,0,0,0,0,0,1,0,0
450000000.0,1000.0,6.0,5.0,0,0,0,0,0,0,0,0,0,0,1,0
300000000.0,548.0,10.0,4.0,0,0,0,1,1,0,0,0,1,1,0,0
70000000.0,250.0,5.0,4.0,0,0,1,1,1,0,1,1,1,0,1,0
200000000.0,340.0,7.0,7.0,1,0,1,0,1,0,0,0,1,1,0,1
190000000.0,300.0,9.0,8.0,0,0,1,1,1,0,0,0,1,0,1,0
340000000.0,203.0,6.0,6.0,1,1,1,1,1,0,1,0,1,0,0,1
80000000.0,300.0,4.0,4.0,0,0,0,0,0,0,0,0,0,1,0,0
650000000.0,800.0,9.0,6.0,1,1,1,0,1,0,0,0,1,0,1,0
135000000.0,600.0,5.0,4.0,1,0,1,1,0,0,1,1,0,0,1,0
70000000.0,511.0,5.0,4.0,1,1,0,1,1,0,0,1,1,1,0,0
500000000.0,1350.0,6.0,5.0,1,0,1,0,0,0,0,0,0,1,0,0
750000000.0,780.0,7.0,6.0,1,1,1,1,1,0,1,1,1,0,1,0
95000000.0,300.0,5.0,5.0,0,0,1,1,1,0,1,1,1,0,1,0
250000000.0,350.0,9.0,6.0,1,0,1,1,0,0,0,1,0,0,1,0
340000000.0,500.0,8.0,5.0,1,1,1,1,1,0,0,0,1,0,1,0
180000000.0,255.0,5.0,4.0,1,1,1,0,0,0,0,0,0,0,1,0
220000000.0,303.0,5.0,4.0,1,0,1,1,1,1,0,1,1,0,1,0
300000000.0,1000.0,10.0,8.0,0,0,0,0,0,0,0,0,0,0,1,0
340000000.0,500.0,8.0,4.0,1,1,1,1,1,0,0,0,1,0,1,0
55000000.0,250.0,3.0,3.0,0,0,1,1,1,0,0,0,1,1,0,0
280000000.0,333.0,8.0,7.0,0,1,0,0,1,1,1,1,1,0,1,0
350000000.0,450.0,5.0,4.0,1,1,1,1,1,0,0,1,1,0,1,0
390000000.0,600.0,8.0,6.0,0,1,0,0,0,0,0,1,1,0,1,0
90000000.0,300.0,5.0,5.0,1,0,1,1,0,0,0,1,0,1,0,0
180000000.0,400.0,6.0,3.0,1,0,1,0,1,0,0,0,1,0,1,0
170000000.0,260.0,6.0,6.0,0,0,0,1,1,0,0,0,1,0,1,0
400000000.0,400.0,10.0,6.0,1,1,0,0,1,0,0,0,1,0,1,0
180000000.0,230.0,6.0,1.0,0,0,1,1,1,1,0,1,1,0,0,0
275000000.0,300.0,9.0,5.0,0,0,1,0,1,0,0,1,1,0,1,0
180000000.0,255.0,5.0,5.0,1,1,1,0,0,0,0,0,0,0,1,0
300000000.0,600.0,6.0,5.0,0,0,0,0,1,1,0,1,1,0,1,0
300000000.0,500.0,9.0,8.0,1,0,1,1,1,0,1,1,1,0,1,0
450000000.0,430.0,8.0,8.0,0,1,0,0,1,0,0,0,1,0,1,0
260000000.0,300.0,5.0,4.0,1,0,1,1,1,1,0,0,1,0,1,0
275000000.0,1200.0,6.0,4.0,1,0,0,0,1,1,0,0,1,1,0,1
340000000.0,203.0,6.0,4.0,0,1,1,1,1,0,0,0,1,0,0,1
180000000.0,300.0,6.0,4.0,0,1,1,0,1,1,1,0,1,0,0,1
350000000.0,250.0,8.0,5.0,0,1,0,0,1,0,0,0,1,0,0,1
390000000.0,600.0,8.0,6.0,0,1,0,0,0,0,0,1,1,0,1,0
250000000.0,500.0,5.0,4.0,0,1,1,0,1,0,0,0,1,0,1,0
120000000.0,300.0,5.0,4.0,0,0,1,1,1,0,1,0,1,0,1,0
350000000.0,545.0,7.0,5.0,0,0,0,0,0,0,0,0,0,1,0,0
450000000.0,600.0,7.0,6.0,0,1,1,1,1,0,0,0,1,0,1,0
130000000.0,260.0,5.0,4.0,0,0,1,1,1,0,0,0,1,0,1,0
250000000.0,400.0,10.0,7.0,0,0,0,0,0,0,0,0,0,0,1,0
160000000.0,480.0,6.0,4.0,1,0,1,1,1,1,0,1,1,1,0,0
450000000.0,300.0,6.0,6.0,0,1,0,0,0,0,0,0,0,0,1,0
310000000.0,654.0,6.0,4.0,1,1,1,1,1,0,0,1,1,0,0,0
200000000.0,600.0,3.0,3.0,0,1,0,0,0,0,0,0,0,0,0,0
160000000.0,452.0,8.0,5.0,1,0,1,0,1,1,1,1,1,0,0,0
580000000.0,640.0,6.0,6.0,1,1,1,0,1,1,0,1,1,0,1,0
130000000.0,300.0,6.0,6.0,0,0,1,1,1,0,0,0,1,0,0,1
190000000.0,400.0,6.0,6.0,0,0,0,1,1,0,1,1,1,0,1,0
180000000.0,400.0,6.0,5.0,1,0,1,0,1,0,0,0,1,0,1,0
35000000.0,200.0,3.0,3.0,0,0,0,1,0,0,0,1,0,1,0,0
90000000.0,300.0,5.0,4.0,1,0,1,1,0,0,0,1,0,1,0,0
580000000.0,600.0,6.0,6.0,1,1,1,0,1,1,0,1,1,0,1,0
70000000.0,160.0,5.0,4.0,0,0,1,0,1,0,0,0,1,0,1,0
180000000.0,410.0,7.0,6.0,0,0,0,0,0,0,0,1,0,0,1,0
110000000.0,300.0,4.0,4.0,0,0,0,0,0,1,0,1,0,0,1,0
450000000.0,430.0,8.0,4.0,0,1,0,0,1,0,0,0,1,0,1,0
180000000.0,400.0,6.0,3.0,1,0,1,0,1,0,0,0,1,0,1,0
190000000.0,405.0,7.0,6.0,0,0,0,1,1,0,1,1,1,0,1,0
190000000.0,4.0,6.0,6.0,0,0,0,1,1,0,1,1,1,0,1,0
55000000.0,200.0,4.0,3.0,0,0,0,1,1,1,0,1,1,1,0,0
2000000000.0,1500.0,8.0,4.0,1,1,1,1,1,1,1,1,1,0,1,0
190000000.0,405.0,6.0,6.0,0,0,0,1,1,0,1,1,1,0,1,0
45000000.0,250.0,4.0,4.0,0,0,0,0,0,0,0,0,0,0,0,0
250000000.0,220.0,6.0,4.0,0,1,0,1,0,1,0,1,0,0,1,0
180000000.0,348.0,8.0,4.0,0,0,1,1,1,0,1,1,1,0,1,0
120000000.0,230.0,5.0,5.0,0,0,0,0,0,0,0,0,0,0,0,0
580000000.0,600.0,6.0,4.0,1,1,1,0,1,1,0,1,1,0,1,0
170000000.0,260.0,6.0,4.0,0,0,0,1,1,1,0,1,1,0,1,0
650000000.0,780.0,12.0,6.0,0,1,0,0,0,0,0,0,0,0,1,0
1300000000.0,1200.0,15.0,8.0,0,1,0,0,0,0,0,0,0,0,1,0
95000000.0,300.0,6.0,6.0,1,0,0,1,0,0,0,0,0,0,1,0
110000000.0,200.0,5.0,5.0,1,0,0,0,1,0,0,0,1,0,1,0
280000000.0,333.0,8.0,6.0,0,1,0,1,1,1,1,1,1,0,1,0
75000000.0,221.0,5.0,5.0,0,0,1,1,1,0,0,0,1,0,1,0
250000000.0,500.0,8.0,7.0,1,0,1,1,1,0,0,1,1,0,1,0
65000000.0,280.0,4.0,4.0,0,0,0,0,0,0,0,1,0,0,1,0
170000000.0,260.0,6.0,4.0,0,0,0,1,1,1,0,0,1,0,1,0
120000000.0,250.0,5.0,4.0,0,0,1,0,1,0,0,0,1,0,1,0
195000000.0,300.0,6.0,4.0,0,0,0,0,0,0,0,1,0,0,0,0
120000000.0,250.0,5.0,5.0,0,0,1,0,1,1,0,0,1,0,1,0
90000000.0,600.0,9.0,9.0,0,0,0,1,0,0,0,0,0,0,1,0
250000000.0,303.0,5.0,5.0,0,0,1,1,1,1,0,1,1,0,1,0
55000000.0,200.0,4.0,2.0,0,0,1,1,1,0,0,0,1,1,0,0
760000000.0,900.0,10.0,7.0,1,0,1,0,0,0,0,0,0,1,0,0
250000000.0,390.0,5.0,3.0,1,0,1,1,0,1,0,1,0,1,0,0
240000000.0,360.0,5.0,2.0,0,0,0,0,1,0,0,1,1,1,0,0
68000000.0,160.0,5.0,4.0,0,0,1,1,1,0,0,0,1,0,1,0
165000000.0,300.0,6.0,7.0,1,0,1,1,1,1,0,0,1,0,1,0
60000000.0,200.0,4.0,4.0,0,0,1,1,1,0,0,0,1,1,0,0
150000000.0,750.0,4.0,4.0,1,0,1,0,1,0,0,0,1,1,0,0
580000000.0,640.0,6.0,5.0,1,1,1,0,1,1,0,0,1,0,1,0
160000000.0,230.0,5.0,4.0,0,0,1,0,1,1,0,0,1,0,1,0
580000000.0,640.0,6.0,5.0,1,1,1,0,1,1,0,0,1,0,1,0
200000000.0,210.0,7.0,6.0,0,1,1,0,1,1,1,0,1,0,0,0
55000000.0,250.0,4.0,2.0,0,0,1,1,0,0,0,1,0,0,0,0
500000000.0,270.0,3.0,1.0,1,1,1,1,0,1,0,0,0,0,1,0
160000000.0,230.0,5.0,4.0,1,0,1,1,1,0,0,0,1,0,1,0
900000000.0,640.0,6.0,4.0,1,1,1,1,1,0,0,0,1,0,1,0
1600000000.0,1200.0,13.0,10.0,0,1,0,1,1,0,0,0,1,0,0,1
52000000.0,200.0,5.0,5.0,0,0,0,0,0,0,0,0,0,0,1,0
35000000.0,150.0,3.0,2.0,0,0,0,1,0,0,0,0,0,1,0,0
160000000.0,230.0,5.0,5.0,0,0,1,0,1,0,0,0,1,0,1,0
170000000.0,313.0,5.0,4.0,0,0,0,0,0,1,0,1,0,0,1,0
150000000.0,750.0,4.0,4.0,1,0,1,0,1,0,0,0,1,1,0,0
200000000.0,400.0,4.0,6.0,0,0,0,1,1,0,1,1,1,0,1,0
80000000.0,130.0,4.0,3.0,0,0,0,0,0,0,0,0,0,1,0,0
160000000.0,210.0,7.0,6.0,1,0,0,1,0,0,0,1,0,0,1,0
95000000.0,300.0,6.0,5.0,0,0,0,0,0,0,0,0,0,0,1,0
350000000.0,203.0,6.0,4.0,0,1,1,1,0,0,0,0,0,0,0,1
1500000000.0,848.0,8.0,5.0,1,0,1,0,0,0,0,0,0,0,0,1
270000000.0,500.0,4.0,3.0,1,0,1,1,1,1,0,1,1,1,0,0
45000000.0,200.0,4.0,3.0,0,0,0,0,0,0,0,1,0,1,0,0
650000000.0,525.0,6.0,4.0,1,0,1,0,1,0,0,0,1,0,0,1
1200000000.0,1200.0,10.0,5.0,0,0,0,0,0,0,0,0,0,1,0,0
250000000.0,250.0,5.0,4.0,0,0,1,1,1,1,0,1,1,0,1,0
145000000.0,310.0,5.0,4.0,1,0,1,1,1,0,1,0,1,0,1,0
75000000.0,251.0,5.0,3.0,0,0,1,1,1,0,0,1,1,1,0,0
580000000.0,640.0,6.0,4.0,1,1,1,0,1,1,0,0,1,0,1,0
110000000.0,800.0,6.0,3.0,0,0,1,1,1,0,0,0,1,0,0,0
580000000.0,640.0,6.0,4.0,1,1,1,0,1,1,0,0,1,0,1,0
200000000.0,400.0,5.0,3.0,0,0,0,0,0,0,0,0,0,1,0,0
50460000.0,250.0,5.0,5.0,0,0,0,0,0,0,0,0,0,0,1,0
35460000.0,300.0,4.0,4.0,0,0,0,0,0,0,0,0,0,1,0,0
320000000.0,400.0,6.0,5.0,0,0,0,0,1,0,1,0,1,0,1,0
90000000.0,300.0,5.0,3.0,1,0,1,0,1,0,0,0,1,1,0,0
270000000.0,600.0,7.0,5.0,0,0,0,0,0,0,0,1,0,0,1,0
580000000.0,640.0,6.0,5.0,1,1,1,0,1,1,0,0,1,0,1,0
150000000.0,280.0,5.0,4.0,0,0,0,0,0,0,0,0,0,0,1,0
150000000.0,350.0,7.0,4.0,1,0,1,1,1,1,0,1,1,0,1,0
150000000.0,350.0,7.0,4.0,1,0,1,1,1,0,0,1,1,0,1,0
350000000.0,600.0,6.0,5.0,1,1,0,0,1,1,0,1,1,0,1,0
120000000.0,230.0,5.0,5.0,0,0,0,0,0,0,0,0,0,0,1,0
150000000.0,350.0,7.0,4.0,1,0,1,1,1,0,0,1,1,0,1,0
150000000.0,350.0,7.0,5.0,1,0,1,1,1,0,0,1,1,0,1,0
30000000.0,225.0,2.0,2.0,0,0,1,0,1,1,0,1,1,0,0,0
50000000.0,150.0,4.0,3.0,0,0,1,0,0,0,0,0,0,0,0,0
120000000.0,300.0,4.0,3.0,1,0,1,1,1,0,0,1,1,0,1,0
90000000.0,275.0,4.0,4.0,0,0,1,1,1,1,0,1,1,1,0,0
900000000.0,640.0,6.0,5.0,1,1,1,1,1,1,0,0,1,0,1,0
480000000.0,465.0,7.0,4.0,1,1,1,0,1,1,1,1,1,0,1,0
320000000.0,300.0,5.0,5.0,1,1,0,0,0,1,0,1,1,0,1,0
150000000.0,350.0,7.0,4.0,1,0,1,1,1,0,0,1,1,0,1,0
65000000.0,200.0,4.0,4.0,0,0,1,0,1,1,0,1,1,0,1,0
2300000000.0,2000.0,12.0,5.0,1,0,0,0,0,1,0,1,0,0,1,0
240000000.0,360.0,5.0,4.0,0,0,0,0,1,0,0,1,1,1,0,0
110000000.0,320.0,4.0,4.0,0,0,0,0,0,0,0,1,0,0,1,0
2300000000.0,2000.0,12.0,12.0,1,0,0,0,0,1,0,1,0,0,1,0
150000000.0,210.0,6.0,4.0,0,0,1,0,1,0,0,1,1,0,1,0
280000000.0,400.0,8.0,6.0,0,0,0,1,0,0,0,1,0,0,1,0
165000000.0,452.0,7.0,7.0,0,1,1,1,1,1,1,1,1,0,1,0
360000000.0,203.0,6.0,5.0,1,1,1,1,1,0,1,1,1,0,0,1
850000000.0,1700.0,17.0,16.0,1,1,1,0,0,0,0,1,0,0,1,0
650000000.0,500.0,6.0,5.0,1,0,1,0,1,0,0,1,1,0,0,1
160000000.0,230.0,5.0,4.0,0,0,0,0,0,0,0,0,0,0,1,0
190000000.0,450.0,6.0,4.0,1,0,1,1,1,1,0,0,1,0,1,0
255000000.0,376.0,7.0,7.0,0,0,1,1,1,1,1,1,1,0,1,0
350000000.0,700.0,7.0,8.0,0,0,0,0,0,0,0,0,0,1,0,0
350000000.0,500.0,7.0,5.0,0,1,1,1,1,0,1,0,1,0,1,0
800000000.0,1000.0,7.0,5.0,1,0,1,1,1,0,0,0,1,1,0,0
160000000.0,230.0,5.0,5.0,0,0,1,0,1,0,0,0,1,0,1,0
95000000.0,500.0,5.0,4.0,1,1,0,1,1,0,0,0,1,0,1,0
450000000.0,300.0,5.0,4.0,0,1,1,1,1,0,0,0,1,0,1,0
265000000.0,492.0,5.0,5.0,1,0,0,0,0,1,0,1,0,0,1,0
240000000.0,360.0,5.0,3.0,0,0,0,0,1,0,0,1,1,1,0,0
240000000.0,360.0,5.0,5.0,0,0,0,0,1,0,0,1,1,1,0,0
900000000.0,400.0,6.0,6.0,1,1,1,0,1,1,0,1,1,0,1,0
750000000.0,898.0,6.0,4.0,0,0,0,0,0,1,0,0,0,1,0,0
650000000.0,500.0,6.0,4.0,1,0,1,0,1,0,0,0,1,0,0,1
650000000.0,500.0,6.0,5.0,1,0,1,0,1,0,0,0,1,0,0,1
850000000.0,1700.0,17.0,10.0,1,1,1,0,0,0,0,0,0,0,1,0
185000000.0,250.0,6.0,4.0,0,1,1,0,0,0,0,1,0,0,0,1
170000000.0,400.0,5.0,2.0,0,1,1,1,1,0,0,1,1,0,1,0
125000000.0,300.0,4.0,3.0,0,0,0,1,0,0,0,1,0,1,0,0
150000000.0,350.0,7.0,6.0,1,0,1,1,1,0,0,1,1,0,1,0
250000000.0,376.0,7.0,5.0,0,0,1,1,1,0,0,1,1,0,1,0
300000000.0,300.0,8.0,6.0,0,1,1,0,1,0,0,0,1,0,0,0
350000000.0,203.0,6.0,6.0,0,1,1,1,0,0,0,0,0,0,0,1
40000000.0,210.0,4.0,4.0,0,0,1,1,1,0,0,0,1,1,0,0
120000000.0,300.0,6.0,5.0,0,0,1,1,0,1,0,1,0,1,0,0
250000000.0,380.0,5.0,4.0,0,0,0,1,0,0,0,1,0,1,0,0
480000000.0,465.0,7.0,7.0,1,1,0,0,1,1,0,1,1,0,1,0
120000000.0,300.0,4.0,6.0,1,0,1,1,1,0,0,1,1,0,1,0
56000000.0,200.0,4.0,3.0,0,0,1,1,1,0,0,1,1,1,0,0
110000000.0,200.0,5.0,5.0,1,0,1,0,1,0,0,1,1,0,1,0
350000000.0,5.0,5.0,5.0,1,1,1,1,0,0,0,1,0,0,1,0
500000000.0,600.0,10.0,9.0,1,1,1,1,1,1,1,1,1,0,1,1
130000000.0,200.0,4.0,3.0,0,1,1,1,0,0,0,1,0,0,1,0
85000000.0,200.0,5.0,5.0,0,0,1,1,1,0,1,1,1,0,1,0
360000000.0,250.0,8.0,7.0,1,1,1,1,1,1,0,1,1,0,0,1
100000000.0,500.0,6.0,5.0,1,1,1,1,0,1,0,0,0,0,1,0
1250000000.0,1276.0,8.0,5.0,0,1,0,0,0,0,0,0,0,0,1,0
110000000.0,200.0,5.0,5.0,1,0,1,0,1,0,0,1,1,0,1,0
180000000.0,300.0,5.0,5.0,0,1,0,1,1,0,0,1,1,0,1,0
2500000000.0,1667.0,5.0,4.0,0,1,0,0,1,0,0,0,1,0,1,0
39900000.0,200.0,3.0,2.0,0,0,0,1,0,0,0,1,0,1,0,0
115000000.0,300.0,4.0,3.0,0,0,1,1,0,1,0,1,0,1,0,0
140000000.0,200.0,6.0,5.0,0,0,1,1,0,0,0,0,0,0,0,1
80000000.0,230.0,4.0,4.0,0,0,0,1,0,1,0,0,0,0,1,0
350000000.0,300.0,7.0,6.0,0,1,1,1,1,0,0,0,1,0,1,0
170000000.0,300.0,5.0,5.0,0,0,1,1,1,0,1,1,1,0,1,0
35900000.0,150.0,4.0,2.0,0,0,0,0,0,0,0,0,0,1,0,0
60000000.0,300.0,5.0,4.0,0,0,1,1,0,1,0,0,0,0,1,0
300000000.0,390.0,8.0,8.0,0,0,0,0,1,0,0,1,1,0,1,0
155000000.0,350.0,6.0,6.0,0,0,0,0,0,0,0,1,0,0,1,0
280000000.0,400.0,9.0,5.0,0,0,0,1,0,0,0,0,0,0,1,0
120000000.0,300.0,8.0,6.0,1,1,1,1,1,0,1,0,1,0,1,0
1200000000.0,1240.0,6.0,8.0,1,1,1,1,1,0,0,0,1,0,1,0
170000000.0,300.0,5.0,4.0,1,0,1,0,1,1,0,1,1,0,1,0
150000000.0,200.0,9.0,7.0,0,0,1,0,1,0,0,1,1,1,0,1
280000000.0,401.0,8.0,4.0,0,1,1,0,1,1,0,1,1,0,1,0
60000000.0,300.0,5.0,4.0,0,0,1,1,0,0,0,0,0,0,1,0
350000000.0,400.0,8.0,8.0,0,1,1,0,1,1,0,1,1,0,1,0
60000000.0,300.0,5.0,4.0,0,0,1,1,0,1,0,0,0,0,1,0
75000000.0,175.0,3.0,2.0,0,0,1,0,1,1,0,0,1,1,0,0
60000000.0,300.0,5.0,4.0,0,0,1,1,0,1,0,0,0,0,1,0
310000000.0,300.0,6.0,5.0,0,1,1,0,1,1,0,0,1,0,0,1
60000000.0,300.0,5.0,4.0,0,0,1,1,0,1,0,0,0,0,1,0
60000000.0,300.0,5.0,4.0,0,0,1,1,0,1,0,0,0,0,1,0
200000000.0,400.0,6.0,3.0,0,0,0,0,0,0,0,0,0,0,0,0
60000000.0,300.0,5.0,4.0,0,0,1,1,0,1,0,0,0,0,1,0
300000000.0,490.0,8.0,8.0,0,0,0,0,0,0,0,0,0,0,1,0
60000000.0,300.0,5.0,4.0,0,0,1,1,0,1,0,0,0,0,1,0
125000000.0,200.0,6.0,4.0,0,0,0,0,0,0,0,0,0,0,1,0
280000000.0,400.0,6.0,4.0,1,0,1,1,0,0,0,0,0,0,0,0
2000000000.0,2200.0,17.0,17.0,0,0,0,0,1,1,0,0,1,0,0,1
300000000.0,300.0,8.0,6.0,0,1,1,0,1,0,0,1,1,0,1,0
200000000.0,400.0,4.0,3.0,1,0,1,0,0,0,0,1,0,1,0,0
130000000.0,400.0,5.0,4.0,0,0,0,0,0,0,0,0,0,0,1,0
130000000.0,263.0,5.0,4.0,0,0,0,0,0,0,0,0,0,0,1,0
90000000.0,4.0,4.0,4.0,0,0,0,0,0,0,0,0,0,0,0,0
580000000.0,600.0,6.0,6.0,1,1,1,0,1,1,0,1,1,0,1,0
60000000.0,300.0,5.0,4.0,0,0,1,1,0,1,0,0,0,0,1,0
60000000.0,300.0,5.0,4.0,0,0,1,1,0,1,0,0,0,0,1,0
170000000.0,300.0,6.0,5.0,0,1,1,1,1,0,1,1,1,0,1,0
60000000.0,300.0,5.0,4.0,0,0,1,1,0,1,0,0,0,0,1,0
400000000.0,300.0,5.0,4.0,1,0,0,0,0,0,0,0,0,0,1,0
255000000.0,376.0,7.0,1.0,0,0,1,1,1,1,1,1,1,0,1,0
340000000.0,300.0,7.0,4.0,0,1,1,1,1,1,0,0,1,0,1,0
75000000.0,230.0,5.0,4.0,0,0,1,1,1,0,0,0,1,0,1,0
100000000.0,5.0,5.0,4.0,0,0,1,1,1,0,0,1,1,0,1,0
60000000.0,300.0,5.0,4.0,0,0,1,1,0,1,0,0,0,0,1,0
90000000.0,300.0,4.0,3.0,0,0,0,0,0,0,0,0,0,0,0,0
60000000.0,300.0,5.0,4.0,0,0,1,1,0,1,0,0,0,0,1,0
140000000.0,200.0,8.0,4.0,0,0,1,0,1,0,1,0,1,0,0,1
150000000.0,236.0,11.0,8.0,0,0,1,1,1,0,0,1,1,0,1,0
130000000.0,230.0,5.0,4.0,0,0,0,0,0,0,0,1,0,0,1,0
150000000.0,250.0,5.0,4.0,0,0,1,1,1,0,0,1,1,0,1,0
180000000.0,410.0,7.0,5.0,0,0,0,0,0,0,0,1,0,0,1,0
65000000.0,200.0,5.0,4.0,0,0,1,0,0,0,0,0,0,0,1,0
120000000.0,230.0,5.0,5.0,0,0,0,0,0,0,0,1,0,0,1,0
150000000.0,236.0,10.0,8.0,0,0,1,1,1,1,0,1,1,0,1,0
170000000.0,200.0,7.0,6.0,1,1,0,1,0,0,0,0,0,0,1,0
900000000.0,400.0,6.0,5.0,1,1,1,0,1,1,0,1,1,0,1,0
35000000.0,200.0,4.0,3.0,0,0,0,0,0,0,0,0,0,0,0,0
35000000.0,200.0,4.0,3.0,0,0,0,0,0,0,0,0,0,0,0,0
270000000.0,1000.0,10.0,9.0,0,0,0,0,0,1,0,0,0,0,1,0
230000000.0,397.0,4.0,4.0,1,0,1,0,0,0,0,0,0,1,0,0
350000000.0,530.0,8.0,7.0,0,1,1,1,0,0,1,1,0,0,1,0
300000000.0,350.0,7.0,7.0,0,1,1,0,1,0,0,0,1,0,1,0
155000000.0,265.0,5.0,5.0,0,0,1,1,0,0,0,0,0,0,1,0
145000000.0,155.0,4.0,4.0,0,0,0,0,0,0,0,0,0,1,0,0
145000000.0,285.0,4.0,5.0,1,0,1,1,0,0,0,1,0,1,0,0
28000000.0,240.0,4.0,4.0,0,0,0,1,0,0,0,0,0,1,0,0
350000000.0,300.0,6.0,6.0,0,1,0,1,1,0,0,0,1,0,0,1
350000000.0,654.0,5.0,4.0,1,1,1,1,1,0,0,1,1,1,0,0
600000000.0,970.0,9.0,9.0,1,0,1,1,0,0,0,1,0,0,1,0
65000000.0,220.0,4.0,4.0,0,0,0,0,0,0,0,0,0,0,0,0
170000000.0,400.0,8.0,7.0,0,0,0,1,0,0,0,1,0,0,1,0
230000000.0,397.0,4.0,2.0,1,0,1,0,0,0,0,1,0,0,0,0
180000000.0,400.0,7.0,7.0,1,0,1,0,1,0,0,1,1,0,1,0
75000000.0,200.0,4.0,4.0,0,0,0,0,1,0,0,1,1,1,0,0
300000000.0,1000.0,10.0,7.0,0,0,0,0,0,0,0,0,0,0,1,0
230000000.0,397.0,4.0,4.0,1,0,1,0,0,0,0,0,0,1,0,0
120000000.0,220.0,5.0,5.0,0,0,0,0,0,0,0,1,0,0,1,0
160000000.0,230.0,5.0,5.0,0,0,1,0,1,1,0,0,1,0,1,0
200000000.0,400.0,5.0,4.0,0,0,0,0,0,0,0,0,0,0,1,0
180000000.0,300.0,5.0,4.0,0,0,0,0,0,0,0,1,0,0,1,0
1200000000.0,1240.0,8.0,5.0,1,1,1,0,0,0,0,0,0,0,1,0
170000000.0,410.0,8.0,6.0,0,0,0,1,0,0,0,1,0,0,1,0
900000000.0,400.0,6.0,4.0,1,1,1,0,1,1,0,1,1,0,1,0
180000000.0,300.0,5.0,4.0,0,0,0,0,0,0,0,1,0,0,1,0
95000000.0,350.0,5.0,4.0,1,0,1,1,1,1,0,1,1,0,1,0
70000000.0,200.0,4.0,3.0,0,0,1,1,0,0,0,0,0,1,0,0
160000000.0,230.0,5.0,4.0,0,0,1,0,1,1,0,0,1,0,1,0
65000000.0,141.0,4.0,3.0,0,0,1,0,0,0,0,0,0,0,0,0
600000000.0,600.0,7.0,7.0,0,1,1,0,1,0,0,1,1,0,1,0
540000000.0,617.0,6.0,10.0,0,0,1,0,1,1,0,1,1,0,0,0
150000000.0,400.0,4.0,4.0,1,0,0,0,1,1,0,1,1,0,1,0
500000000.0,465.0,7.0,7.0,1,1,0,0,1,1,0,1,1,0,1,0
130000000.0,300.0,7.0,3.0,0,0,1,0,0,1,1,1,0,0,1,0
130000000.0,250.0,7.0,6.0,0,0,1,1,1,0,1,1,1,0,1,0
250000000.0,600.0,10.0,7.0,0,0,1,0,0,0,0,1,0,0,1,0
160000000.0,200.0,7.0,5.0,0,0,0,1,0,0,0,0,0,0,1,0
125000000.0,230.0,5.0,4.0,0,0,0,1,0,0,0,0,0,0,1,0
150000000.0,250.0,10.0,7.0,0,0,0,0,0,1,0,1,0,0,1,0
450000000.0,617.0,9.0,6.0,0,0,1,0,1,1,0,1,1,0,1,0
170000000.0,230.0,5.0,4.0,0,0,1,0,1,1,0,0,1,0,1,0
180000000.0,200.0,5.0,3.0,0,1,1,0,1,0,1,1,1,0,1,0
135000000.0,300.0,5.0,4.0,1,0,1,0,0,1,0,1,0,0,1,0
160000000.0,230.0,5.0,5.0,0,0,1,0,1,1,0,1,1,0,1,0
900000000.0,400.0,6.0,6.0,1,1,1,0,1,1,0,1,1,0,1,0
900000000.0,400.0,6.0,5.0,1,1,1,0,1,1,0,1,1,0,1,0
75000000.0,300.0,4.0,2.0,0,0,0,0,0,0,0,1,0,0,1,0
57000000.0,180.0,4.0,4.0,0,0,1,1,0,0,0,1,0,1,0,0
130000000.0,250.0,7.0,6.0,0,0,1,0,1,0,1,1,1,0,1,0
230000000.0,397.0,4.0,4.0,1,0,1,0,0,1,0,1,0,1,0,0
130000000.0,300.0,7.0,6.0,0,0,1,1,1,0,1,1,1,0,1,0
150000000.0,350.0,7.0,5.0,1,0,1,1,1,0,0,1,1,0,1,0
160000000.0,230.0,5.0,5.0,0,0,1,0,1,1,0,1,1,0,1,0
70000000.0,500.0,6.0,5.0,0,0,0,0,0,0,0,1,0,0,1,0
55000000.0,250.0,4.0,3.0,0,0,0,0,0,0,0,0,0,0,0,0
380000000.0,500.0,9.0,8.0,1,0,1,1,1,0,1,1,1,0,1,0
160000000.0,400.0,7.0,5.0,0,0,1,1,1,0,0,1,1,0,1,0
600000000.0,610.0,5.0,4.0,1,0,1,1,1,0,0,0,1,0,0,0
80000000.0,220.0,6.0,4.0,0,0,0,0,0,0,0,0,0,0,1,0
95000000.0,300.0,5.0,3.0,0,0,0,0,0,0,0,1,0,1,0,0
650000000.0,800.0,9.0,6.0,1,1,1,1,1,0,0,0,1,0,1,0
160000000.0,230.0,5.0,4.0,0,0,1,0,1,1,0,0,1,0,1,0
90000000.0,300.0,5.0,4.0,1,0,1,1,1,0,0,1,1,1,0,0
240000000.0,360.0,5.0,2.0,0,0,0,0,1,0,0,1,1,1,0,0
680000000.0,500.0,7.0,5.0,1,1,1,0,0,0,0,0,0,0,1,0
180000000.0,400.0,7.0,5.0,1,0,0,1,0,0,0,1,0,0,1,0
150000000.0,200.0,4.0,4.0,1,0,0,0,1,1,0,1,1,0,1,0
45000000.0,300.0,4.0,3.0,0,0,1,1,1,0,0,1,1,1,0,0
320000000.0,380.0,8.0,8.0,1,1,1,0,1,0,0,1,1,0,1,0
75000000.0,200.0,5.0,5.0,0,0,1,1,1,0,0,1,1,0,1,0
55000000.0,200.0,4.0,3.0,0,0,1,1,0,0,0,1,0,1,0,0
180000000.0,250.0,6.0,4.0,0,0,1,1,1,0,0,1,1,0,1,0
120000000.0,220.0,8.0,8.0,0,0,1,1,0,0,0,1,0,1,0,1
130000000.0,220.0,8.0,8.0,0,0,1,1,0,0,0,1,0,1,0,1
950000000.0,850.0,8.0,4.0,1,1,0,0,1,0,0,1,1,0,1,0
130000000.0,300.0,5.0,4.0,1,0,1,1,1,0,0,1,1,0,1,0
680000000.0,500.0,7.0,6.0,1,1,1,0,0,0,0,1,0,0,1,0
70000000.0,200.0,5.0,3.0,0,0,1,1,0,0,0,1,0,1,0,0
400000000.0,450.0,5.0,4.0,1,1,1,1,1,1,1,1,1,0,1,0
240000000.0,250.0,7.0,5.0,0,0,0,1,0,0,0,0,0,0,0,1
650000000.0,800.0,9.0,6.0,1,1,1,1,1,0,0,0,1,0,1,0
400000000.0,1300.0,6.0,5.0,1,1,1,0,0,0,1,0,0,0,1,0
50000000.0,280.0,4.0,3.0,0,0,0,0,0,0,0,1,0,1,0,0
380000000.0,700.0,5.0,5.0,0,1,1,1,1,0,0,1,1,0,0,0
57000000.0,180.0,4.0,2.0,0,0,1,1,0,0,0,1,0,1,0,0
50000000.0,120.0,5.0,3.0,0,0,0,1,1,1,1,1,1,0,1,0
350000000.0,300.0,8.0,6.0,0,1,1,1,1,1,0,0,1,0,1,0
130000000.0,400.0,5.0,5.0,0,0,0,0,0,0,0,0,0,0,1,0
1200000000.0,1400.0,9.0,6.0,1,0,1,1,1,0,0,0,1,0,0,1
55000000.0,200.0,4.0,4.0,0,0,0,0,0,0,0,1,0,1,0,0
850000000.0,1800.0,5.0,5.0,0,1,1,0,1,0,0,0,1,0,1,0
130000000.0,300.0,4.0,3.0,0,0,1,0,0,0,0,0,0,0,1,0
600000000.0,465.0,6.0,6.0,1,1,0,0,1,1,0,1,1,0,1,0
400000000.0,700.0,5.0,6.0,1,1,1,1,1,0,0,1,1,1,0,0
180000000.0,300.0,5.0,5.0,1,0,1,0,0,0,0,1,0,0,1,0
70000000.0,300.0,5.0,5.0,0,0,1,1,1,0,0,0,1,0,1,0
160000000.0,480.0,5.0,5.0,0,0,1,1,1,1,0,1,1,1,0,0
80000000.0,250.0,5.0,4.0,0,0,1,1,1,0,0,0,1,0,1,0
120000000.0,400.0,6.0,5.0,1,0,0,1,0,0,0,1,0,0,1,0
580000000.0,600.0,6.0,6.0,1,1,1,0,1,1,0,1,1,0,1,0
550000000.0,600.0,6.0,6.0,1,1,1,1,1,1,0,1,1,0,1,0
300000000.0,400.0,6.0,4.0,1,0,1,1,1,0,0,0,1,0,1,0
300000000.0,300.0,8.0,6.0,0,1,1,0,1,0,0,0,1,0,1,0
450000000.0,800.0,5.0,5.0,0,0,1,1,1,0,0,0,1,0,0,1
350000000.0,5.0,4.0,4.0,1,1,1,0,1,0,0,0,1,0,1,0
400000000.0,480.0,6.0,6.0,0,0,1,1,1,1,0,1,1,0,1,0
1500000000.0,5000.0,11.0,10.0,0,1,0,0,0,0,0,0,0,0,0,1
650000000.0,500.0,6.0,6.0,0,1,0,0,0,1,0,0,0,0,0,0
680000000.0,700.0,7.0,7.0,1,1,1,1,1,0,0,0,1,0,1,0
300000000.0,435.0,4.0,4.0,0,0,0,0,0,0,0,0,0,0,0,0
290000000.0,300.0,8.0,6.0,0,1,1,0,1,0,0,0,1,0,1,0
450000000.0,800.0,9.0,1.0,1,0,1,1,1,0,1,1,1,0,1,0
47000000.0,250.0,3.0,3.0,0,0,0,0,0,0,0,1,0,0,0,0
45000000.0,250.0,3.0,3.0,0,0,0,0,0,0,0,1,0,1,0,0
290000000.0,300.0,8.0,6.0,0,0,1,1,1,0,1,1,1,0,1,0
270000000.0,561.0,7.0,4.0,1,1,0,1,1,0,0,1,1,0,1,0
300000000.0,500.0,8.0,1.0,1,1,1,1,1,1,0,1,1,0,1,0
290000000.0,300.0,8.0,8.0,0,1,1,0,1,0,0,1,1,0,1,0
300000000.0,300.0,8.0,8.0,0,1,1,0,1,0,0,1,1,0,1,0
250000000.0,500.0,5.0,1.0,0,1,1,0,1,1,0,1,1,0,1,0
1200000000.0,1240.0,8.0,7.0,1,1,1,0,0,0,0,0,0,0,1,0
850000000.0,994.0,8.0,6.0,0,0,1,0,0,0,0,0,0,0,1,0
44000000.0,300.0,4.0,4.0,0,0,0,1,0,0,0,0,0,0,0,0
35000000.0,300.0,3.0,4.0,0,0,0,1,0,0,0,0,0,0,0,0
175000000.0,300.0,9.0,2.0,0,0,1,0,0,0,0,1,0,0,1,0
97000000.0,230.0,6.0,4.0,0,0,0,1,0,0,0,1,0,0,0,0
600000000.0,465.0,6.0,5.0,1,1,1,0,1,1,1,0,1,0,1,0
120000000.0,230.0,5.0,5.0,0,0,0,0,0,0,0,0,0,0,1,0
250000000.0,376.0,7.0,7.0,0,0,1,1,1,1,0,1,1,0,1,0
350000000.0,350.0,7.0,6.0,0,1,0,0,1,1,0,0,1,0,1,0
75000000.0,402.0,5.0,4.0,1,1,0,1,1,0,0,1,1,0,1,0
130000000.0,220.0,6.0,1.0,0,1,1,1,1,1,1,1,1,0,1,0
180000000.0,300.0,6.0,4.0,0,1,1,0,1,1,0,0,1,0,0,1
500000000.0,465.0,6.0,5.0,1,1,0,0,1,1,0,1,1,0,1,0
850000000.0,994.0,8.0,6.0,0,0,1,0,0,0,0,0,0,0,1,0
450000000.0,800.0,9.0,7.0,0,0,0,0,0,0,0,1,0,0,1,0
50000000.0,280.0,4.0,4.0,0,0,0,0,0,0,0,0,0,1,0,0
55000000.0,200.0,4.0,4.0,0,0,0,0,0,0,0,0,0,0,1,0
180000000.0,300.0,6.0,4.0,0,1,1,0,1,1,0,0,1,0,0,1
1500000000.0,500.0,6.0,4.0,1,1,0,0,0,0,0,0,0,0,1,0
180000000.0,300.0,5.0,5.0,0,1,0,1,1,0,0,1,1,0,1,0
575000000.0,598.0,5.0,4.0,0,0,0,0,0,0,0,0,0,1,0,0
95000000.0,260.0,5.0,2.0,0,1,1,1,1,0,0,0,1,0,1,0
180000000.0,300.0,6.0,6.0,0,1,1,0,1,1,1,0,1,1,0,1
300000000.0,300.0,8.0,5.0,0,1,1,0,1,0,0,0,1,0,1,0
95000000.0,500.0,5.0,4.0,1,1,0,1,1,1,0,0,1,0,1,0
575000000.0,598.0,5.0,5.0,0,0,0,0,0,0,0,0,0,1,0,0
1000000000.0,850.0,8.0,5.0,1,1,0,0,1,0,0,0,1,0,1,0
90000000.0,250.0,4.0,3.0,0,0,0,1,0,0,0,0,0,1,0,0
55000000.0,300.0,4.0,3.0,0,0,0,0,0,0,0,0,0,1,0,0
550000000.0,600.0,10.0,7.0,1,1,1,0,1,1,1,0,1,0,1,0
70000000.0,230.0,5.0,5.0,0,0,1,1,1,0,0,0,1,0,1,0
680000000.0,500.0,7.0,5.0,1,1,1,0,0,0,0,0,0,0,1,0
380000000.0,500.0,7.0,6.0,1,1,1,0,1,1,0,0,1,0,1,0
170000000.0,260.0,5.0,4.0,0,0,1,1,1,0,0,0,1,0,1,0
650000000.0,500.0,6.0,5.0,0,1,0,0,0,1,0,0,0,0,0,0
750000000.0,700.0,6.0,4.0,1,1,0,0,1,1,1,0,1,0,1,0
200000000.0,400.0,5.0,4.0,0,0,0,0,0,1,0,1,0,0,1,0
20000000.0,363838.0,7.0,3.0,0,0,0,0,1,0,0,0,1,0,0,0
175000000.0,402.0,6.0,5.0,1,1,1,0,1,0,0,1,1,0,1,0
110000000.0,200.0,5.0,4.0,0,0,0,0,0,0,0,1,0,0,1,0
170000000.0,300.0,5.0,3.0,0,1,1,1,1,0,1,1,1,0,1,0
600000000.0,465.0,7.0,6.0,1,1,0,0,1,1,0,1,1,0,1,0
80000000.0,450.0,4.0,3.0,0,1,1,1,1,0,0,0,1,1,0,0
410000000.0,310.0,4.0,3.0,1,0,1,1,0,0,0,1,0,0,1,0
200000000.0,300.0,5.0,4.0,0,1,0,1,1,0,0,1,1,0,1,0
180000000.0,250.0,6.0,4.0,1,0,1,0,0,1,1,1,0,0,1,0
45000000.0,220.0,4.0,4.0,0,0,1,1,0,0,0,1,0,1,0,0
35000000.0,200.0,4.0,4.0,0,0,0,1,0,0,0,0,0,1,0,0
75000000.0,402.0,5.0,5.0,1,0,0,1,1,0,0,1,1,0,1,0
180000000.0,300.0,6.0,6.0,0,1,1,1,1,1,1,0,1,0,0,1
270000000.0,300.0,8.0,7.0,0,1,1,0,1,0,0,0,1,0,1,0
400000000.0,400.0,8.0,5.0,1,1,1,0,1,1,0,0,1,0,1,0
500000000.0,604.0,4.0,3.0,0,0,0,0,0,0,0,0,0,1,0,0
200000000.0,220.0,5.0,4.0,0,0,1,0,0,0,0,1,0,0,1,0
1500000000.0,1721.0,12.0,13.0,1,1,1,0,0,0,0,0,0,0,0,0
60000000.0,210.0,5.0,4.0,0,0,0,1,0,0,0,1,0,0,1,0
90000000.0,250.0,5.0,5.0,0,1,1,1,1,0,0,0,1,0,1,0
120000000.0,230.0,5.0,5.0,1,0,1,1,1,0,0,0,1,0,1,0
90000000.0,250.0,5.0,4.0,0,1,1,1,1,0,0,1,1,0,1,0
160000000.0,236.0,7.0,5.0,0,0,1,1,1,0,0,1,1,0,1,0
90000000.0,500.0,7.0,4.0,1,0,1,1,1,0,0,1,1,0,1,0
600000000.0,290.0,7.0,7.0,0,1,1,1,1,0,0,1,1,0,1,0
80000000.0,251.0,5.0,3.0,0,0,1,1,1,0,0,1,1,1,0,0
200000000.0,350.0,7.0,7.0,1,0,1,0,0,1,0,1,0,0,1,0
230000000.0,397.0,5.0,4.0,1,0,1,1,0,0,0,1,0,1,0,0
400000000.0,407.0,5.0,4.0,1,1,1,0,0,0,0,1,0,0,1,0
115000000.0,250.0,7.0,5.0,0,0,1,0,1,0,0,1,1,0,1,0
750000000.0,500.0,7.0,6.0,0,0,0,0,0,0,0,1,0,0,1,0
180000000.0,400.0,7.0,5.0,1,0,0,1,0,0,0,1,0,0,1,0
120000000.0,250.0,5.0,5.0,1,0,1,0,1,0,0,1,1,0,1,0
90000000.0,250.0,5.0,5.0,0,1,1,1,1,0,0,1,1,0,1,0
1400000000.0,5000.0,5.0,4.0,1,0,0,0,1,0,0,1,1,0,0,0
130000000.0,3500.0,5.0,2.0,0,0,1,0,1,0,0,1,1,0,0,0
330000000.0,350.0,7.0,7.0,0,1,0,0,1,1,0,1,1,0,1,0
105000000.0,250.0,5.0,4.0,0,1,1,1,1,0,1,1,1,0,1,0
160000000.0,250.0,6.0,5.0,1,0,1,1,1,0,0,1,1,0,1,0
235000000.0,300.0,7.0,6.0,0,1,0,1,1,0,0,1,1,0,1,0
380000000.0,500.0,7.0,6.0,1,1,1,0,1,0,1,1,1,0,1,0
90000000.0,250.0,6.0,5.0,0,0,1,1,1,0,0,1,1,0,1,0
35000000.0,200.0,4.0,2.0,0,0,1,1,0,0,0,1,0,1,0,0
65000000.0,200.0,4.0,4.0,0,0,1,1,1,1,0,1,1,0,1,0
730000000.0,600.0,6.0,5.0,1,1,1,0,1,1,1,1,1,0,1,0
170000000.0,300.0,5.0,4.0,1,1,1,1,1,0,1,1,1,0,1,0
1200000000.0,1200.0,15.0,13.0,0,0,0,0,0,0,0,1,0,0,1,0
190000000.0,300.0,8.0,6.0,0,0,1,1,0,0,0,1,0,0,0,1
580000000.0,600.0,6.0,5.0,1,1,1,0,1,1,0,1,1,0,1,0
600000000.0,700.0,7.0,7.0,1,1,1,0,0,0,0,0,0,1,0,1
900000000.0,640.0,6.0,5.0,1,1,1,0,1,0,0,0,1,0,1,0
200000000.0,350.0,7.0,4.0,1,0,1,0,0,0,1,1,0,0,1,0
590000000.0,465.0,6.0,6.0,1,1,0,0,1,1,0,1,1,0,1,0
95000000.0,250.0,4.0,4.0,1,0,1,0,1,0,0,1,1,1,0,0
130000000.0,800.0,6.0,4.0,1,0,1,1,1,0,1,0,1,0,1,0
140000000.0,300.0,7.0,6.0,0,0,1,1,1,1,1,1,1,0,1,0
155000000.0,250.0,4.0,3.0,1,0,0,0,1,1,0,1,1,0,1,0
150000000.0,510.0,8.0,6.0,1,0,1,0,0,0,1,1,0,0,1,0
350000000.0,530.0,7.0,6.0,0,1,1,1,0,0,1,1,0,0,1,0
88000000.0,250.0,5.0,5.0,1,1,1,1,1,0,0,0,1,0,1,0
300000000.0,350.0,9.0,9.0,1,0,1,1,0,0,0,1,0,0,1,0
300000000.0,401.0,6.0,5.0,1,1,0,0,0,1,0,1,0,0,1,0
200000000.0,250.0,7.0,4.0,1,0,1,0,1,0,0,1,1,0,1,0
115000000.0,200.0,6.0,3.0,0,0,1,1,1,0,0,0,1,0,0,1
130000000.0,200.0,7.0,1.0,0,0,0,1,1,1,1,1,1,0,1,0
270000000.0,525.0,6.0,4.0,1,1,1,1,0,1,0,0,0,1,0,0
350000000.0,300.0,6.0,5.0,0,1,1,1,1,1,0,0,1,0,1,0
290000000.0,260.0,6.0,5.0,1,1,0,1,1,0,0,1,1,0,1,0
400000000.0,600.0,8.0,6.0,1,1,1,0,1,1,0,1,1,0,1,0
175000000.0,300.0,6.0,5.0,0,0,1,0,1,0,0,1,1,0,1,0
290000000.0,376.0,8.0,7.0,0,1,1,0,1,0,0,1,1,0,1,0
315000000.0,376.0,8.0,7.0,0,1,1,1,1,0,0,1,1,0,1,0
75000000.0,200.0,5.0,5.0,0,0,1,1,0,0,1,1,0,0,1,0
170000000.0,300.0,5.0,5.0,1,1,1,0,1,0,1,1,1,0,1,0
450000000.0,1000.0,10.0,8.0,1,1,1,0,0,0,1,1,0,0,1,0
1200000000.0,1240.0,8.0,7.0,1,1,1,1,1,0,1,1,1,0,1,0
160000000.0,250.0,5.0,5.0,1,0,1,0,1,0,1,0,1,0,1,0
230000000.0,397.0,4.0,3.0,1,0,1,1,0,0,0,0,0,1,0,0
175000000.0,330.0,5.0,4.0,0,1,0,1,1,0,0,1,1,0,1,0
320000000.0,300.0,8.0,5.0,0,1,1,1,1,1,0,0,1,0,1,0
180000000.0,400.0,5.0,4.0,1,1,0,0,1,0,0,1,1,0,1,0
350000000.0,250.0,6.0,4.0,1,0,1,1,1,1,0,1,1,0,0,1
135000000.0,250.0,5.0,4.0,1,0,1,0,0,1,1,0,0,0,1,0
75000000.0,402.0,5.0,5.0,1,0,0,1,1,0,0,1,1,0,1,0
120000000.0,300.0,5.0,4.0,1,0,1,0,0,1,0,1,0,0,1,0
150000000.0,200.0,4.0,4.0,1,0,0,0,1,1,0,1,1,0,1,0
275000000.0,620.0,8.0,5.0,0,1,0,1,0,0,0,1,0,0,1,0
350000000.0,235.0,7.0,5.0,0,0,1,0,1,1,0,1,1,0,1,1
580000000.0,640.0,6.0,4.0,1,1,1,0,1,1,0,0,1,0,1,0
340000000.0,300.0,7.0,4.0,0,1,0,1,1,1,0,0,1,0,1,0
130000000.0,350.0,8.0,5.0,0,0,1,0,0,0,0,0,0,0,1,0
850000000.0,2000.0,8.0,5.0,1,1,1,0,1,0,0,0,1,0,0,1
300000000.0,401.0,8.0,4.0,0,1,1,0,1,1,0,1,1,0,1,0
45000000.0,230.0,4.0,4.0,0,0,0,0,0,0,0,0,0,1,0,0
75000000.0,300.0,5.0,5.0,0,0,1,1,1,0,0,0,1,0,1,0
75000000.0,300.0,5.0,5.0,0,0,1,1,1,0,0,0,1,0,1,0
50000000.0,200.0,5.0,5.0,0,0,0,0,0,0,0,0,0,0,1,0
150000000.0,300.0,6.0,5.0,0,0,0,0,0,0,0,0,0,0,0,1
75000000.0,300.0,5.0,5.0,0,0,1,1,1,0,0,0,1,0,1,0
75000000.0,300.0,5.0,5.0,0,0,1,1,1,0,0,0,1,0,1,0
75000000.0,300.0,5.0,5.0,0,0,1,1,1,0,0,0,1,0,1,0
75000000.0,300.0,5.0,5.0,0,0,1,1,1,0,0,0,1,0,1,0
75000000.0,300.0,5.0,4.0,0,0,0,0,0,0,0,0,0,0,1,0
400000000.0,500.0,8.0,8.0,0,0,0,0,0,0,0,0,0,0,1,0
80000000.0,240.0,6.0,4.0,0,0,1,1,1,0,1,0,1,0,1,0
75000000.0,300.0,5.0,5.0,0,0,1,1,1,0,0,0,1,0,1,0
150000000.0,400.0,5.0,4.0,0,0,0,1,0,0,0,1,0,0,1,0
90000000.0,250.0,4.0,2.0,0,0,1,0,0,1,0,1,0,1,0,0
250000000.0,320.0,4.0,3.0,1,0,1,1,1,0,0,0,1,1,0,0
75000000.0,221.0,5.0,5.0,0,0,1,1,1,0,0,0,1,0,1,0
75000000.0,221.0,5.0,5.0,0,0,1,1,1,0,0,0,1,0,1,0
75000000.0,300.0,5.0,5.0,0,0,1,1,1,0,0,0,1,0,1,0
150000000.0,400.0,7.0,5.0,0,0,1,1,1,0,0,1,1,0,1,0
365000000.0,203.0,5.0,4.0,1,1,1,0,1,0,1,0,1,0,0,1
135000000.0,250.0,4.0,4.0,0,0,1,1,1,0,0,1,1,0,1,0
370000000.0,250.0,6.0,4.0,0,0,0,0,0,1,0,1,0,0,0,1
400000000.0,500.0,6.0,4.0,1,1,1,1,1,0,0,0,1,0,1,0
270000000.0,700.0,11.0,9.0,0,0,1,0,0,0,0,0,0,0,1,0
90000000.0,250.0,4.0,3.0,1,0,1,1,0,0,0,1,0,1,0,0
250000000.0,390.0,5.0,4.0,1,0,1,1,0,1,0,1,0,1,0,0
300000000.0,401.0,8.0,4.0,0,1,1,0,1,1,0,1,1,0,1,0
450000000.0,300.0,6.0,2.0,1,1,1,1,1,0,0,0,1,0,1,1
150000000.0,300.0,5.0,4.0,0,1,1,0,0,0,0,0,0,0,1,0
380000000.0,700.0,5.0,5.0,1,1,1,1,1,0,0,1,1,0,0,0
160000000.0,250.0,5.0,4.0,0,0,1,0,1,1,0,0,1,0,1,0
360000000.0,500.0,8.0,5.0,1,1,1,1,1,0,0,0,1,0,0,1
135000000.0,260.0,5.0,4.0,0,0,1,1,1,0,0,0,1,0,1,0
80000000.0,200.0,4.0,2.0,0,0,0,0,0,0,0,0,0,0,0,0
80000000.0,220.0,4.0,2.0,0,0,1,0,0,0,0,0,0,1,0,0
380000000.0,700.0,5.0,4.0,1,1,1,1,1,0,0,1,1,0,0,0
175000000.0,402.0,5.0,3.0,1,1,1,0,1,0,0,1,1,0,1,0
130000000.0,592.0,7.0,5.0,0,1,1,1,1,0,0,0,1,0,1,0
175000000.0,402.0,5.0,3.0,1,1,1,0,1,0,0,1,1,0,1,0
150000000.0,350.0,3.0,4.0,1,0,1,0,1,1,0,1,1,0,0,0
280000000.0,500.0,8.0,8.0,0,0,0,1,0,0,0,0,0,0,1,0
200000000.0,402.0,5.0,3.0,1,1,1,0,1,0,0,1,1,0,1,0
50000000.0,250.0,4.0,4.0,0,0,1,1,1,0,0,1,1,1,0,0
90000000.0,200.0,3.0,2.0,0,0,0,0,0,0,0,0,0,1,0,0
150000000.0,250.0,4.0,4.0,1,0,0,0,1,1,0,1,1,0,1,0
200000000.0,400.0,5.0,4.0,1,0,1,1,1,0,1,1,1,0,1,0
65000000.0,511.0,5.0,4.0,1,0,0,1,1,0,0,0,1,1,0,0
275000000.0,1200.0,10.0,6.0,0,0,1,1,0,0,0,0,0,0,1,0
90000000.0,250.0,5.0,4.0,1,0,1,1,1,1,0,1,1,1,0,0
90000000.0,250.0,5.0,3.0,1,0,1,1,1,1,0,1,1,1,0,0
1200000000.0,800.0,11.0,8.0,1,0,1,0,0,0,0,0,0,0,0,1
870000000.0,2000.0,8.0,5.0,1,1,1,1,1,0,0,0,1,0,0,0
57000000.0,300.0,4.0,4.0,0,0,0,0,0,1,0,1,0,0,0,0
160000000.0,300.0,5.0,5.0,0,0,0,0,0,0,0,0,0,0,1,0
130000000.0,250.0,7.0,6.0,0,0,1,1,1,0,1,1,1,0,1,0
170000000.0,300.0,5.0,3.0,0,1,0,1,1,0,0,1,1,0,1,0
90000000.0,250.0,5.0,5.0,1,0,1,1,1,1,0,1,1,1,0,0
450000000.0,300.0,7.0,7.0,0,1,1,0,1,1,1,0,1,0,1,0
150000000.0,236.0,11.0,11.0,0,0,1,1,1,0,0,1,1,0,1,0
540000000.0,617.0,12.0,12.0,0,0,1,0,1,1,0,1,1,0,0,1
2000000000.0,1500.0,8.0,5.0,1,1,1,0,1,0,0,1,1,0,1,0
70000000.0,250.0,5.0,4.0,0,0,1,1,1,0,0,1,1,0,1,0
540000000.0,617.0,12.0,12.0,0,0,1,0,1,1,0,1,1,0,1,0
350000000.0,350.0,9.0,6.0,0,1,0,0,1,1,0,1,1,0,1,0
110000000.0,320.0,4.0,4.0,0,0,0,0,0,0,0,1,0,0,1,0
90000000.0,250.0,4.0,3.0,1,0,1,1,0,1,0,1,0,1,0,0
90000000.0,250.0,4.0,3.0,1,0,1,1,0,1,0,1,0,1,0,0
360000000.0,203.0,6.0,5.0,1,1,1,1,1,0,1,1,1,0,0,1
230000000.0,397.0,4.0,2.0,1,0,0,0,0,0,0,1,0,1,0,0
310000000.0,300.0,9.0,4.0,0,1,1,1,1,1,0,0,1,0,1,0
290000000.0,300.0,8.0,6.0,0,1,1,0,1,0,0,0,1,0,1,0
40000000.0,200.0,4.0,3.0,0,0,1,0,0,0,0,0,0,0,1,0
275000000.0,1200.0,10.0,6.0,0,0,1,1,0,0,0,0,0,0,1,0
140000000.0,250.0,5.0,4.0,1,0,0,1,1,0,0,1,1,0,0,0
120000000.0,300.0,8.0,6.0,1,1,1,1,1,0,1,0,1,0,1,0
350000000.0,300.0,6.0,4.0,1,0,1,1,1,1,0,1,1,0,0,1
150000000.0,400.0,7.0,7.0,0,0,1,1,1,0,0,1,1,0,1,0
150000000.0,300.0,5.0,5.0,0,0,0,0,0,1,0,0,0,0,0,0
80000000.0,251.0,5.0,3.0,0,0,1,1,1,0,0,1,1,1,0,0
95000000.0,700.0,4.0,3.0,0,0,1,1,1,1,0,0,1,1,0,0
145000000.0,280.0,4.0,4.0,1,0,0,0,0,0,0,0,0,0,1,0
150000000.0,300.0,5.0,4.0,1,0,1,1,0,0,1,1,0,0,1,0
180000000.0,300.0,6.0,4.0,1,1,1,0,1,1,1,0,1,0,0,1
2100000000.0,1500.0,8.0,5.0,1,1,1,0,1,0,0,0,1,0,1,0
900000000.0,673.0,5.0,4.0,1,1,0,0,0,0,0,0,1,1,0,0
150000000.0,400.0,6.0,5.0,0,0,1,1,1,0,0,1,1,0,1,0
450000000.0,350.0,6.0,4.0,1,1,1,1,1,1,1,0,1,0,1,0
900000000.0,1000.0,14.0,8.0,1,0,1,1,1,0,1,0,1,0,0,1
150000000.0,350.0,6.0,4.0,0,0,1,1,1,0,0,1,1,0,1,0
90000000.0,250.0,4.0,4.0,1,0,1,1,0,1,0,1,0,1,0,0
80000000.0,500.0,5.0,1.0,0,0,1,1,1,0,0,1,1,0,1,0
230000000.0,400.0,8.0,6.0,0,0,0,0,0,0,0,1,0,0,1,0
900000000.0,640.0,6.0,7.0,1,1,1,0,1,0,0,0,1,0,1,0
180000000.0,300.0,5.0,4.0,0,1,1,1,0,0,0,0,1,0,1,1
85000000.0,200.0,6.0,4.0,0,0,1,1,1,0,0,0,1,0,1,0
60000000.0,200.0,4.0,4.0,0,0,1,1,1,0,0,0,1,1,0,0
275000000.0,1200.0,10.0,8.0,0,0,1,1,0,0,0,0,0,0,1,0
130000000.0,300.0,7.0,3.0,0,0,1,0,0,1,1,1,0,0,1,0
450000000.0,320.0,7.0,6.0,1,1,1,1,1,0,0,0,1,0,0,1
50000000.0,210.0,5.0,4.0,0,0,1,1,1,0,0,0,1,0,1,0
900000000.0,640.0,6.0,4.0,1,1,1,0,1,0,0,0,1,0,1,0
160000000.0,150.0,8.0,5.0,0,0,1,1,1,1,0,0,1,0,1,1
580000000.0,600.0,6.0,5.0,1,1,1,0,1,1,0,1,1,0,1,0
170000000.0,400.0,7.0,5.0,1,0,1,0,1,0,0,1,1,0,1,0
110000000.0,320.0,4.0,2.0,0,0,0,0,0,0,0,1,0,0,1,0
900000000.0,640.0,6.0,4.0,1,1,1,0,1,0,0,0,1,0,1,0
450000000.0,350.0,6.0,5.0,1,1,1,1,1,1,0,0,1,0,1,0
57000000.0,180.0,4.0,3.0,0,0,1,1,0,0,0,1,0,1,0,0
350000000.0,250.0,8.0,6.0,1,1,1,0,1,0,0,0,1,1,0,1
150000000.0,300.0,5.0,5.0,1,0,1,0,1,0,0,1,1,0,1,0
270000000.0,700.0,11.0,9.0,0,0,1,0,0,0,0,0,0,0,1,0
45000000.0,220.0,4.0,4.0,0,0,1,1,0,0,0,1,0,1,0,0
135000000.0,285.0,6.0,3.0,1,0,1,1,0,0,0,1,0,1,0,0
380000000.0,654.0,5.0,6.0,1,1,1,1,1,0,0,1,1,0,0,0
110000000.0,300.0,4.0,2.0,0,0,1,0,0,0,0,0,0,1,0,0
110000000.0,230.0,5.0,5.0,1,0,1,0,0,0,0,0,0,0,1,0
120000000.0,250.0,5.0,5.0,0,0,1,0,1,0,0,0,1,0,1,0
650000000.0,800.0,7.0,6.0,1,1,1,0,0,0,0,0,0,0,1,0
100000000.0,230.0,6.0,4.0,0,0,1,1,0,0,0,0,0,1,0,0
150000000.0,345.0,5.0,4.0,1,0,1,1,1,0,0,0,1,0,1,0
140000000.0,400.0,6.0,4.0,0,0,0,0,0,0,0,0,0,0,1,0
350000000.0,350.0,7.0,8.0,0,1,1,0,1,1,0,0,1,0,1,0
300000000.0,300.0,6.0,4.0,1,1,1,0,1,1,0,0,1,0,1,0
350000000.0,407.0,5.0,5.0,1,1,0,0,1,0,0,1,1,0,1,0
75000000.0,200.0,7.0,3.0,0,0,1,1,0,0,1,1,0,0,1,0
130000000.0,200.0,8.0,8.0,0,0,0,0,0,0,0,0,0,0,0,0
90000000.0,250.0,4.0,4.0,1,0,1,1,0,1,0,1,0,1,0,0
280000000.0,300.0,6.0,7.0,1,1,1,1,0,0,1,0,0,0,1,0
90000000.0,250.0,5.0,4.0,0,1,1,1,1,0,0,0,1,0,1,0
160000000.0,400.0,7.0,4.0,0,0,1,1,1,0,0,1,1,0,1,0
90000000.0,250.0,4.0,3.0,1,0,1,1,1,1,0,1,1,1,0,0
200000000.0,400.0,5.0,3.0,1,0,1,1,1,0,0,1,1,0,1,0
300000000.0,300.0,6.0,5.0,1,1,0,1,1,0,0,1,1,0,1,0
165000000.0,700.0,8.0,7.0,0,0,0,0,0,0,0,0,0,0,1,0
450000000.0,350.0,6.0,4.0,1,1,1,1,1,1,0,0,1,0,1,0
900000000.0,1000.0,14.0,8.0,0,0,1,1,1,0,0,0,1,0,0,1
80000000.0,220.0,4.0,2.0,0,0,1,0,0,0,0,0,0,1,0,0
450000000.0,350.0,6.0,4.0,1,1,1,1,1,1,0,0,1,0,1,0
350000000.0,300.0,7.0,6.0,1,1,1,0,1,1,0,0,1,0,0,1
450000000.0,350.0,6.0,5.0,1,1,1,1,1,1,0,0,1,0,1,0
68000000.0,200.0,4.0,4.0,0,0,1,1,0,0,0,1,0,1,0,0
170000000.0,375.0,5.0,3.0,0,0,0,0,0,0,0,0,0,1,0,0
300000000.0,1000.0,10.0,9.0,1,1,1,0,0,0,0,0,1,0,1,0
950000000.0,1080.0,8.0,8.0,1,1,1,1,1,1,0,0,1,1,0,0
230000000.0,397.0,4.0,3.0,1,0,1,0,0,0,0,0,0,1,0,0
500000000.0,465.0,6.0,6.0,1,1,0,0,1,0,0,0,1,0,1,0
110000000.0,406.0,4.0,4.0,0,0,0,0,0,0,0,1,0,1,0,0
150000000.0,265.0,7.0,5.0,0,0,1,1,1,1,0,1,1,0,1,0
100000000.0,260.0,6.0,4.0,0,0,1,1,0,0,0,0,0,0,1,0
370000000.0,500.0,8.0,5.0,1,1,1,1,1,0,0,0,1,0,1,0
380000000.0,500.0,8.0,8.0,1,1,1,1,1,0,0,0,1,0,1,0
220000000.0,220.0,7.0,6.0,0,0,1,0,0,0,0,1,0,0,1,0
420000000.0,700.0,6.0,4.0,1,1,1,1,1,0,0,1,1,1,0,0
250000000.0,309.0,7.0,5.0,1,0,1,0,0,0,0,1,0,0,1,0
400000000.0,500.0,6.0,5.0,0,0,0,0,0,0,0,0,0,0,1,0
145000000.0,280.0,4.0,4.0,1,0,0,0,0,0,0,0,0,0,1,0
200000000.0,400.0,7.0,5.0,0,0,1,1,1,0,0,1,1,0,1,0
280000000.0,350.0,5.0,2.0,0,0,1,1,1,0,0,1,1,0,1,0
220000000.0,220.0,7.0,5.0,0,0,1,0,0,0,0,1,0,0,1,0
180000000.0,400.0,5.0,5.0,0,0,0,0,0,0,0,0,0,0,1,0
95000000.0,200.0,5.0,5.0,0,0,1,1,0,0,0,1,0,0,1,0
750000000.0,500.0,6.0,6.0,1,1,1,1,0,1,0,0,0,0,1,0
200000000.0,350.0,8.0,7.0,0,0,1,1,0,0,0,1,0,0,1,0
115000000.0,200.0,6.0,4.0,0,0,1,1,1,0,0,0,1,0,0,1
350000000.0,350.0,9.0,6.0,0,1,1,0,1,1,0,0,1,0,1,0
350000000.0,250.0,7.0,6.0,0,1,1,0,1,1,0,0,1,0,0,1
900000000.0,1000.0,14.0,7.0,0,0,1,1,1,0,0,0,1,0,0,1
580000000.0,600.0,6.0,7.0,1,1,1,0,1,1,0,1,1,0,1,0
580000000.0,600.0,6.0,5.0,1,1,1,0,1,1,0,1,1,0,1,0
450000000.0,635.0,5.0,4.0,1,0,1,0,0,0,0,0,0,0,1,0
28000000.0,250.0,4.0,3.0,0,0,1,1,0,0,0,0,0,1,0,0
75000000.0,230.0,5.0,5.0,0,0,1,1,1,0,0,0,1,0,1,0
28000000.0,250.0,4.0,3.0,0,0,1,1,0,0,0,0,0,1,0,0
580000000.0,600.0,6.0,5.0,1,1,1,0,1,1,0,1,1,0,1,0
580000000.0,600.0,6.0,5.0,1,1,1,0,1,1,0,1,1,0,1,0
88000000.0,234.0,4.0,4.0,0,0,0,0,0,1,0,1,0,1,0,0
1200000000.0,1240.0,8.0,8.0,1,1,0,0,0,0,0,0,0,0,1,0
1300000000.0,740.0,14.0,8.0,1,1,1,1,1,1,0,1,1,0,1,0
90000000.0,200.0,6.0,4.0,0,0,0,0,0,0,0,0,0,0,1,0
450000000.0,635.0,5.0,4.0,1,0,1,1,1,0,0,0,1,0,1,0
80000000.0,160.0,4.0,4.0,0,0,0,0,0,0,0,0,0,1,0,0
450000000.0,635.0,6.0,4.0,1,0,1,1,1,0,0,0,1,0,1,0
650000000.0,500.0,10.0,7.0,0,1,0,0,0,0,0,0,0,0,0,1
160000000.0,300.0,5.0,4.0,0,0,0,0,1,0,0,0,1,0,1,0
350000000.0,300.0,4.0,4.0,1,1,1,0,1,0,0,0,1,0,1,0
250000000.0,360.0,4.0,3.0,1,0,0,0,0,0,0,0,0,1,0,0
80000000.0,251.0,4.0,4.0,0,0,1,1,1,1,0,1,1,1,0,0
130000000.0,592.0,6.0,4.0,1,0,1,1,0,0,0,0,1,0,0,0
90000000.0,200.0,5.0,3.0,1,1,1,1,1,0,1,0,1,0,1,0
850000000.0,2000.0,8.0,5.0,1,1,1,0,1,0,0,0,1,0,1,0
400000000.0,480.0,6.0,5.0,0,0,1,1,1,1,0,1,1,0,1,0
195000000.0,300.0,7.0,5.0,0,1,1,1,1,1,1,0,1,0,0,1
200000000.0,250.0,7.0,5.0,0,0,1,0,1,0,0,0,1,0,0,1
160000000.0,300.0,5.0,4.0,0,0,0,0,1,0,0,1,1,0,1,0
80000000.0,251.0,5.0,3.0,0,0,1,1,1,0,0,1,1,1,0,0
350000000.0,350.0,6.0,5.0,0,0,0,0,1,0,0,1,1,0,1,0
600000000.0,1000.0,11.0,5.0,0,0,0,1,0,0,0,0,0,0,0,1
325000000.0,300.0,6.0,4.0,1,0,1,1,1,1,0,1,1,0,0,1
350000000.0,700.0,12.0,9.0,0,1,1,0,0,0,0,0,0,0,1,0
100000000.0,300.0,4.0,2.0,0,0,0,0,0,0,0,1,0,0,1,0
100000000.0,300.0,4.0,2.0,0,0,0,0,0,0,0,1,0,0,1,0
255000000.0,376.0,7.0,8.0,0,0,1,1,1,1,1,1,1,0,1,0
80000000.0,230.0,3.0,3.0,0,0,0,0,0,1,0,1,0,0,1,0
110000000.0,325.0,5.0,4.0,1,0,0,1,0,0,0,0,0,1,0,0
170000000.0,260.0,6.0,4.0,1,1,1,1,0,0,1,0,0,0,1,0
155000000.0,240.0,5.0,4.0,0,0,0,0,0,0,0,0,1,0,1,0
315000000.0,401.0,6.0,4.0,0,1,1,0,1,1,0,1,1,0,1,0
50000000.0,220.0,4.0,4.0,0,0,1,1,0,0,0,1,0,1,0,0
330000000.0,300.0,8.0,6.0,0,1,1,0,1,0,0,0,1,0,1,0
85000000.0,250.0,4.0,4.0,0,0,1,1,0,0,0,1,0,1,0,0
230000000.0,400.0,5.0,4.0,1,1,1,0,0,1,0,1,0,1,0,0
170000000.0,400.0,7.0,5.0,0,0,1,1,1,0,0,1,1,0,1,0
115000000.0,200.0,6.0,4.0,0,0,1,1,1,0,0,1,1,0,0,1
380000000.0,500.0,8.0,5.0,1,0,1,1,1,0,1,1,1,0,1,0
160000000.0,260.0,6.0,5.0,1,0,1,1,1,0,0,1,1,0,1,0
110000000.0,230.0,5.0,4.0,0,1,1,1,1,0,1,1,1,0,1,0
400000000.0,300.0,7.0,5.0,1,0,1,0,0,0,0,1,0,0,0,1
170000000.0,260.0,6.0,4.0,1,0,1,1,1,0,0,1,1,0,1,0
350000000.0,750.0,8.0,6.0,1,1,1,0,1,0,0,1,1,0,1,0
145000000.0,300.0,5.0,5.0,1,0,1,0,1,0,0,1,1,0,1,0
375000000.0,500.0,8.0,6.0,1,1,1,1,1,0,0,1,1,0,1,0
255000000.0,376.0,7.0,8.0,0,0,1,1,1,1,1,1,1,0,1,0
27000000.0,400.0,4.0,2.0,0,0,1,0,1,0,0,0,1,1,0,0
115000000.0,250.0,7.0,5.0,0,0,1,0,1,0,0,1,1,0,1,0
80000000.0,251.0,5.0,3.0,0,0,1,1,1,0,0,1,1,1,0,0
110000000.0,230.0,5.0,5.0,1,0,1,1,1,0,0,0,1,0,1,0
550000000.0,600.0,5.0,4.0,1,1,1,0,1,0,0,0,1,0,1,0
110000000.0,325.0,5.0,3.0,1,0,0,1,0,0,0,1,0,1,0,0
135000000.0,300.0,5.0,4.0,1,0,1,1,1,1,1,1,1,0,1,0
180000000.0,400.0,5.0,4.0,1,0,1,1,0,1,0,1,0,0,1,0
350000000.0,407.0,7.0,5.0,1,1,0,0,0,0,0,1,0,0,1,0
95000000.0,200.0,5.0,5.0,0,0,1,1,0,0,0,1,0,0,1,0
380000000.0,500.0,8.0,8.0,1,1,1,1,1,0,0,0,1,0,1,0
600000000.0,970.0,9.0,7.0,1,0,1,1,0,0,0,1,0,0,1,0
38000000.0,220.0,4.0,3.0,0,0,1,1,0,0,0,1,0,1,0,0
30000000.0,250.0,4.0,4.0,0,0,0,0,0,0,0,0,0,1,0,0
380000000.0,750.0,8.0,6.0,0,1,1,1,1,1,0,1,1,0,1,0
950000000.0,1381.0,6.0,5.0,0,0,0,0,0,0,0,0,0,1,0,0
52000000.0,200.0,5.0,5.0,0,0,0,0,0,0,0,0,0,0,1,0
255000000.0,376.0,7.0,8.0,0,0,1,1,1,1,1,1,1,0,1,0
270000000.0,333.0,8.0,7.0,0,1,1,1,1,0,0,1,1,0,1,0
255000000.0,376.0,7.0,8.0,0,0,1,1,1,1,1,1,1,0,1,0
380000000.0,750.0,8.0,6.0,0,1,1,1,1,1,0,1,1,0,1,0
95000000.0,250.0,4.0,2.0,0,0,0,0,0,1,0,1,0,1,0,0
280000000.0,400.0,8.0,5.0,0,0,0,1,0,0,0,0,0,0,1,0
100000000.0,200.0,5.0,4.0,0,0,1,1,1,0,0,0,1,0,1,0
18000000.0,200.0,4.0,2.0,0,0,0,0,0,0,0,0,0,1,0,0
1800000000.0,3254.0,14.0,8.0,0,1,1,0,0,0,0,0,0,0,1,0
100000000.0,200.0,5.0,4.0,0,0,1,1,1,0,0,0,1,0,1,0
280000000.0,500.0,8.0,5.0,0,0,0,1,0,0,0,0,0,0,1,0
110000000.0,325.0,5.0,3.0,1,0,0,1,0,0,0,0,0,1,0,0
900000000.0,1000.0,14.0,10.0,0,0,1,1,1,0,0,0,1,0,0,1
35000000.0,200.0,4.0,4.0,0,0,1,0,0,0,0,1,0,1,0,0
110000000.0,400.0,4.0,4.0,0,1,0,1,1,1,0,1,1,1,0,0
600000000.0,640.0,9.0,10.0,0,1,0,0,1,1,0,0,1,0,0,1
95000000.0,200.0,5.0,4.0,0,0,1,1,0,0,0,1,0,0,1,0
70000000.0,280.0,5.0,3.0,0,0,1,1,1,0,0,0,1,0,1,0
350000000.0,250.0,6.0,4.0,0,0,1,1,1,0,0,0,1,0,1,0
270000000.0,333.0,8.0,7.0,0,1,1,1,1,0,0,1,1,0,1,0
350000000.0,354.0,8.0,5.0,0,0,0,0,0,0,0,1,0,1,0,0
320000000.0,300.0,7.0,4.0,0,1,0,1,1,1,0,1,1,0,1,0
350000000.0,300.0,8.0,8.0,1,1,1,1,1,0,0,1,1,0,1,0
220000000.0,300.0,6.0,4.0,0,1,1,0,0,0,0,1,0,0,1,0
1500000000.0,1000.0,14.0,6.0,1,0,0,1,1,0,0,1,1,0,1,1
320000000.0,505.0,8.0,5.0,0,1,1,0,1,0,1,1,1,0,1,0
65000000.0,200.0,4.0,4.0,0,0,1,0,1,0,0,1,1,1,0,0
70000000.0,250.0,5.0,3.0,0,0,1,1,1,0,0,1,1,0,1,0
850000000.0,2000.0,8.0,5.0,1,1,0,1,1,0,0,1,1,0,0,0
1200000000.0,1250.0,10.0,7.0,1,1,0,0,0,0,0,1,0,0,0,1
950000000.0,1381.0,6.0,5.0,0,0,0,0,0,0,0,1,0,1,0,0
250000000.0,360.0,4.0,3.0,1,0,0,0,0,0,0,1,0,1,0,0
115000000.0,200.0,8.0,8.0,0,0,0,1,1,0,0,1,1,0,0,1
160000000.0,250.0,6.0,5.0,1,0,0,0,1,0,0,0,1,0,1,0
1000000000.0,1000.0,8.0,8.0,0,0,0,0,0,0,0,0,0,0,1,0
450000000.0,500.0,7.0,5.0,1,1,1,1,1,0,1,1,1,0,1,0
130000000.0,210.0,4.0,3.0,1,0,1,1,1,0,1,1,1,0,1,0
480000000.0,400.0,7.0,6.0,0,0,1,1,1,0,0,1,1,0,1,0
75000000.0,280.0,4.0,1.0,1,0,1,1,0,1,0,1,0,1,0,0
700000000.0,630.0,7.0,5.0,1,1,1,0,0,0,1,0,0,0,1,0
210000000.0,300.0,7.0,5.0,1,0,1,0,0,0,0,1,0,0,1,0
260000000.0,450.0,9.0,5.0,0,0,0,1,1,0,0,0,1,0,1,0
550000000.0,888.0,10.0,3.0,1,1,0,0,1,0,1,0,1,0,1,0
380000000.0,1000.0,4.0,1.0,0,1,0,0,1,0,0,0,1,1,0,0
350000000.0,350.0,9.0,1.0,0,1,0,0,1,1,0,0,1,0,1,0
430000000.0,450.0,6.0,5.0,1,1,1,0,1,0,1,1,1,0,1,0
50000000.0,200.0,4.0,1.0,0,0,0,0,0,0,0,1,0,1,0,0
260000000.0,482.0,5.0,5.0,1,0,1,1,1,0,1,1,1,0,1,0
60000000.0,120.0,4.0,1.0,0,0,1,1,1,0,0,0,1,1,0,0
60000000.0,150.0,5.0,2.0,0,0,0,1,1,0,1,0,1,0,1,0
170000000.0,400.0,11.0,8.0,0,0,1,1,0,0,0,0,0,0,0,1
400000000.0,400.0,10.0,6.0,1,1,0,0,1,0,0,0,1,0,1,0
600000000.0,600.0,10.0,5.0,1,1,1,0,1,1,1,0,1,0,0,0
170000000.0,300.0,7.0,5.0,1,0,0,1,1,1,1,1,1,0,1,0
135000000.0,400.0,4.0,4.0,1,0,0,0,0,0,0,0,0,1,0,0
240000000.0,400.0,6.0,4.0,1,0,1,1,1,1,1,1,1,0,1,0
850000000.0,1171.0,5.0,2.0,1,0,1,0,1,1,0,1,1,1,0,0
170000000.0,300.0,5.0,4.0,1,0,1,0,1,1,0,1,1,0,1,0
150000000.0,480.0,5.0,4.0,0,0,1,1,1,1,0,1,1,0,0,0
45000000.0,200.0,4.0,4.0,0,0,1,1,1,0,0,1,1,0,1,0
150000000.0,425.0,8.0,8.0,0,0,1,0,0,1,0,1,0,0,1,0
165000000.0,250.0,7.0,5.0,0,0,1,1,1,1,1,1,1,0,1,0
165000000.0,250.0,7.0,5.0,0,0,1,1,1,1,1,1,1,0,1,0
90000000.0,300.0,5.0,4.0,1,0,1,1,1,0,1,1,1,0,1,0
90000000.0,300.0,5.0,4.0,1,0,1,1,1,0,1,1,1,0,1,0
90000000.0,300.0,5.0,4.0,0,0,1,1,1,1,0,1,1,1,0,0
135000000.0,400.0,4.0,3.0,0,0,1,0,0,0,0,1,0,1,0,0
190000000.0,400.0,5.0,4.0,0,0,1,0,0,0,0,0,0,0,1,0
90000000.0,350.0,4.0,3.0,0,0,1,1,1,0,0,1,1,1,0,0
240000000.0,400.0,6.0,4.0,0,0,0,0,0,0,0,0,0,0,1,0
1500000000.0,2558.0,15.0,8.0,1,1,1,0,0,0,0,0,0,0,0,1
140000000.0,400.0,9.0,7.0,0,0,1,1,1,1,0,1,1,1,0,0
85000000.0,230.0,3.0,2.0,0,0,1,1,1,1,0,1,1,0,1,0
35000000.0,150.0,3.0,3.0,0,0,0,0,0,0,0,0,0,0,1,0
300000000.0,375.0,7.0,5.0,1,1,1,0,1,0,0,0,1,0,0,1
65000000.0,200.0,5.0,4.0,0,0,1,0,1,0,0,0,1,0,1,0
60000000.0,200.0,4.0,3.0,0,0,1,1,0,0,0,0,0,1,0,0
100000000.0,292.0,4.0,3.0,0,0,0,0,0,0,0,0,0,1,0,0
600000000.0,600.0,5.0,4.0,1,1,1,0,1,0,0,0,1,0,0,0
150000000.0,360.0,4.0,3.0,1,0,1,0,0,0,0,0,0,1,0,0
90000000.0,216.0,3.0,2.0,0,0,0,0,0,1,0,1,0,1,0,0
250000000.0,250.0,7.0,1.0,0,0,1,1,1,0,0,1,1,0,1,0
350000000.0,350.0,7.0,7.0,0,1,0,0,1,1,0,1,1,0,1,0
600000000.0,465.0,5.0,5.0,0,1,0,1,0,0,0,1,0,0,0,0
220000000.0,250.0,6.0,6.0,1,0,1,0,1,0,0,0,1,0,1,0
160000000.0,250.0,6.0,4.0,1,1,1,0,1,1,0,1,1,0,1,0
250000000.0,318.0,4.0,4.0,1,0,1,1,0,0,0,0,0,1,0,0
250000000.0,250.0,7.0,7.0,0,0,0,1,0,0,0,0,0,0,1,0
100000000.0,292.0,4.0,4.0,0,0,1,0,0,0,0,0,0,1,0,0
150000000.0,360.0,4.0,2.0,1,0,1,0,0,0,0,0,0,0,0,0
430000000.0,476.0,15.0,8.0,0,1,1,1,1,1,0,1,1,0,0,1
150000000.0,385.0,5.0,4.0,0,1,0,1,0,1,0,1,0,0,1,0
450000000.0,500.0,7.0,5.0,0,1,0,0,0,0,0,1,0,0,1,0
170000000.0,260.0,6.0,4.0,0,0,1,1,1,0,0,0,1,0,1,0
60000000.0,200.0,6.0,5.0,0,0,0,1,0,0,0,0,0,0,1,0
70000000.0,150.0,3.0,2.0,0,0,0,0,0,0,0,0,0,1,0,0
40000000.0,200.0,4.0,4.0,0,0,1,1,1,0,0,1,1,1,0,0
190000000.0,280.0,4.0,3.0,0,0,0,0,0,0,0,0,0,0,1,0
168000000.0,400.0,9.0,8.0,0,0,1,1,0,0,0,0,0,0,1,0
130000000.0,200.0,6.0,6.0,0,0,1,1,1,0,1,0,1,0,0,1
140000000.0,310.0,13.0,13.0,0,0,0,0,0,0,0,0,0,0,0,1
70000000.0,285.0,4.0,4.0,0,0,1,1,0,0,0,1,0,1,0,0
160000000.0,250.0,5.0,6.0,1,0,1,0,0,1,0,0,0,0,1,0
160000000.0,480.0,5.0,5.0,0,0,1,1,1,1,0,1,1,1,0,0
590000000.0,645.0,7.0,6.0,0,1,1,1,1,1,1,1,1,0,1,1
240000000.0,318.0,4.0,3.0,0,0,0,0,0,0,0,1,0,1,0,0
155000000.0,300.0,5.0,5.0,1,0,1,1,1,0,1,0,1,0,1,0
58000000.0,320.0,4.0,4.0,1,1,1,0,1,0,0,1,1,0,1,0
80000000.0,350.0,4.0,3.0,1,0,1,1,1,0,0,1,1,0,0,0
135000000.0,400.0,4.0,3.0,1,1,1,1,1,0,0,1,1,1,0,0
75000000.0,275.0,5.0,5.0,0,0,1,1,0,0,0,1,0,0,1,0
95000000.0,500.0,6.0,5.0,1,1,1,1,0,1,0,1,0,0,1,0
375000000.0,500.0,7.0,5.0,1,1,0,1,1,1,0,1,1,0,1,0
85000000.0,230.0,3.0,3.0,1,0,1,0,0,0,0,1,0,0,1,0
350000000.0,250.0,6.0,5.0,1,0,1,1,1,1,0,1,1,0,0,1
150000000.0,600.0,5.0,4.0,1,1,1,0,1,0,0,1,1,1,0,0
350000000.0,400.0,8.0,5.0,0,1,1,1,1,1,0,1,1,0,0,1
65000000.0,200.0,4.0,4.0,0,0,1,1,0,0,0,1,0,0,1,0
160000000.0,200.0,5.0,4.0,0,1,1,0,1,0,0,1,1,0,1,0
65000000.0,180.0,5.0,4.0,0,0,0,1,0,0,0,1,0,0,1,0
60000000.0,200.0,6.0,5.0,0,0,0,0,0,0,0,1,0,0,1,0
58000000.0,320.0,4.0,4.0,1,1,1,0,1,0,0,1,1,0,1,0
80000000.0,350.0,4.0,3.0,1,0,1,1,1,0,0,1,1,0,0,0
135000000.0,400.0,4.0,3.0,1,1,1,1,1,0,0,1,1,1,0,0
75000000.0,275.0,5.0,5.0,0,0,1,1,0,0,0,0,0,0,1,0
95000000.0,500.0,6.0,5.0,1,1,1,1,0,1,0,0,0,0,1,0
375000000.0,500.0,7.0,5.0,1,1,0,1,1,1,0,0,1,0,1,0
85000000.0,230.0,3.0,3.0,1,0,1,0,0,0,0,1,0,0,1,0
350000000.0,250.0,6.0,5.0,1,0,1,1,1,1,0,1,1,0,0,1
350000000.0,400.0,8.0,5.0,0,1,1,1,1,1,0,1,1,0,0,1
65000000.0,200.0,4.0,4.0,0,0,1,1,0,0,0,0,0,0,1,0
160000000.0,200.0,5.0,4.0,0,1,1,0,1,0,0,0,1,0,1,0
65000000.0,180.0,5.0,4.0,0,0,0,1,0,0,0,0,0,0,1,0
60000000.0,200.0,6.0,5.0,0,0,0,0,0,0,0,0,0,0,1,0
90000000.0,210.0,3.0,3.0,1,0,0,1,0,0,0,1,0,0,1,0
650000000.0,1304.0,9.0,9.0,1,1,0,0,0,0,0,1,0,0,0,0
87000000.0,136.0,4.0,4.0,0,0,1,1,1,1,1,1,1,0,1,0
80000000.0,300.0,4.0,3.0,0,0,1,1,1,1,0,1,1,1,0,0
310000000.0,375.0,7.0,7.0,1,1,1,0,1,0,0,1,1,0,0,1
600000000.0,1250.0,30.0,17.0,0,1,1,0,0,0,0,1,0,0,0,1
160000000.0,250.0,6.0,6.0,1,1,1,1,1,0,1,1,1,0,1,0
44000000.0,250.0,4.0,4.0,0,0,1,1,1,0,0,1,1,1,0,0
880000000.0,813.0,12.0,10.0,0,1,1,0,1,0,1,1,1,0,1,0
220000000.0,250.0,6.0,6.0,1,0,1,0,1,0,1,1,1,0,1,0
460000000.0,460.0,7.0,7.0,1,1,1,0,1,1,1,1,1,0,1,0
300000000.0,250.0,6.0,5.0,0,1,0,1,1,0,0,1,1,0,0,0
600000000.0,2314.0,6.0,2.0,1,1,1,0,1,0,0,1,1,1,0,0
50000000.0,200.0,4.0,4.0,0,0,1,1,1,0,0,1,1,1,0,0
240000000.0,250.0,7.0,7.0,0,0,0,1,0,0,0,0,0,0,0,1
175000000.0,300.0,7.0,5.0,0,0,1,1,1,0,0,0,1,0,1,0
240000000.0,250.0,7.0,7.0,0,0,0,1,0,0,0,0,0,0,0,1
150000000.0,5.0,5.0,3.0,1,0,1,1,1,0,0,1,1,0,1,0
150000000.0,600.0,5.0,4.0,1,1,1,0,1,0,0,0,1,1,0,0
160000000.0,260.0,6.0,5.0,1,1,1,1,0,0,1,0,0,0,1,0
850000000.0,1171.0,7.0,4.0,1,0,1,0,1,1,0,1,1,0,1,0
130000000.0,200.0,6.0,4.0,0,0,1,1,1,0,1,0,1,0,0,1
95000000.0,300.0,5.0,2.0,0,0,1,1,1,1,0,1,1,1,0,0
88000000.0,220.0,4.0,3.0,0,0,1,1,1,1,0,1,1,1,0,0
850000000.0,1700.0,17.0,10.0,1,1,1,1,0,0,0,0,0,0,1,0
45000000.0,280.0,4.0,3.0,0,0,1,1,1,0,0,1,1,1,0,0
35000000.0,200.0,3.0,2.0,0,0,1,1,1,0,0,1,1,1,0,0
250000000.0,250.0,7.0,6.0,0,0,1,1,1,0,1,1,1,0,1,0
30000000.0,180.0,4.0,3.0,0,0,1,1,1,0,0,1,1,1,0,0
240000000.0,250.0,7.0,7.0,1,0,1,1,1,0,1,1,1,0,0,1
95000000.0,315.0,4.0,3.0,0,0,1,1,1,0,0,1,1,1,0,1
230000000.0,600.0,11.0,11.0,0,0,1,0,0,0,0,1,0,1,0,1
1200000000.0,1150.0,15.0,15.0,1,1,1,0,1,0,0,1,1,0,1,0
160000000.0,250.0,6.0,4.0,1,1,1,0,1,1,0,1,1,0,1,0
160000000.0,480.0,5.0,4.0,0,0,1,1,1,1,0,1,1,1,0,0
120000000.0,450.0,5.0,2.0,0,0,1,1,1,0,0,1,1,1,0,0
85000000.0,200.0,4.0,3.0,0,0,1,1,1,0,0,1,1,1,0,0
1400000000.0,2200.0,14.0,14.0,0,1,1,1,1,0,0,1,1,0,1,0
90000000.0,155.0,3.0,3.0,0,0,0,0,1,1,0,1,1,1,0,0
70000000.0,170.0,3.0,3.0,0,0,0,1,1,0,0,0,1,1,0,0
150000000.0,300.0,5.0,3.0,0,0,1,1,1,0,1,0,1,0,0,1
160000000.0,480.0,5.0,3.0,0,0,1,1,1,1,0,1,1,1,0,0
180000000.0,480.0,5.0,3.0,0,0,1,1,1,1,0,1,1,1,0,0
160000000.0,480.0,5.0,3.0,1,0,1,1,1,1,0,1,1,0,0,0
65000000.0,200.0,5.0,4.0,0,0,0,0,0,0,0,0,0,0,1,0
82000000.0,295.0,3.0,3.0,0,0,0,0,0,0,0,1,0,1,0,0
250000000.0,600.0,12.0,10.0,0,0,0,0,0,0,0,0,0,0,0,0
450000000.0,2250.0,12.0,15.0,0,1,1,0,0,0,0,0,0,1,0,0
250000000.0,968.0,10.0,7.0,0,0,0,0,0,0,0,0,0,0,1,0
70000000.0,200.0,3.0,2.0,0,0,0,0,0,0,0,1,0,1,0,0
600000000.0,465.0,6.0,5.0,0,1,1,1,1,1,0,1,1,0,1,0
75000000.0,275.0,5.0,5.0,0,0,1,1,1,0,0,0,1,0,1,0
100000000.0,225.0,4.0,3.0,0,0,1,0,1,0,0,1,1,1,0,0
450000000.0,476.0,15.0,9.0,0,1,1,1,1,1,0,0,1,0,0,1
200000000.0,260.0,7.0,5.0,0,0,0,0,0,0,1,0,0,0,1,0
135000000.0,400.0,7.0,5.0,0,0,0,0,0,0,0,0,0,0,1,0
210000000.0,300.0,7.0,7.0,0,0,1,1,1,0,0,1,1,0,1,0
950000000.0,1200.0,15.0,7.0,1,1,1,1,1,1,0,0,1,0,1,1
100000000.0,300.0,6.0,7.0,0,0,1,1,0,1,0,1,0,0,1,0
100000000.0,300.0,6.0,5.0,0,0,1,1,0,1,0,1,0,0,1,0
100000000.0,225.0,4.0,3.0,0,0,1,1,1,0,0,1,1,1,0,0
135000000.0,400.0,7.0,5.0,0,0,0,0,0,0,0,0,0,0,1,0
100000000.0,230.0,5.0,4.0,0,0,1,1,1,0,1,1,1,0,1,0
350000000.0,350.0,6.0,4.0,0,1,1,0,1,0,0,0,1,0,1,0
150000000.0,300.0,5.0,3.0,1,0,1,0,1,0,1,1,1,0,1,0
82000000.0,295.0,3.0,2.0,0,0,0,0,0,0,0,1,0,1,0,0
430000000.0,450.0,6.0,5.0,1,1,0,0,1,0,0,1,1,0,1,0
210000000.0,300.0,7.0,5.0,1,0,1,1,1,1,0,1,1,0,1,0
115000000.0,300.0,5.0,4.0,0,0,0,0,0,0,0,1,0,0,1,0
200000000.0,300.0,7.0,5.0,0,0,1,1,0,0,0,1,0,0,1,0
120000000.0,300.0,5.0,4.0,0,0,1,0,1,0,0,1,1,0,1,0
2300000000.0,3200.0,14.0,6.0,1,0,0,1,1,0,0,1,1,0,1,0
250000000.0,335.0,7.0,7.0,0,0,0,0,0,0,0,1,0,0,1,0
60000000.0,150.0,5.0,5.0,0,0,1,1,0,0,0,1,0,0,1,0
50000000.0,220.0,4.0,3.0,0,0,1,1,0,0,0,1,0,1,0,0
150000000.0,425.0,8.0,9.0,0,0,1,0,0,1,0,1,0,0,1,0
185000000.0,300.0,5.0,5.0,0,0,1,1,1,0,0,1,1,0,1,0
97000000.0,225.0,4.0,2.0,0,0,1,1,1,0,0,1,1,0,0,0
95000000.0,225.0,4.0,3.0,0,0,1,1,1,0,0,1,1,1,0,0
300000000.0,350.0,6.0,5.0,0,0,0,0,0,0,0,0,0,0,1,0
330000000.0,350.0,6.0,7.0,0,1,1,0,1,0,0,0,1,0,1,0
390000000.0,400.0,10.0,5.0,1,1,0,0,1,0,0,0,1,0,1,0
900000000.0,640.0,6.0,5.0,1,1,1,0,1,0,0,0,1,0,1,0
65000000.0,200.0,4.0,3.0,0,0,0,0,0,0,0,0,0,1,0,0
200000000.0,500.0,5.0,5.0,1,0,1,1,1,0,0,1,1,0,1,0
160000000.0,480.0,5.0,8.0,0,0,1,1,1,1,0,1,1,1,0,0
95000000.0,200.0,4.0,3.0,0,0,1,0,0,1,0,1,0,1,0,0
165000000.0,350.0,6.0,7.0,1,0,1,1,1,0,0,1,1,0,0,0
100000000.0,292.0,4.0,3.0,0,0,1,0,0,1,0,1,0,1,0,0
160000000.0,450.0,4.0,4.0,1,0,1,1,1,0,0,1,1,0,1,0
100000000.0,225.0,4.0,1.0,0,0,1,1,1,0,0,1,1,1,0,0
50000000.0,1000.0,6.0,4.0,1,1,1,1,1,0,0,1,1,0,1,0
400000000.0,605.0,5.0,5.0,1,1,1,1,1,1,1,1,1,0,1,0
350000000.0,300.0,7.0,6.0,0,1,1,0,1,0,0,1,1,0,0,0
78000000.0,200.0,5.0,5.0,0,0,0,1,1,0,0,1,1,0,1,0
400000000.0,400.0,10.0,10.0,1,1,1,0,1,1,1,1,1,0,1,0
90000000.0,155.0,3.0,3.0,0,0,1,1,1,1,0,1,1,1,0,0
65000000.0,200.0,4.0,2.0,0,0,0,0,0,0,0,1,0,1,0,0
65000000.0,600.0,6.0,6.0,0,1,1,1,1,0,0,1,1,1,0,0
216000000.0,276.0,7.0,4.0,0,0,1,1,1,1,1,1,1,0,1,0
65000000.0,200.0,5.0,5.0,0,0,1,1,1,0,1,1,1,0,0,1
250000000.0,968.0,10.0,6.0,1,1,1,1,1,0,0,1,1,0,1,0
60000000.0,320.0,4.0,3.0,0,0,1,1,1,0,0,1,1,0,1,0
115000000.0,300.0,5.0,5.0,1,0,1,1,1,0,0,1,1,0,1,0
50000000.0,200.0,4.0,3.0,0,0,1,1,1,1,0,1,1,1,0,0
170000000.0,200.0,5.0,5.0,0,1,1,1,1,0,1,1,1,0,1,0
180000000.0,220.0,6.0,5.0,0,1,1,0,1,0,0,1,1,0,1,0
160000000.0,1000.0,5.0,7.0,1,1,0,0,0,1,0,1,0,1,0,0
135000000.0,450.0,5.0,5.0,0,0,0,0,0,0,0,1,0,1,0,0
125000000.0,310.0,4.0,4.0,0,0,1,1,0,0,0,1,0,1,0,0
700000000.0,630.0,7.0,10.0,1,1,1,0,1,0,0,1,1,0,1,0
330000000.0,2368.0,10.0,15.0,0,0,1,1,0,0,0,1,0,0,0,0
50000000.0,200.0,4.0,4.0,0,0,1,1,1,0,0,1,1,0,1,0
100000000.0,225.0,4.0,3.0,0,0,1,1,1,0,0,1,1,1,0,0
110000000.0,300.0,5.0,5.0,0,0,0,0,0,0,0,1,0,0,1,0
97000000.0,225.0,4.0,2.0,0,0,1,1,1,0,0,1,1,0,0,0
110000000.0,300.0,5.0,4.0,0,0,0,0,0,0,0,1,0,0,1,0
75000000.0,402.0,5.0,4.0,1,0,0,1,1,0,0,1,1,0,1,0
200000000.0,350.0,6.0,5.0,1,1,0,0,0,0,0,0,0,0,1,0
900000000.0,640.0,6.0,6.0,1,1,1,0,1,0,0,0,1,0,1,0
135000000.0,300.0,6.0,4.0,0,0,1,1,1,0,0,1,1,0,1,0
100000000.0,225.0,4.0,4.0,0,0,1,0,1,0,0,1,1,1,0,0
250000000.0,422.0,8.0,8.0,0,0,0,0,0,1,0,1,0,0,1,0
200000000.0,500.0,5.0,5.0,1,0,1,1,1,0,0,1,1,0,1,0
450000000.0,450.0,4.0,4.0,1,1,0,0,0,0,0,0,0,0,1,0
2000000000.0,1400.0,9.0,6.0,1,0,1,1,1,0,0,0,1,0,0,1
65000000.0,250.0,5.0,4.0,0,0,0,0,0,0,0,0,0,0,1,0
135000000.0,400.0,4.0,3.0,1,0,1,0,0,0,0,1,0,1,0,0
85000000.0,230.0,3.0,2.0,1,0,1,0,0,0,0,1,0,0,1,0
280000000.0,600.0,6.0,4.0,1,0,0,0,0,0,0,1,0,1,0,0
750000000.0,650.0,7.0,4.0,1,0,1,0,1,0,0,0,1,0,0,0
150000000.0,280.0,4.0,3.0,0,0,0,0,1,0,0,0,1,0,1,0
250000000.0,300.0,4.0,3.0,1,0,1,1,1,1,0,0,1,0,1,0
75000000.0,402.0,5.0,4.0,1,0,0,1,1,0,0,1,1,0,1,0
150000000.0,600.0,5.0,4.0,1,1,1,1,1,0,0,0,1,1,0,0
320000000.0,375.0,7.0,5.0,1,1,1,0,1,0,0,0,1,0,0,1
200000000.0,900.0,4.0,3.0,0,1,0,0,0,1,0,1,0,0,1,0
220000000.0,250.0,6.0,4.0,1,0,1,0,1,0,0,1,1,0,1,0
100000000.0,225.0,4.0,2.0,0,0,1,1,1,0,0,1,1,1,0,0
95000000.0,300.0,9.0,4.0,0,0,1,1,1,0,0,1,1,0,1,0
250000000.0,478.0,7.0,5.0,0,0,1,1,1,0,0,0,1,0,1,0
100000000.0,225.0,4.0,3.0,0,0,1,0,1,0,0,1,1,1,0,0
160000000.0,200.0,4.0,4.0,0,0,0,0,0,0,0,1,0,0,1,0
350000000.0,516.0,5.0,4.0,0,1,1,1,1,1,1,1,1,0,1,1
220000000.0,250.0,6.0,4.0,1,0,0,0,1,0,0,0,1,0,1,0
1560000000.0,1300.0,6.0,5.0,1,1,0,0,0,0,0,0,0,1,0,0
110000000.0,300.0,5.0,3.0,0,0,1,1,1,1,0,1,1,1,0,0
250000000.0,350.0,4.0,3.0,1,0,1,1,0,1,0,1,0,1,0,0
29000000.0,150.0,3.0,2.0,0,0,1,1,1,0,0,1,1,1,0,0
40000000.0,281.0,4.0,3.0,0,0,1,1,1,1,0,1,1,0,1,0
110000000.0,300.0,5.0,4.0,1,0,1,1,0,1,1,1,0,0,1,0
200000000.0,250.0,4.0,4.0,0,0,0,1,0,0,0,0,0,0,0,0
165000000.0,319.0,5.0,1.0,1,0,0,0,0,0,0,0,0,0,0,0
80000000.0,200.0,4.0,3.0,0,0,1,1,1,1,0,1,1,1,0,0
130000000.0,300.0,11.0,9.0,0,0,1,1,1,1,1,1,1,0,1,0
120000000.0,293.0,8.0,6.0,0,0,1,1,1,1,1,1,1,0,1,0
95000000.0,300.0,4.0,3.0,0,0,1,1,1,0,0,0,1,1,0,0
185000000.0,250.0,4.0,4.0,1,1,1,1,1,1,1,1,1,0,1,0
65000000.0,180.0,4.0,3.0,0,0,1,1,0,0,0,0,0,1,0,0
85000000.0,400.0,6.0,6.0,0,0,1,1,1,0,0,1,1,1,0,0
39000000.0,200.0,4.0,3.0,0,0,1,1,1,0,0,1,1,1,0,0
270000000.0,300.0,5.0,5.0,0,0,0,0,0,0,0,1,0,1,0,0
190000000.0,350.0,8.0,5.0,0,0,1,0,1,0,1,1,1,0,1,0
110000000.0,270.0,6.0,3.0,0,0,1,1,0,0,0,1,0,1,0,0
85000000.0,200.0,4.0,3.0,0,0,0,0,0,0,0,0,0,0,0,0
300000000.0,1000.0,12.0,6.0,0,0,0,0,0,0,0,0,0,0,1,0
190000000.0,350.0,8.0,6.0,0,0,1,0,1,0,1,1,1,0,1,0
280000000.0,480.0,4.0,4.0,0,0,0,0,0,0,0,1,0,0,1,0
380000000.0,300.0,8.0,6.0,0,1,1,0,1,0,1,1,1,0,1,0
160000000.0,341.0,5.0,5.0,0,0,0,0,1,0,0,0,1,0,1,0
240000000.0,220.0,5.0,4.0,0,0,1,0,0,0,0,1,0,0,1,0
240000000.0,220.0,5.0,4.0,0,0,1,0,0,0,0,1,0,0,1,0
160000000.0,200.0,5.0,4.0,0,0,1,0,1,0,0,0,1,0,1,0
100000000.0,225.0,4.0,3.0,0,0,1,0,1,0,0,1,1,1,0,0
45000000.0,500.0,5.0,3.0,0,0,0,0,1,0,0,1,1,1,0,0
95000000.0,500.0,6.0,5.0,1,1,1,1,0,1,0,0,0,0,1,0
400000000.0,600.0,5.0,3.0,1,0,1,1,1,0,0,0,1,1,0,0
220000000.0,250.0,6.0,4.0,1,0,0,0,1,0,0,0,1,0,1,0
80000000.0,200.0,4.0,3.0,0,0,1,0,1,0,0,1,1,1,0,0
150000000.0,250.0,6.0,5.0,1,0,1,1,1,1,0,1,1,0,1,0
80000000.0,200.0,5.0,4.0,0,0,1,0,0,0,0,1,0,1,0,0
100000000.0,292.0,4.0,4.0,0,0,1,0,0,0,0,0,0,1,0,0
35000000.0,150.0,3.0,3.0,0,0,1,1,1,0,0,0,1,1,0,0
210000000.0,300.0,7.0,3.0,0,0,1,1,1,0,0,1,1,0,1,0
135000000.0,400.0,4.0,4.0,0,0,1,0,0,0,0,1,0,1,0,0
130000000.0,200.0,6.0,6.0,1,0,1,1,0,0,0,1,0,0,1,0
750000000.0,650.0,6.0,4.0,0,0,1,0,1,0,0,0,1,0,0,0
170000000.0,300.0,7.0,5.0,0,0,1,0,1,0,0,0,1,0,0,0
100000000.0,500.0,9.0,5.0,0,0,0,0,0,0,0,0,0,0,1,0
110000000.0,300.0,6.0,5.0,0,1,0,1,1,0,0,0,1,0,0,1
95000000.0,300.0,5.0,3.0,0,0,1,1,1,1,0,1,1,1,0,0
100000000.0,200.0,5.0,2.0,0,0,0,0,0,0,0,0,0,0,1,0
110000000.0,210.0,6.0,5.0,0,0,1,1,0,0,0,1,0,0,1,0
110000000.0,230.0,5.0,6.0,1,0,1,1,1,0,0,0,1,0,1,0
150000000.0,300.0,5.0,4.0,1,0,1,1,0,0,0,0,0,0,1,0
170000000.0,400.0,6.0,5.0,0,0,0,1,1,0,1,0,1,0,1,0
160000000.0,480.0,5.0,4.0,0,0,1,1,1,1,0,1,1,1,0,0
140000000.0,460.0,4.0,4.0,0,0,1,0,1,0,0,0,1,1,0,0
350000000.0,250.0,6.0,4.0,1,0,1,1,1,1,0,1,1,0,0,1
260000000.0,482.0,5.0,4.0,1,0,1,0,0,0,0,1,0,0,1,0
150000000.0,365.0,4.0,3.0,1,0,1,1,0,0,0,0,0,1,0,0
82000000.0,295.0,3.0,2.0,0,0,0,0,0,0,0,1,0,1,0,0
220000000.0,250.0,6.0,5.0,1,0,1,1,1,0,0,0,1,0,1,0
700000000.0,1200.0,9.0,8.0,1,1,1,1,1,1,1,0,1,0,1,1
60000000.0,200.0,4.0,3.0,0,0,1,1,0,0,0,0,0,1,0,0
350000000.0,400.0,6.0,5.0,0,0,1,0,0,0,0,0,0,0,1,0
65000000.0,250.0,4.0,3.0,0,0,1,1,0,0,0,0,0,0,1,0
100000000.0,200.0,5.0,4.0,0,0,0,0,0,0,0,0,0,0,1,0
110000000.0,600.0,5.0,4.0,1,1,1,1,0,0,0,1,0,0,1,0
65000000.0,250.0,4.0,4.0,0,0,1,1,0,0,0,0,0,0,1,0
600000000.0,1250.0,30.0,25.0,0,1,1,0,0,0,0,0,0,0,0,1
220000000.0,250.0,6.0,5.0,1,0,1,1,1,0,0,0,1,0,1,0
65000000.0,120.0,4.0,3.0,0,0,0,0,0,0,0,0,0,1,0,0
250000000.0,750.0,6.0,6.0,0,0,1,1,1,0,0,0,1,0,1,0
250000000.0,750.0,6.0,6.0,0,0,1,1,1,0,0,0,1,0,1,0
350000000.0,300.0,8.0,8.0,0,1,1,0,1,0,0,1,1,0,1,0
1300000000.0,740.0,10.0,8.0,1,1,1,1,1,1,0,1,1,0,1,1
150000000.0,250.0,7.0,6.0,0,0,1,1,1,0,0,1,1,0,1,0
55000000.0,150.0,5.0,4.0,0,0,0,0,1,0,0,1,1,0,1,0
115000000.0,200.0,5.0,4.0,0,0,0,0,0,0,0,1,0,0,1,0
380000000.0,300.0,8.0,8.0,0,1,1,0,1,0,0,1,1,0,1,0
400000000.0,379.0,4.0,4.0,1,0,1,1,0,0,0,1,0,0,1,0
115000000.0,300.0,5.0,5.0,0,0,1,1,1,0,1,1,1,0,1,0
250000000.0,200.0,5.0,4.0,0,1,1,0,1,0,1,1,1,0,1,1
180000000.0,400.0,4.0,4.0,1,0,1,1,1,0,0,1,1,0,1,0
220000000.0,335.0,5.0,4.0,0,0,0,0,0,0,0,1,0,0,0,1
110000000.0,200.0,7.0,6.0,0,0,1,1,0,0,0,1,0,0,0,1
80000000.0,183.0,4.0,3.0,0,0,0,0,0,0,0,1,0,1,0,0
180000000.0,400.0,4.0,3.0,0,0,0,0,0,0,0,1,0,0,1,0
90000000.0,216.0,3.0,3.0,0,0,1,1,0,0,0,1,0,1,0,0
25000000.0,80.0,3.0,2.0,0,0,1,1,0,0,0,1,0,1,0,0
380000000.0,300.0,8.0,7.0,0,1,1,0,1,0,0,1,1,0,1,0
150000000.0,250.0,5.0,5.0,0,0,0,0,0,1,0,1,0,0,1,0
115000000.0,300.0,5.0,4.0,0,0,1,1,1,0,1,1,1,0,1,0
680000000.0,970.0,8.0,5.0,1,1,0,0,1,1,1,1,1,0,1,0
39000000.0,150.0,3.0,3.0,0,0,1,1,1,0,0,1,1,1,0,0
90000000.0,155.0,3.0,3.0,0,0,0,0,1,1,0,1,1,1,0,0
850000000.0,1000.0,5.0,5.0,0,0,0,0,1,0,0,1,1,1,0,0
50000000.0,220.0,4.0,3.0,1,0,1,1,1,1,0,1,1,1,0,0
80000000.0,200.0,5.0,2.0,0,0,1,1,1,1,0,1,1,1,0,0
400000000.0,300.0,6.0,6.0,0,0,0,1,0,0,1,1,0,0,1,0
85000000.0,125.0,4.0,4.0,0,0,1,1,1,0,1,1,1,0,1,0
70000000.0,280.0,4.0,4.0,0,0,1,1,1,0,0,1,1,1,0,0
70000000.0,200.0,4.0,4.0,0,0,1,1,1,0,1,1,1,0,1,0
180000000.0,300.0,6.0,6.0,0,0,1,1,1,1,0,1,1,0,1,0
140000000.0,450.0,5.0,4.0,0,0,1,1,1,0,0,1,1,0,1,0
400000000.0,635.0,5.0,5.0,1,0,1,0,0,0,0,1,0,0,1,0
35000000.0,165.0,4.0,3.0,0,0,1,1,1,0,0,1,1,1,0,0
80000000.0,280.0,5.0,5.0,0,0,0,1,1,0,0,1,1,0,1,0
70000000.0,200.0,4.0,3.0,0,0,1,1,0,0,0,1,0,1,0,0
70000000.0,205.0,4.0,3.0,0,0,1,1,1,1,0,1,1,1,0,0
1300000000.0,1200.0,7.0,14.0,1,1,1,0,1,0,0,1,1,0,1,0
95000000.0,220.0,5.0,4.0,0,0,1,1,1,1,1,1,1,0,1,0
55000000.0,200.0,5.0,5.0,0,0,1,1,1,0,1,1,1,0,1,0
120000000.0,250.0,4.0,3.0,1,0,1,1,1,0,1,1,1,0,1,0
85000000.0,200.0,4.0,4.0,0,0,1,1,1,0,1,1,1,0,1,0
350000000.0,300.0,7.0,7.0,0,1,1,1,1,0,1,1,1,0,1,0
150000000.0,200.0,6.0,5.0,0,0,0,0,0,0,0,1,0,0,0,1
190000000.0,520.0,5.0,5.0,1,0,1,1,1,0,1,1,1,0,1,0
115000000.0,800.0,6.0,5.0,1,1,1,1,1,0,1,1,1,0,1,0
50000000.0,220.0,4.0,3.0,0,0,1,1,1,0,0,1,1,1,0,0
175000000.0,300.0,4.0,4.0,1,0,1,1,0,0,0,1,0,0,1,0
75000000.0,225.0,6.0,5.0,0,0,1,1,1,1,1,1,1,0,1,0
80000000.0,220.0,4.0,3.0,0,0,1,1,0,1,0,1,0,1,0,0
60000000.0,500.0,5.0,5.0,0,0,0,1,1,0,1,1,1,0,1,0
95000000.0,220.0,5.0,1.0,0,0,0,0,0,1,0,1,0,0,1,0
120000000.0,200.0,8.0,7.0,0,0,1,0,0,0,0,1,0,0,0,1
330000000.0,300.0,6.0,5.0,0,1,1,0,1,0,0,1,1,0,0,1
270000000.0,500.0,7.0,6.0,0,1,1,0,0,0,0,1,0,0,1,0
219000000.0,250.0,6.0,5.0,1,0,0,0,1,0,0,1,1,0,1,0
220000000.0,250.0,6.0,6.0,1,0,0,0,1,0,0,1,1,0,1,0
170000000.0,250.0,4.0,4.0,0,0,0,0,1,0,0,1,1,0,0,0
70000000.0,280.0,4.0,4.0,0,0,0,0,0,0,0,1,0,1,0,0
50000000.0,300.0,4.0,5.0,0,0,1,1,0,0,0,1,0,1,0,0
110000000.0,300.0,5.0,4.0,0,0,0,0,0,0,0,1,0,0,1,0
140000000.0,200.0,6.0,6.0,0,0,1,1,1,0,1,1,1,0,0,1
300000000.0,300.0,4.0,4.0,1,1,1,0,1,1,0,1,1,0,1,0
149000000.0,450.0,8.0,6.0,0,0,0,1,0,0,0,1,0,0,1,0
130000000.0,293.0,6.0,5.0,0,0,0,0,0,0,0,1,0,0,1,0
120000000.0,300.0,5.0,4.0,0,0,0,0,0,0,0,1,0,0,0,0
130000000.0,200.0,5.0,6.0,1,1,1,0,1,0,0,1,1,0,1,0
250000000.0,400.0,8.0,6.0,1,0,0,1,0,1,0,1,0,0,1,0
380000000.0,300.0,8.0,6.0,0,1,0,0,0,0,0,1,0,0,1,0
480000000.0,422.0,7.0,6.0,1,1,1,0,1,0,0,0,1,0,1,0
90000000.0,200.0,4.0,3.0,0,0,0,0,0,0,0,0,0,0,1,0
160000000.0,400.0,5.0,4.0,0,0,0,0,0,0,0,1,0,0,1,0
125000000.0,400.0,6.0,5.0,0,0,1,1,1,0,1,0,1,0,1,0
320000000.0,300.0,8.0,4.0,0,1,1,1,1,1,0,0,1,0,1,0
170000000.0,250.0,4.0,3.0,0,0,0,0,1,0,0,0,1,0,0,0
130000000.0,300.0,6.0,3.0,1,1,0,1,1,1,1,0,1,0,1,0
125000000.0,400.0,6.0,5.0,0,0,1,1,0,0,0,1,0,0,1,0
130000000.0,200.0,6.0,4.0,0,0,1,1,1,0,1,0,1,0,0,1
450000000.0,1000.0,4.0,5.0,0,1,0,0,1,0,0,0,1,0,1,0
450000000.0,1000.0,4.0,4.0,0,1,0,0,1,0,0,0,1,1,0,0
85000000.0,600.0,4.0,4.0,0,0,0,0,0,0,0,1,0,0,1,0
120000000.0,200.0,6.0,5.0,0,1,1,1,1,1,1,1,1,0,1,0
190000000.0,200.0,6.0,5.0,0,0,1,0,0,0,0,0,1,0,1,0
130000000.0,230.0,4.0,2.0,0,0,1,1,0,0,0,0,0,1,0,0
150000000.0,300.0,6.0,7.0,0,1,1,1,0,0,0,1,0,0,1,0
550000000.0,600.0,10.0,9.0,1,1,1,0,1,1,1,0,1,0,0,1
65000000.0,129.0,4.0,3.0,1,0,1,1,1,0,0,0,1,1,0,0
110000000.0,300.0,6.0,5.0,1,1,1,1,1,0,1,0,1,0,1,0
65000000.0,265.0,4.0,4.0,0,0,0,0,0,0,0,0,0,0,1,0
55000000.0,200.0,4.0,4.0,0,0,0,1,0,0,0,0,0,0,1,0
80000000.0,600.0,3.0,3.0,0,0,0,0,0,0,0,1,0,0,1,0
100000000.0,200.0,5.0,4.0,0,0,0,0,1,1,1,0,1,0,1,0
120000000.0,300.0,5.0,4.0,0,0,1,0,1,0,0,1,1,0,1,0
125000000.0,200.0,6.0,4.0,0,0,1,1,1,0,1,0,1,0,0,1
350000000.0,300.0,6.0,4.0,0,1,1,0,1,0,0,0,1,0,1,0
150000000.0,280.0,4.0,4.0,1,0,0,1,1,0,0,1,1,0,1,0
60000000.0,200.0,4.0,1.0,0,0,0,0,0,0,0,1,0,0,1,0
260000000.0,561.0,7.0,6.0,0,0,1,1,0,1,0,1,0,0,1,0
125000000.0,400.0,6.0,6.0,0,0,1,1,0,0,0,1,0,0,1,0
60000000.0,200.0,4.0,4.0,0,0,0,0,0,0,0,1,0,0,0,0
29000000.0,120.0,3.0,3.0,0,0,0,0,0,0,0,1,0,1,0,0
1400000000.0,1100.0,22.0,17.0,0,0,0,0,0,0,0,0,0,0,1,0
550000000.0,600.0,10.0,6.0,1,1,1,0,1,1,1,0,1,0,1,0
160000000.0,200.0,4.0,4.0,0,0,0,0,0,0,0,0,0,0,1,0
100000000.0,200.0,4.0,3.0,0,0,0,1,1,0,0,1,1,1,0,0
165000000.0,250.0,6.0,4.0,1,0,1,1,1,1,1,1,1,0,1,0
750000000.0,500.0,7.0,5.0,0,1,0,1,1,1,0,0,1,0,1,0
650000000.0,1200.0,5.0,5.0,0,0,0,0,0,0,0,0,0,0,0,0
60000000.0,180.0,4.0,2.0,0,0,0,1,0,0,0,1,0,0,1,0
190000000.0,300.0,6.0,5.0,0,0,1,1,1,0,1,0,1,0,1,0
350000000.0,300.0,6.0,4.0,0,1,1,1,1,0,0,0,1,0,0,1
160000000.0,230.0,5.0,4.0,0,0,1,1,1,0,1,1,1,0,1,0
80000000.0,225.0,6.0,4.0,0,0,1,1,1,0,1,0,1,0,1,0
185000000.0,300.0,5.0,4.0,0,0,1,1,1,0,1,1,1,0,1,0
65000000.0,200.0,7.0,4.0,0,0,1,1,1,0,0,0,1,0,1,0
370000000.0,500.0,9.0,6.0,0,1,0,0,1,1,0,0,1,0,1,0
400000000.0,379.0,4.0,4.0,1,0,1,1,0,0,0,0,0,0,1,0
220000000.0,250.0,6.0,4.0,1,0,0,0,1,0,0,0,1,0,1,0
190000000.0,600.0,6.0,4.0,1,1,1,0,1,0,0,1,1,1,0,0
490000000.0,700.0,5.0,4.0,1,1,0,1,1,0,0,1,1,0,1,0
75000000.0,200.0,4.0,1.0,0,0,1,1,0,0,0,1,0,1,0,0
90000000.0,200.0,7.0,9.0,0,0,0,0,0,0,0,1,0,0,1,0
280000000.0,480.0,5.0,5.0,1,0,1,0,0,0,0,1,0,0,1,0
50000000.0,200.0,4.0,3.0,0,0,0,0,0,0,0,1,0,1,0,0
80000000.0,350.0,5.0,4.0,1,0,1,1,1,1,1,1,1,0,1,0
160000000.0,250.0,6.0,4.0,1,0,1,1,1,0,0,1,1,1,0,1
85000000.0,350.0,3.0,3.0,0,1,1,1,0,1,0,1,0,1,0,0
150000000.0,365.0,4.0,5.0,1,0,1,1,0,0,0,1,0,1,0,0
90000000.0,200.0,5.0,4.0,0,0,0,0,0,0,0,1,0,0,1,0
800000000.0,1150.0,5.0,4.0,1,1,0,0,0,0,0,1,0,0,1,0
170000000.0,253.0,4.0,2.0,1,0,1,1,1,0,1,0,1,0,1,0
80000000.0,200.0,4.0,3.0,0,0,0,0,0,0,0,0,0,0,1,0
95000000.0,200.0,7.0,5.0,0,0,1,1,1,1,1,1,1,0,0,1
150000000.0,250.0,6.0,5.0,0,0,1,0,1,1,0,1,1,0,1,0
1600000000.0,1400.0,17.0,17.0,0,0,0,0,0,0,0,0,0,0,1,0
99000000.0,300.0,5.0,5.0,1,0,0,0,0,0,1,1,0,0,1,0
180000000.0,300.0,5.0,4.0,0,0,0,1,1,0,0,0,1,1,0,0
180000000.0,350.0,7.0,6.0,0,0,0,1,1,0,0,0,1,1,0,0
120000000.0,1.0,7.0,5.0,0,0,1,1,1,0,0,1,1,0,0,1
150000000.0,280.0,4.0,4.0,0,0,0,0,1,0,0,1,1,0,1,0
250000000.0,511.0,6.0,5.0,1,1,1,1,1,0,0,1,1,0,1,0
100000000.0,250.0,4.0,3.0,0,0,0,1,1,0,0,1,1,1,0,0
680000000.0,850.0,5.0,4.0,1,1,0,0,0,0,0,1,0,1,0,0
80000000.0,600.0,6.0,5.0,0,0,1,0,0,0,0,1,0,1,0,0
280000000.0,2300.0,4.0,3.0,1,1,1,0,0,0,0,0,0,0,1,0
38000000.0,253.0,4.0,3.0,0,0,1,1,1,0,0,1,1,1,0,0
1800000000.0,3254.0,14.0,9.0,0,1,1,0,1,0,0,0,1,0,1,0
150000000.0,250.0,6.0,6.0,0,0,1,0,1,1,0,1,1,0,1,0
400000000.0,379.0,4.0,3.0,1,0,1,1,0,0,0,0,0,0,1,0
270000000.0,492.0,6.0,6.0,0,1,0,0,1,0,0,1,1,1,0,0
480000000.0,900.0,7.0,6.0,1,1,1,1,1,0,0,0,1,0,1,0
100000000.0,300.0,4.0,3.0,1,0,0,0,0,0,0,1,0,0,0,0
35000000.0,125.0,4.0,3.0,0,0,0,0,0,0,0,1,0,0,0,0
220000000.0,400.0,6.0,5.0,0,0,0,0,0,0,0,0,0,0,1,0
135000000.0,200.0,6.0,4.0,0,0,1,1,1,0,0,0,1,0,0,1
185000000.0,200.0,7.0,7.0,0,0,1,0,1,0,0,0,1,0,0,1
360000000.0,376.0,8.0,6.0,0,1,1,1,1,0,0,0,1,0,1,0
950000000.0,1000.0,13.0,9.0,1,0,1,0,1,0,0,0,1,0,1,0
140000000.0,200.0,6.0,7.0,0,0,1,1,1,0,1,0,1,0,0,1
250000000.0,300.0,4.0,4.0,1,0,1,1,1,1,0,0,1,0,1,0
280000000.0,400.0,8.0,5.0,0,1,1,0,0,0,0,0,0,0,1,0
250000000.0,185.0,7.0,7.0,0,0,0,0,1,1,0,1,1,0,1,0
45000000.0,110.0,3.0,3.0,0,0,0,0,1,0,0,0,1,1,0,0
95000000.0,250.0,5.0,4.0,0,0,1,1,1,0,0,1,1,0,1,0
350000000.0,300.0,6.0,4.0,1,1,1,0,0,1,0,0,0,0,1,0
350000000.0,300.0,6.0,4.0,1,1,1,0,0,1,0,0,0,0,1,0
175000000.0,385.0,7.0,5.0,0,0,1,1,1,0,0,1,1,0,1,0
50000000.0,200.0,3.0,3.0,0,0,0,0,0,0,0,1,0,0,0,0
850000000.0,1200.0,13.0,10.0,1,0,1,0,0,0,0,0,0,0,1,0
180000000.0,300.0,6.0,4.0,1,0,1,0,1,0,0,0,1,0,1,0
550000000.0,525.0,10.0,7.0,1,0,1,1,1,1,0,0,1,0,0,1
140000000.0,300.0,4.0,3.0,0,0,0,0,0,1,0,1,0,0,1,0
280000000.0,300.0,7.0,5.0,0,0,1,0,1,1,0,1,1,0,1,0
90000000.0,200.0,5.0,5.0,0,0,1,0,1,0,1,1,1,0,1,0
50000000.0,150.0,4.0,1.0,0,0,0,0,0,0,0,1,0,1,0,0
550000000.0,525.0,10.0,7.0,1,0,1,1,1,1,0,0,1,0,0,1
130000000.0,300.0,6.0,4.0,1,1,1,1,0,1,0,0,0,0,1,0
130000000.0,293.0,8.0,4.0,0,0,0,0,0,0,0,1,0,0,1,0
50000000.0,300.0,4.0,4.0,0,0,0,0,0,0,0,1,0,1,0,0
110000000.0,270.0,6.0,4.0,0,0,1,1,1,0,0,1,1,1,0,0
130000000.0,250.0,4.0,4.0,1,0,1,1,0,0,0,0,0,0,1,0
50000000.0,300.0,4.0,3.0,0,0,0,0,0,0,0,0,0,0,0,0
90000000.0,240.0,4.0,4.0,0,0,0,0,0,1,0,1,0,0,1,0
150000000.0,385.0,5.0,5.0,0,1,1,1,1,0,1,1,1,0,1,0
400000000.0,300.0,6.0,5.0,0,0,0,1,0,1,0,0,0,0,1,0
120000000.0,250.0,5.0,4.0,0,0,0,0,0,0,0,1,0,0,1,0
400000000.0,300.0,7.0,6.0,0,1,1,0,1,0,0,0,1,0,1,0
260000000.0,492.0,6.0,5.0,1,1,0,1,0,0,1,1,0,0,1,0
350000000.0,300.0,6.0,6.0,0,1,0,0,1,0,0,0,1,0,1,0
380000000.0,300.0,8.0,8.0,0,1,0,0,0,0,0,0,0,0,1,0
60000000.0,250.0,5.0,5.0,1,0,1,1,0,0,0,1,0,0,1,0
90000000.0,200.0,4.0,3.0,0,0,0,0,0,0,0,0,0,0,1,0
95000000.0,600.0,6.0,5.0,1,0,0,1,1,0,0,0,1,1,0,0
185000000.0,200.0,7.0,7.0,0,0,1,0,1,0,0,0,1,0,0,1
420000000.0,600.0,6.0,6.0,0,1,1,1,0,0,0,1,0,1,0,0
220000000.0,250.0,6.0,5.0,1,0,0,0,1,0,0,0,1,0,1,0
3000000000.0,3000.0,7.0,5.0,1,1,1,1,1,1,0,0,1,1,0,0
60000000.0,245.0,6.0,5.0,0,0,1,1,1,0,1,1,1,0,1,0
68000000.0,35.0,2.0,1.0,0,0,0,0,0,0,0,1,0,0,0,0
950000000.0,515.0,13.0,15.0,0,0,0,0,0,0,0,1,0,0,0,1
130000000.0,450.0,5.0,5.0,0,0,0,0,0,0,0,1,0,0,1,0
130000000.0,293.0,6.0,6.0,0,0,0,0,0,0,0,1,0,0,1,0
60000000.0,245.0,6.0,5.0,0,0,0,0,0,0,0,1,0,0,1,0
480000000.0,422.0,7.0,6.0,1,1,1,1,1,0,0,1,1,0,1,0
130000000.0,293.0,6.0,7.0,0,0,0,0,0,0,0,1,0,0,1,0
95000000.0,240.0,4.0,4.0,0,0,0,0,0,0,0,1,0,0,1,0
400000000.0,220.0,3.0,3.0,0,1,1,0,1,0,0,1,1,0,1,0
130000000.0,200.0,8.0,7.0,0,0,0,0,0,0,0,1,0,0,0,1
115000000.0,800.0,6.0,6.0,0,1,1,1,1,0,0,1,1,0,1,0
280000000.0,400.0,7.0,6.0,0,1,1,0,0,0,0,0,0,0,1,0
190000000.0,300.0,4.0,4.0,1,0,1,0,0,0,0,1,0,0,1,0
230000000.0,330.0,7.0,5.0,0,0,0,0,1,0,0,1,1,0,1,0
150000000.0,300.0,5.0,6.0,1,0,1,0,0,0,0,0,0,0,1,0
85000000.0,260.0,4.0,3.0,0,0,0,0,0,0,0,1,0,0,1,0
150000000.0,355.0,5.0,4.0,0,1,0,1,0,0,0,1,0,0,1,0
350000000.0,400.0,6.0,6.0,0,0,0,0,0,0,0,0,0,0,1,0
200000000.0,600.0,5.0,4.0,1,0,1,0,1,0,0,0,1,0,1,0
130000000.0,200.0,6.0,6.0,0,0,1,1,1,0,0,0,1,0,0,1
120000000.0,600.0,5.0,10.0,0,0,0,0,0,0,0,0,0,0,1,0
150000000.0,300.0,5.0,3.0,1,0,1,0,1,0,1,0,1,0,1,0
650000000.0,788.0,6.0,4.0,1,0,0,1,0,1,0,0,0,0,1,0
510000000.0,350.0,9.0,5.0,1,1,1,0,1,1,1,1,1,0,0,1
120000000.0,300.0,4.0,2.0,0,0,1,1,0,0,0,1,0,0,0,0
120000000.0,250.0,4.0,5.0,1,0,1,1,1,1,1,1,1,1,0,0
70000000.0,310.0,9.0,5.0,1,0,1,1,1,0,0,1,1,1,1,1
185000000.0,300.0,6.0,5.0,0,0,1,1,0,0,0,1,0,0,0,1
185000000.0,613.0,7.0,7.0,1,1,1,1,1,0,0,0,1,0,1,0
150000000.0,600.0,5.0,3.0,0,0,1,0,0,0,0,0,0,1,0,0
29000000.0,200.0,4.0,4.0,1,0,1,0,0,0,0,1,0,0,1,0
140000000.0,200.0,5.0,4.0,1,0,1,0,0,0,0,1,0,0,1,0
150000000.0,500.0,10.0,8.0,0,0,0,0,0,0,0,1,0,0,1,0
430000000.0,450.0,4.0,3.0,1,1,1,1,0,0,0,1,0,0,1,0
280000000.0,400.0,8.0,8.0,0,1,1,0,0,0,0,1,0,0,1,0
1400000000.0,1600.0,12.0,12.0,0,1,1,1,1,0,0,1,1,0,1,0
750000000.0,780.0,7.0,7.0,1,1,0,1,1,0,1,1,1,0,1,0
310000000.0,421.0,11.0,7.0,1,0,1,0,1,1,0,1,1,0,1,0
250000000.0,376.0,7.0,7.0,0,0,1,1,1,1,0,1,1,0,1,0
200000000.0,380.0,7.0,5.0,1,0,1,0,0,1,0,1,0,0,1,0
115000000.0,305.0,5.0,5.0,1,1,1,1,0,0,0,1,0,0,1,0
1000000000.0,1200.0,8.0,8.0,1,1,0,0,0,0,0,0,0,1,0,0
900000000.0,1300.0,16.0,16.0,0,0,0,0,0,0,0,0,0,0,1,0
210000000.0,400.0,4.0,4.0,0,1,0,0,1,0,0,0,1,0,1,0
190000000.0,380.0,5.0,4.0,1,1,1,1,1,0,0,0,1,1,0,0
1300000000.0,1200.0,15.0,15.0,0,0,0,0,0,0,0,0,0,0,1,0
280000000.0,350.0,8.0,7.0,0,1,1,0,0,0,0,1,0,0,1,0
350000000.0,400.0,6.0,6.0,0,0,0,0,0,0,0,0,0,0,1,0
1600000000.0,1410.0,17.0,12.0,0,0,0,0,0,0,0,0,0,0,1,0
95000000.0,216.0,3.0,2.0,0,0,1,1,0,1,0,1,0,1,0,0
300000000.0,600.0,19.0,14.0,0,0,1,1,1,0,0,0,1,0,1,0
60000000.0,280.0,5.0,3.0,0,0,0,1,0,0,0,1,0,1,0,0
150000000.0,612.0,5.0,6.0,0,0,1,1,0,0,0,0,0,0,0,0
150000000.0,600.0,5.0,4.0,1,1,1,0,1,0,0,0,1,1,0,0
200000000.0,600.0,8.0,3.0,0,0,0,0,0,0,0,1,0,0,1,0
400000000.0,300.0,5.0,5.0,1,1,0,1,1,1,0,1,1,0,1,0
867053970.0,813.0,10.0,2.0,0,1,1,1,1,1,0,1,1,0,0,0
180000000.0,800.0,4.0,4.0,0,1,1,1,1,0,0,1,1,0,0,0
80000000.0,300.0,3.0,3.0,0,0,0,0,0,0,0,1,0,1,0,0
150000000.0,612.0,5.0,6.0,0,0,1,1,0,0,0,0,0,1,0,0
145000000.0,350.0,5.0,5.0,0,0,1,1,0,0,0,0,0,0,1,0
150000000.0,613.0,5.0,4.0,1,0,1,1,1,0,0,0,1,0,1,0
800000000.0,700.0,8.0,8.0,1,0,1,1,1,0,1,0,1,0,1,0
110000000.0,305.0,5.0,1.0,1,1,1,0,1,0,0,1,1,0,1,0
370000000.0,376.0,8.0,6.0,0,1,1,1,1,0,0,1,1,0,1,0
85000000.0,600.0,3.0,3.0,0,0,1,1,1,0,0,1,1,1,0,0
110000000.0,300.0,6.0,5.0,1,0,1,0,1,0,0,0,1,0,1,0
800000000.0,700.0,8.0,8.0,1,0,1,1,1,0,1,0,1,0,1,0
430000000.0,800.0,5.0,2.0,1,0,1,0,1,0,0,0,1,1,0,0
50000000.0,200.0,4.0,4.0,0,0,1,1,1,0,0,1,1,1,0,0
160000000.0,300.0,7.0,7.0,0,0,1,0,1,0,0,0,1,0,0,0
800000000.0,1100.0,7.0,6.0,1,1,1,0,0,0,0,0,0,0,1,0
140000000.0,200.0,5.0,4.0,1,0,1,0,0,0,0,1,0,0,1,0
150000000.0,300.0,5.0,4.0,1,0,1,1,1,0,1,0,1,0,1,0
65000000.0,200.0,4.0,4.0,0,0,0,0,0,0,0,1,0,0,1,0
100000000.0,300.0,5.0,4.0,0,0,1,0,1,0,0,0,1,0,1,0
85000000.0,216.0,3.0,3.0,0,0,1,1,0,0,0,1,0,1,0,0
165000000.0,280.0,6.0,7.0,1,0,1,1,0,0,0,1,0,0,1,0
680000000.0,781.0,15.0,10.0,1,1,1,0,1,0,0,1,1,0,1,0
160000000.0,280.0,6.0,5.0,1,1,1,1,0,0,1,1,0,0,1,0
100000000.0,400.0,6.0,5.0,0,0,1,1,1,0,0,1,1,0,1,0
480000000.0,900.0,7.0,6.0,1,1,1,0,1,0,0,1,1,0,1,0
270000000.0,300.0,5.0,4.0,0,0,0,0,0,0,0,1,0,1,0,0
550000000.0,600.0,7.0,3.0,0,1,1,1,1,0,0,1,1,0,1,0
80000000.0,600.0,3.0,2.0,0,0,0,0,0,0,0,1,0,1,0,0
900000000.0,1000.0,8.0,5.0,0,0,1,0,1,0,0,1,1,0,1,0
55000000.0,200.0,4.0,1.0,0,0,0,1,1,0,0,1,1,1,0,0
270000000.0,300.0,5.0,3.0,0,0,0,0,0,0,0,1,0,1,0,0
600000000.0,675.0,5.0,4.0,0,1,0,0,0,0,0,0,0,1,0,0
120000000.0,300.0,6.0,3.0,0,0,1,1,0,0,0,1,0,1,0,0
430000000.0,800.0,4.0,2.0,1,0,1,0,1,0,0,0,1,1,0,0
700000000.0,1000.0,8.0,6.0,1,1,1,1,1,1,1,0,1,1,0,1
200000000.0,400.0,10.0,4.0,1,0,0,1,0,0,0,1,0,0,1,0
650000000.0,503.0,6.0,3.0,1,0,1,0,0,0,0,1,0,1,0,0
800000000.0,1265.0,9.0,6.0,0,0,0,0,0,0,0,1,0,1,0,1
190000000.0,447.0,6.0,6.0,0,0,0,0,0,0,0,1,0,0,1,0
90000000.0,300.0,6.0,6.0,0,0,0,0,0,1,0,1,0,0,1,0
90000000.0,216.0,3.0,3.0,0,0,1,1,1,1,0,1,1,1,0,0
350000000.0,350.0,6.0,6.0,0,1,1,0,1,0,0,0,1,0,1,0
380000000.0,376.0,7.0,8.0,1,1,1,0,1,1,1,1,1,0,1,0
750000000.0,500.0,7.0,7.0,0,1,0,1,1,1,0,0,1,0,1,0
650000000.0,1057.0,5.0,6.0,1,1,1,0,0,1,0,0,0,0,0,0
70000000.0,200.0,4.0,4.0,0,0,0,0,0,0,0,1,0,0,1,0
90000000.0,218.0,4.0,5.0,0,0,1,1,1,0,0,1,1,0,1,0
200000000.0,400.0,10.0,9.0,1,0,0,0,0,0,1,1,1,1,0,0
220000000.0,962.0,10.0,8.0,0,0,0,1,1,0,0,0,1,0,1,0
600000000.0,600.0,7.0,7.0,0,1,1,1,1,0,0,0,1,0,1,0
280000000.0,400.0,7.0,8.0,1,1,1,0,0,0,0,1,0,0,1,0
250000000.0,333.0,4.0,2.0,1,0,1,0,0,0,0,1,0,0,1,0
47000000.0,200.0,5.0,5.0,0,0,1,0,0,0,0,1,0,0,0,1
75000000.0,150.0,3.0,3.0,0,0,0,1,0,0,0,0,0,0,0,0
480000000.0,7.0,7.0,6.0,0,0,1,0,1,0,0,0,1,0,1,0
160000000.0,260.0,6.0,4.0,0,0,1,1,1,0,1,1,1,0,1,0
360000000.0,376.0,8.0,7.0,0,1,1,0,1,0,0,1,1,0,1,0
85000000.0,600.0,3.0,3.0,0,0,0,0,0,0,0,1,0,0,0,0
480000000.0,400.0,7.0,7.0,0,1,1,0,1,0,0,0,1,0,1,0
27000000.0,180.0,3.0,2.0,0,0,0,0,0,0,0,1,0,1,0,0
130000000.0,300.0,5.0,5.0,0,0,0,1,1,0,1,0,1,0,1,0
480000000.0,400.0,7.0,7.0,0,1,1,0,1,0,0,0,1,0,1,0
80000000.0,600.0,3.0,2.0,0,0,0,0,0,0,0,1,0,1,0,0
480000000.0,400.0,7.0,7.0,0,1,1,0,1,0,0,0,1,0,1,0
70000000.0,200.0,4.0,4.0,0,0,0,0,0,0,0,1,0,0,1,0
480000000.0,900.0,7.0,6.0,1,1,1,1,1,0,0,0,1,0,1,0
120000000.0,200.0,5.0,3.0,0,0,1,1,1,0,0,0,1,0,1,0
55000000.0,150.0,4.0,4.0,0,0,0,0,0,0,0,0,0,0,1,0
170000000.0,330.0,4.0,3.0,0,0,0,0,0,0,0,0,0,1,0,0
150000000.0,250.0,5.0,5.0,0,0,1,0,0,0,1,0,0,0,1,0
350000000.0,200.0,5.0,6.0,0,1,1,1,1,0,0,0,1,0,0,1
400000000.0,400.0,4.0,3.0,1,0,1,1,1,0,0,1,1,0,1,0
450000000.0,600.0,6.0,6.0,0,1,1,0,0,1,0,1,0,0,1,0
90000000.0,216.0,3.0,3.0,0,0,1,1,0,0,0,1,0,1,0,0
1600000000.0,1611.0,12.0,9.0,0,0,1,0,1,0,0,0,1,0,0,1
150000000.0,200.0,5.0,4.0,0,0,0,0,0,0,0,0,0,0,1,0
480000000.0,400.0,7.0,6.0,0,1,1,0,1,0,0,0,1,0,1,0
150000000.0,320.0,4.0,3.0,0,0,1,1,1,0,0,0,1,0,0,0
150000000.0,612.0,5.0,5.0,0,0,1,1,0,0,0,0,0,0,0,0
150000000.0,200.0,4.0,4.0,0,0,1,1,1,0,1,1,1,0,1,0
480000000.0,400.0,7.0,6.0,1,1,1,1,1,0,0,0,1,0,1,0
480000000.0,400.0,7.0,7.0,0,1,1,0,1,0,0,0,1,0,1,0
110000000.0,200.0,5.0,5.0,0,0,0,1,0,0,0,0,0,0,1,0
350000000.0,400.0,7.0,5.0,1,0,0,1,1,0,0,0,1,0,1,0
150000000.0,300.0,4.0,5.0,0,0,1,1,1,0,1,1,1,0,1,0
400000000.0,635.0,5.0,4.0,1,0,1,0,0,0,0,0,0,0,1,0
100000000.0,300.0,5.0,3.0,0,0,1,1,1,1,0,1,1,1,0,0
110000000.0,200.0,5.0,5.0,0,0,1,0,1,0,1,1,1,0,1,0
200000000.0,520.0,7.0,7.0,1,0,1,0,1,0,1,1,1,0,1,0
250000000.0,600.0,6.0,6.0,0,0,1,0,0,0,0,0,0,0,1,0
450000000.0,635.0,7.0,7.0,1,0,1,1,1,1,0,0,1,0,1,0
150000000.0,280.0,4.0,4.0,0,0,0,0,1,0,0,0,1,0,1,0
100000000.0,250.0,5.0,5.0,0,1,1,1,1,0,0,0,1,0,0,0
115000000.0,200.0,4.0,3.0,0,1,0,0,0,0,0,0,0,0,1,0
130000000.0,250.0,7.0,4.0,0,0,0,1,1,0,0,1,1,1,0,0
150000000.0,280.0,4.0,4.0,0,0,0,0,1,0,0,0,1,0,1,0
850000000.0,1300.0,16.0,15.0,0,0,0,0,0,0,0,0,0,0,1,0
175000000.0,400.0,7.0,6.0,0,0,0,0,0,0,0,1,0,0,1,0
400000000.0,635.0,5.0,5.0,1,0,1,1,1,0,0,0,1,0,1,0
42000000.0,150.0,4.0,3.0,0,0,0,1,0,0,0,1,0,0,1,0
150000000.0,385.0,5.0,3.0,0,1,0,1,0,1,0,1,0,0,1,0
400000000.0,300.0,8.0,7.0,0,1,1,0,1,0,0,0,1,0,1,0
150000000.0,300.0,7.0,5.0,0,1,1,1,1,0,0,0,1,0,1,0
185000000.0,200.0,7.0,7.0,0,0,1,0,1,0,0,0,1,0,0,1
450000000.0,645.0,4.0,3.0,1,0,0,0,1,0,0,0,1,1,0,0
360000000.0,300.0,8.0,7.0,0,1,1,1,0,0,0,1,0,0,0,0
170000000.0,260.0,6.0,4.0,1,0,1,1,1,0,0,0,1,0,1,0
90000000.0,300.0,6.0,6.0,0,0,0,0,0,1,0,1,0,0,1,0
130000000.0,200.0,7.0,6.0,0,0,1,1,0,0,0,1,0,0,0,1
120000000.0,300.0,4.0,4.0,0,0,0,0,0,1,0,1,0,0,1,0
70000000.0,184.0,4.0,2.0,0,0,0,0,0,1,0,1,0,1,0,0
550000000.0,290.0,7.0,7.0,0,1,1,1,1,0,0,1,1,0,1,0
250000000.0,962.0,10.0,7.0,1,0,0,0,1,0,0,1,1,1,0,0
65000000.0,280.0,4.0,4.0,0,0,0,0,0,0,0,1,0,0,0,0
65000000.0,280.0,4.0,4.0,0,0,0,0,0,0,0,1,0,1,0,0
130000000.0,210.0,5.0,5.0,0,0,0,0,0,0,0,1,0,0,1,0
250000000.0,300.0,6.0,6.0,0,0,0,0,0,0,0,1,0,0,1,0
85000000.0,230.0,3.0,4.0,1,0,1,0,0,0,0,1,0,0,1,0
450000000.0,400.0,7.0,7.0,1,1,1,0,1,1,0,1,1,0,1,0
120000000.0,300.0,6.0,6.0,1,1,1,1,0,0,1,1,0,0,1,0
85000000.0,230.0,3.0,3.0,1,0,1,0,0,0,0,1,0,0,1,0
500000000.0,660.0,4.0,4.0,1,1,0,0,0,0,0,1,0,1,0,0
470000000.0,654.0,5.0,4.0,0,1,1,1,1,0,0,1,1,1,0,0
750000000.0,680.0,10.0,10.0,0,1,0,0,0,0,0,1,0,1,0,0
155000000.0,200.0,6.0,5.0,1,0,1,0,1,1,0,1,1,0,1,0
1300000000.0,1200.0,15.0,10.0,0,1,1,1,1,1,0,1,1,0,1,1
600000000.0,600.0,6.0,4.0,1,1,0,0,1,1,0,1,1,0,1,0
480000000.0,500.0,8.0,6.0,0,0,1,0,1,0,0,0,1,0,1,0
150000000.0,200.0,6.0,6.0,1,0,1,0,1,1,0,1,1,0,1,0
48000000.0,200.0,4.0,4.0,0,0,1,0,0,0,0,1,0,0,1,0
230000000.0,1099.0,4.0,3.0,0,1,0,0,0,0,0,0,0,0,0,0
285000000.0,450.0,5.0,4.0,1,0,1,1,1,0,0,0,1,0,1,0
85000000.0,200.0,4.0,3.0,0,0,1,1,1,0,0,0,1,0,1,0
200000000.0,500.0,4.0,3.0,1,1,0,1,1,0,0,0,1,0,0,0
85000000.0,300.0,4.0,3.0,1,0,1,1,1,0,1,1,1,0,1,0
800000000.0,2400.0,5.0,5.0,1,1,0,1,0,0,0,1,0,0,1,0
480000000.0,450.0,7.0,5.0,0,1,1,0,1,0,0,1,1,0,1,0
90000000.0,250.0,4.0,5.0,0,0,1,0,0,0,0,1,0,0,1,0
160000000.0,450.0,4.0,4.0,1,0,1,0,0,1,0,1,0,0,1,0
250000000.0,561.0,7.0,6.0,0,0,1,1,0,1,0,1,0,0,1,0
170000000.0,300.0,6.0,5.0,1,0,1,1,1,0,0,1,1,0,1,0
270000000.0,500.0,5.0,6.0,1,0,1,0,0,0,0,1,0,0,1,0
900000000.0,514.0,13.0,8.0,0,0,1,1,1,0,0,1,1,0,0,1
120000000.0,400.0,5.0,3.0,0,0,1,1,1,0,0,1,1,1,0,0
160000000.0,500.0,8.0,5.0,1,1,0,1,0,0,0,1,0,0,1,0
285000000.0,450.0,5.0,4.0,1,0,1,0,1,0,0,1,1,0,0,0
120000000.0,200.0,8.0,5.0,1,1,1,1,1,0,1,0,1,0,0,1
370000000.0,400.0,5.0,4.0,1,0,1,0,0,0,0,0,0,1,0,0
190000000.0,380.0,5.0,3.0,0,1,1,1,1,0,0,0,1,1,0,0
750000000.0,350.0,7.0,5.0,0,0,0,0,0,0,0,0,0,1,0,0
120000000.0,250.0,6.0,5.0,0,0,0,0,0,0,0,0,0,0,1,0
850000000.0,700.0,5.0,4.0,0,1,0,0,0,0,0,0,0,0,0,0
120000000.0,300.0,5.0,5.0,0,0,1,1,1,1,0,1,1,1,0,0
185000000.0,200.0,7.0,5.0,0,0,1,0,1,0,0,0,1,0,0,1
40000000.0,200.0,4.0,3.0,0,0,0,0,0,0,0,1,0,1,0,0
90000000.0,218.0,4.0,4.0,0,0,1,1,1,0,0,1,1,1,0,0
80000000.0,600.0,6.0,4.0,0,0,1,0,0,0,0,0,0,0,0,0
185000000.0,300.0,5.0,4.0,0,0,1,1,1,0,0,1,1,0,1,0
185000000.0,300.0,5.0,4.0,0,0,1,1,1,0,0,1,1,0,1,0
155000000.0,300.0,5.0,5.0,1,0,1,1,0,0,0,1,0,0,1,0
60000000.0,250.0,7.0,6.0,0,1,0,0,0,0,0,1,0,0,0,1
220000000.0,250.0,6.0,6.0,1,0,0,0,1,0,0,0,1,0,1,0
480000000.0,400.0,7.0,6.0,0,1,1,0,1,0,0,0,1,0,1,0
205000000.0,377.0,5.0,5.0,0,1,1,1,0,0,0,0,1,1,0,0
160000000.0,300.0,5.0,4.0,1,0,1,0,1,1,0,0,1,0,1,0
100000000.0,200.0,5.0,4.0,0,0,0,0,1,0,0,0,1,0,1,0
360000000.0,386.0,7.0,8.0,0,1,1,1,1,0,0,1,1,0,1,0
85000000.0,250.0,4.0,4.0,0,0,1,0,0,0,0,0,0,0,1,0
490000000.0,700.0,6.0,5.0,1,1,1,1,1,0,0,1,1,0,0,0
120000000.0,300.0,5.0,5.0,0,0,1,0,0,1,0,1,0,1,0,0
45000000.0,172.0,5.0,5.0,0,0,0,0,0,0,0,1,0,0,0,0
300000000.0,1300.0,7.0,8.0,1,0,0,0,1,0,0,0,1,0,1,0
250000000.0,600.0,6.0,6.0,0,0,0,0,0,0,0,1,0,1,0,0
220000000.0,400.0,5.0,5.0,1,0,1,0,0,0,0,1,0,1,0,0
250000000.0,307.0,7.0,7.0,0,0,0,0,0,0,0,1,1,0,1,0
105000000.0,210.0,6.0,4.0,0,0,0,0,0,0,0,1,0,0,1,0
140000000.0,300.0,5.0,5.0,0,0,0,1,0,0,0,0,1,0,1,0
230000000.0,300.0,7.0,5.0,1,0,1,1,1,0,0,0,1,0,1,0
160000000.0,300.0,4.0,4.0,1,0,1,1,1,0,0,0,1,0,1,0
200000000.0,250.0,7.0,5.0,0,0,0,1,1,0,1,0,1,0,1,0
200000000.0,250.0,7.0,5.0,0,0,0,1,1,0,1,0,1,0,1,0
130000000.0,300.0,5.0,5.0,1,0,1,1,1,0,0,0,1,0,1,0
250000000.0,400.0,7.0,5.0,0,0,0,0,0,0,0,1,0,0,1,0
80000000.0,275.0,5.0,5.0,0,0,1,1,1,0,0,0,1,0,1,0
30000000.0,750.0,7.0,5.0,0,0,0,0,0,0,0,0,0,0,0,0
230000000.0,480.0,5.0,6.0,1,0,1,1,1,0,0,0,1,0,1,0
75000000.0,250.0,4.0,3.0,1,0,0,0,0,1,0,1,0,0,1,0
120000000.0,300.0,5.0,5.0,1,0,0,1,1,0,0,0,1,0,1,0
170000000.0,260.0,6.0,6.0,0,0,0,0,0,0,0,0,0,0,1,0
45000000.0,200.0,3.0,3.0,1,0,1,0,0,0,0,1,0,1,0,0
250000000.0,400.0,6.0,6.0,1,1,0,0,0,0,0,0,0,0,1,0
300000000.0,300.0,6.0,6.0,0,1,1,0,0,0,0,1,0,0,1,0
350000000.0,379.0,4.0,4.0,1,0,1,1,0,0,0,1,0,0,1,0
200000000.0,350.0,6.0,4.0,1,1,1,1,1,0,1,0,1,0,1,0
1500000000.0,481.0,11.0,11.0,0,0,1,0,1,1,0,0,1,0,0,1
230000000.0,300.0,7.0,7.0,1,0,1,1,1,0,0,0,1,0,1,0
85000000.0,300.0,4.0,4.0,0,0,0,0,0,0,0,1,0,1,0,0
90000000.0,175.0,5.0,4.0,0,0,1,1,1,0,1,1,1,0,1,0
200000000.0,784.0,5.0,4.0,1,0,1,1,1,0,0,1,1,0,1,0
55000000.0,411.0,4.0,3.0,0,0,0,0,0,0,0,0,0,0,1,0
950000000.0,1055.0,6.0,5.0,1,0,1,0,0,0,0,0,0,0,0,0
350000000.0,379.0,4.0,4.0,1,0,1,1,0,0,0,0,0,0,1,0
700000000.0,500.0,8.0,5.0,1,1,1,0,0,0,0,0,1,0,1,0
1400000000.0,740.0,14.0,5.0,0,1,1,1,1,1,0,1,1,0,0,1
90000000.0,300.0,6.0,4.0,0,1,1,1,1,0,0,1,1,0,1,0
85000000.0,300.0,4.0,4.0,0,0,0,0,0,0,0,1,0,1,0,0
500000000.0,2800.0,6.0,5.0,0,0,0,0,1,0,0,1,1,0,1,0
120000000.0,300.0,5.0,4.0,1,0,0,1,1,0,0,0,1,0,1,0
854050000.0,899.0,5.0,4.0,0,0,0,1,0,0,0,0,1,1,0,0
400000000.0,700.0,12.0,9.0,1,1,1,0,0,0,0,0,0,0,1,0
90000000.0,300.0,6.0,6.0,0,1,1,1,1,0,0,1,1,0,1,0
750000000.0,1680.0,15.0,15.0,0,1,1,1,0,0,0,0,0,0,0,1
70000000.0,769.0,6.0,4.0,0,0,1,1,1,1,0,0,1,1,0,0
130000000.0,250.0,7.0,5.0,0,0,0,0,0,0,0,0,0,0,0,1
180000000.0,400.0,6.0,6.0,0,1,0,0,0,1,0,1,0,1,0,0
85000000.0,200.0,5.0,5.0,0,0,1,1,0,0,0,0,0,0,1,0
200000000.0,200.0,4.0,4.0,0,0,1,0,0,0,0,1,0,1,0,0
500000000.0,2800.0,9.0,8.0,0,0,0,0,1,0,0,1,1,0,1,0
600000000.0,600.0,7.0,5.0,0,1,1,1,1,0,0,0,1,0,1,0
500000000.0,2800.0,9.0,8.0,0,0,0,0,1,0,0,1,1,0,1,0
75000000.0,200.0,4.0,2.0,0,0,1,1,1,0,0,0,1,1,0,0
80000000.0,300.0,4.0,2.0,0,0,0,0,0,0,0,1,0,1,0,0
85000000.0,200.0,5.0,4.0,0,0,1,1,0,0,0,0,0,0,1,0
550000000.0,600.0,9.0,7.0,0,1,0,0,0,0,0,1,0,0,1,0
700000000.0,1000.0,7.0,5.0,0,0,0,0,0,0,0,0,0,0,0,0
105000000.0,210.0,6.0,4.0,0,0,0,0,0,0,0,1,0,0,1,0
15000000.0,200.0,7.0,6.0,0,0,1,1,0,0,0,0,0,0,0,1
265000000.0,400.0,8.0,6.0,0,0,0,0,0,0,0,1,0,0,1,0
400000000.0,500.0,7.0,6.0,0,0,0,0,0,0,0,0,0,0,1,0
250000000.0,400.0,6.0,3.0,1,1,1,0,1,0,0,1,1,0,1,0
220000000.0,265.0,7.0,5.0,1,1,1,1,0,1,0,1,0,0,1,0
550000000.0,500.0,9.0,9.0,1,1,0,1,1,1,0,0,1,0,1,0
160000000.0,300.0,6.0,5.0,0,1,1,0,0,0,1,1,0,0,1,0
85000000.0,300.0,4.0,3.0,0,0,0,0,0,0,0,1,0,1,0,0
150000000.0,350.0,4.0,4.0,1,0,1,1,1,1,0,1,1,1,0,0
75000000.0,275.0,5.0,5.0,0,0,1,1,1,0,0,0,1,0,1,0
350000000.0,203.0,6.0,6.0,1,1,1,1,1,0,1,0,1,0,0,1
220000000.0,300.0,7.0,7.0,1,1,1,1,0,1,0,1,0,0,1,0
160000000.0,300.0,5.0,5.0,1,0,1,0,1,0,0,0,1,0,1,0
160000000.0,220.0,4.0,5.0,0,0,0,0,0,0,0,0,0,0,1,0
125000000.0,200.0,5.0,5.0,0,0,1,0,1,0,0,0,1,0,1,0
180000000.0,200.0,7.0,6.0,0,0,1,0,1,0,0,0,1,0,0,1
550000000.0,1100.0,4.0,4.0,1,1,1,0,1,0,0,0,1,0,0,0
350000000.0,379.0,5.0,5.0,1,0,1,1,0,0,0,0,0,0,1,0
160000000.0,300.0,5.0,5.0,1,0,1,0,1,0,0,0,1,0,1,0
130000000.0,250.0,5.0,5.0,1,0,1,0,0,0,0,1,0,0,1,0
350000000.0,400.0,8.0,8.0,0,0,1,0,1,0,0,1,1,0,1,0
130000000.0,450.0,5.0,6.0,0,0,0,0,0,0,0,0,0,0,1,0
380000000.0,400.0,5.0,5.0,1,0,1,0,1,0,0,0,1,0,1,0
130000000.0,250.0,5.0,4.0,1,0,1,0,0,0,0,1,0,0,1,0
190000000.0,300.0,6.0,6.0,0,0,1,0,1,1,0,1,1,0,1,0
150000000.0,250.0,5.0,5.0,1,0,1,0,0,0,0,1,0,0,1,0
70000000.0,250.0,4.0,3.0,0,0,0,0,0,0,0,0,0,1,0,0
350000000.0,400.0,8.0,8.0,0,1,1,0,1,1,0,1,1,0,1,0
85000000.0,150.0,4.0,3.0,0,0,1,1,1,0,0,0,1,1,0,0
200000000.0,470.0,5.0,3.0,0,0,1,1,1,1,0,1,1,0,1,0
540000000.0,500.0,7.0,5.0,1,1,1,0,1,0,0,0,1,0,1,0
350000000.0,400.0,8.0,6.0,0,1,1,0,1,1,0,1,1,0,1,0
190000000.0,300.0,6.0,6.0,0,0,1,0,1,1,0,1,1,0,1,0
380000000.0,600.0,7.0,4.0,1,0,1,1,1,1,0,1,1,0,1,0
170000000.0,360.0,5.0,2.0,0,1,0,0,0,0,0,1,0,1,0,0
65000000.0,200.0,3.0,2.0,0,0,0,0,0,0,0,0,0,1,0,0
70000000.0,198.0,4.0,2.0,0,0,1,0,0,0,0,1,0,0,0,0
180000000.0,300.0,7.0,7.0,0,0,1,0,1,0,0,0,1,0,0,1
63000000.0,150.0,6.0,4.0,0,0,0,0,0,0,0,1,0,0,1,0
45000000.0,150.0,6.0,4.0,0,0,0,0,0,0,0,0,0,1,0,0
550000000.0,470.0,9.0,5.0,1,1,0,1,1,1,0,0,1,0,1,0
900000000.0,1000.0,9.0,6.0,0,0,1,0,1,0,0,1,1,0,1,0
170000000.0,275.0,6.0,4.0,0,0,1,1,1,0,0,1,1,0,1,0
400000000.0,500.0,8.0,6.0,1,1,1,0,1,0,0,0,1,0,1,0
550000000.0,500.0,8.0,7.0,1,1,1,1,1,1,1,0,1,0,1,0
550000000.0,2200.0,14.0,15.0,0,0,0,1,0,0,0,0,0,1,0,0
20000000.0,200.0,3.0,2.0,0,0,0,0,0,0,0,1,0,0,0,0
850000000.0,400.0,15.0,15.0,1,1,1,0,1,0,0,0,1,0,1,0
350000000.0,400.0,8.0,7.0,0,1,0,0,1,1,0,1,1,0,1,0
650000000.0,1200.0,10.0,10.0,0,0,1,0,0,0,0,0,0,0,0,1
220000000.0,375.0,5.0,5.0,1,1,1,0,0,1,0,1,0,0,1,0
185000000.0,300.0,4.0,3.0,0,0,0,0,0,0,0,1,0,0,1,0
140000000.0,300.0,7.0,7.0,0,0,1,1,0,0,0,0,0,0,1,0
85000000.0,150.0,3.0,3.0,0,0,1,1,1,0,0,0,1,1,0,0
75000000.0,200.0,4.0,3.0,0,0,1,1,0,0,0,1,0,0,1,0
80000000.0,300.0,4.0,3.0,0,0,0,0,0,0,0,1,0,0,1,0
65000000.0,200.0,4.0,3.0,0,0,1,1,0,0,0,1,0,1,0,0
75000000.0,250.0,4.0,3.0,1,0,0,0,0,1,0,1,0,0,1,0
40000000.0,200.0,4.0,3.0,0,0,1,1,0,1,0,1,0,0,0,0
80000000.0,200.0,5.0,5.0,0,0,1,1,0,0,0,1,0,0,1,0
170000000.0,275.0,6.0,5.0,0,0,1,1,1,0,0,1,1,0,1,0
230000000.0,320.0,10.0,5.0,0,0,0,1,1,0,0,1,1,0,1,0
120000000.0,270.0,7.0,6.0,0,0,1,1,0,0,0,1,0,1,0,0
1100000000.0,843.0,8.0,6.0,1,1,0,0,0,0,0,0,0,0,1,0
65000000.0,250.0,4.0,4.0,0,0,1,0,0,0,0,0,0,0,0,0
70000000.0,250.0,4.0,4.0,0,0,1,0,0,0,0,1,0,1,0,0
120000000.0,270.0,5.0,5.0,0,0,1,1,0,0,0,1,0,1,0,0
230000000.0,320.0,10.0,7.0,0,0,0,1,1,0,0,1,1,0,0,0
230000000.0,320.0,10.0,10.0,0,0,0,1,1,0,0,1,1,0,1,0
260000000.0,300.0,5.0,5.0,1,1,1,1,1,1,0,0,1,0,1,0
240000000.0,306.0,5.0,5.0,1,0,1,1,1,1,0,0,1,0,1,0
170000000.0,400.0,6.0,6.0,1,0,0,1,1,0,0,1,1,0,1,0
180000000.0,200.0,7.0,6.0,0,0,1,0,1,0,0,0,1,0,1,0
350000000.0,500.0,11.0,11.0,1,1,1,1,0,0,0,1,0,0,1,0
140000000.0,300.0,6.0,6.0,0,0,1,0,1,0,1,1,1,0,1,0
700000000.0,800.0,9.0,9.0,1,1,1,1,1,0,0,0,1,0,1,0
185000000.0,377.0,5.0,5.0,0,1,1,0,0,0,0,1,0,0,1,0
190000000.0,230.0,5.0,5.0,0,1,1,1,0,0,0,0,0,0,0,1
180000000.0,300.0,7.0,7.0,0,0,1,0,1,0,0,0,1,0,0,1
180000000.0,300.0,7.0,6.0,0,0,1,0,1,0,0,0,1,0,0,1
40000000.0,140.0,3.0,1.0,0,0,1,1,0,0,0,0,0,1,0,0
180000000.0,204.0,6.0,5.0,0,0,1,0,1,1,1,1,1,0,1,0
43000000.0,140.0,3.0,1.0,0,0,1,1,0,0,0,0,0,1,0,0
165000000.0,300.0,7.0,7.0,0,0,1,1,0,0,0,0,0,0,1,0
350000000.0,250.0,7.0,6.0,0,1,1,1,0,0,0,1,0,0,1,0
200000000.0,800.0,11.0,7.0,0,1,1,1,1,0,0,0,1,1,0,1
32500000.0,220.0,5.0,4.0,1,0,1,1,0,0,1,1,0,0,1,0
75000000.0,300.0,4.0,4.0,0,0,0,0,0,0,0,1,0,1,0,0
700000000.0,800.0,9.0,7.0,1,1,1,1,1,0,0,0,1,0,1,0
135000000.0,230.0,7.0,5.0,0,0,0,0,0,1,0,1,0,0,0,1
135000000.0,230.0,7.0,5.0,0,0,0,0,0,1,0,1,0,0,0,1
35000000.0,200.0,4.0,4.0,1,0,0,0,0,0,0,1,0,1,0,0
350000000.0,400.0,5.0,4.0,1,1,1,1,1,1,0,0,1,0,1,0
260000000.0,300.0,5.0,4.0,1,1,1,1,1,1,0,0,1,0,1,0
65000000.0,200.0,4.0,4.0,0,0,0,0,0,0,0,0,0,0,1,0
260000000.0,300.0,5.0,4.0,1,1,1,1,1,1,0,0,1,0,1,0
150000000.0,400.0,6.0,5.0,1,0,1,0,1,0,0,1,1,0,1,0
150000000.0,400.0,6.0,5.0,1,0,1,0,1,0,0,1,1,0,1,0
150000000.0,400.0,6.0,5.0,1,0,1,0,1,0,0,1,1,0,1,0
150000000.0,400.0,6.0,5.0,1,0,1,0,1,0,0,1,1,0,1,0
170000000.0,400.0,6.0,4.0,1,0,0,1,1,0,0,1,1,0,1,0
800000000.0,800.0,7.0,4.0,1,0,1,1,0,0,0,0,0,0,1,0
320000000.0,400.0,6.0,4.0,0,0,1,1,0,0,0,1,0,0,1,0
50000000.0,200.0,3.0,2.0,1,0,1,0,0,0,0,1,0,1,0,0
160000000.0,300.0,5.0,4.0,1,0,1,0,0,1,0,1,0,0,1,0
600000000.0,1031.0,6.0,5.0,0,1,0,0,0,0,0,0,0,1,0,0
220000000.0,424.0,7.0,6.0,0,0,0,0,0,1,0,1,0,0,1,0
800000000.0,887.0,7.0,5.0,1,1,1,1,0,0,0,0,0,1,0,0
65000000.0,336.0,4.0,3.0,1,1,1,0,1,0,0,0,1,1,0,0
60000000.0,250.0,4.0,4.0,0,0,0,0,0,0,0,1,0,1,0,0
85000000.0,150.0,3.0,3.0,0,0,1,1,1,0,0,0,1,1,0,0
280000000.0,1000.0,11.0,10.0,0,0,0,0,0,0,0,0,0,0,1,0
130000000.0,250.0,5.0,4.0,1,0,1,0,0,0,0,1,0,0,1,0
145000000.0,300.0,4.0,4.0,1,0,1,0,0,0,0,1,0,1,0,0
1500000000.0,3000.0,13.0,15.0,1,1,1,0,0,0,0,0,0,0,1,0
700000000.0,500.0,8.0,8.0,1,1,1,0,0,0,0,0,1,0,1,0
130000000.0,300.0,5.0,1.0,0,0,0,1,0,0,0,0,1,0,1,0
40000000.0,500.0,4.0,3.0,1,0,1,1,1,1,0,0,1,1,0,0
200000000.0,350.0,8.0,6.0,0,0,1,0,1,0,0,0,1,0,1,0
155000000.0,345.0,7.0,9.0,1,0,0,1,0,0,0,0,0,0,1,0
300000000.0,400.0,5.0,5.0,0,1,0,1,1,1,0,1,1,0,1,0
550000000.0,1100.0,4.0,3.0,1,1,1,0,1,0,0,0,1,0,0,0
160000000.0,250.0,4.0,4.0,1,0,1,1,1,0,0,1,1,0,1,0
45000000.0,200.0,4.0,4.0,0,0,1,1,0,0,0,0,0,0,1,0
80000000.0,200.0,5.0,3.0,0,0,0,0,0,0,0,1,0,1,0,0
80000000.0,200.0,5.0,3.0,0,0,0,0,0,0,0,1,0,1,0,0
180000000.0,400.0,6.0,5.0,0,1,0,0,0,0,0,1,0,1,0,0
200000000.0,350.0,9.0,6.0,0,0,1,0,1,0,0,0,1,0,1,0
65000000.0,336.0,4.0,3.0,1,1,1,0,1,0,0,0,1,1,0,0
150000000.0,200.0,5.0,5.0,0,0,1,0,1,0,0,0,1,0,1,0
160000000.0,200.0,4.0,4.0,0,0,0,1,0,0,0,1,0,0,1,0
120000000.0,300.0,5.0,4.0,1,0,0,1,1,0,0,0,1,0,1,0
90000000.0,200.0,3.0,5.0,0,0,1,0,0,1,1,1,0,0,1,0
90000000.0,200.0,5.0,5.0,0,0,1,1,1,0,1,0,1,0,1,0
350000000.0,350.0,6.0,4.0,1,1,1,1,1,0,1,1,1,0,1,0
280000000.0,350.0,5.0,5.0,1,0,1,0,0,1,0,1,0,0,0,0
400000000.0,800.0,10.0,5.0,1,1,1,0,0,0,0,1,0,0,1,0
190000000.0,377.0,5.0,5.0,1,1,0,0,0,0,0,1,0,0,1,0
165000000.0,300.0,6.0,6.0,0,1,0,0,0,0,0,1,0,0,1,0
700000000.0,789.0,6.0,6.0,1,0,1,0,1,0,0,1,1,0,1,0
600000000.0,800.0,9.0,8.0,1,0,1,1,1,0,0,1,1,0,1,0
85000000.0,265.0,5.0,5.0,0,0,0,0,0,1,0,1,0,0,1,0
70000000.0,300.0,4.0,4.0,0,0,1,1,0,0,0,1,0,1,0,0
90000000.0,200.0,5.0,4.0,0,0,1,1,1,0,1,1,1,0,1,0
700000000.0,500.0,8.0,5.0,1,1,1,0,0,1,0,1,1,0,1,0
250000000.0,700.0,5.0,4.0,0,1,0,0,0,0,0,1,0,1,0,0
300000000.0,450.0,6.0,1.0,0,0,0,0,0,1,0,1,0,0,1,0
2000000000.0,2500.0,11.0,11.0,1,0,1,1,1,0,0,0,1,0,1,0
80000000.0,200.0,3.0,3.0,0,0,0,0,0,0,0,1,0,0,1,0
650000000.0,400.0,28.0,8.0,0,0,1,1,0,0,0,1,1,1,0,1
400000000.0,789.0,8.0,8.0,0,1,1,0,0,0,0,1,0,0,1,0
130000000.0,250.0,5.0,5.0,1,0,1,0,0,0,0,1,0,0,1,0
80000000.0,200.0,3.0,3.0,0,0,0,0,0,0,0,1,0,1,0,0
85000000.0,400.0,5.0,5.0,0,0,1,1,1,0,0,1,1,0,1,0
210000000.0,600.0,12.0,12.0,0,0,0,1,0,0,0,0,0,0,1,0
280000000.0,300.0,5.0,4.0,0,1,0,0,0,0,0,1,0,0,1,0
85000000.0,400.0,5.0,4.0,0,0,1,1,1,0,0,1,1,0,1,0
160000000.0,280.0,5.0,5.0,0,1,1,0,0,0,1,1,0,0,1,0
690000000.0,789.0,6.0,6.0,1,0,1,0,0,1,0,0,0,0,1,0
55000000.0,200.0,4.0,4.0,1,0,1,0,0,0,0,1,0,1,0,0
550000000.0,470.0,9.0,9.0,1,1,0,1,1,1,0,0,1,0,1,0
380000000.0,379.0,4.0,4.0,1,0,0,1,1,0,0,1,1,0,1,0
250000000.0,320.0,10.0,7.0,0,0,0,1,1,0,0,1,1,0,1,0
50000000.0,200.0,3.0,2.0,0,0,1,1,0,0,0,0,0,1,0,0
120000000.0,320.0,6.0,6.0,0,0,0,1,0,0,0,0,0,0,1,0
95000000.0,300.0,7.0,5.0,0,0,1,1,0,0,0,0,0,0,1,0
75000000.0,200.0,3.0,3.0,1,0,1,1,0,0,0,1,0,0,1,0
500000000.0,600.0,6.0,8.0,1,1,0,1,0,0,0,0,0,0,1,0
60000000.0,250.0,4.0,4.0,0,0,1,0,0,0,0,1,0,1,0,0
55000000.0,250.0,6.0,5.0,0,0,0,1,0,0,0,1,0,0,1,0
280000000.0,1000.0,11.0,9.0,0,0,0,0,0,0,0,0,0,0,1,0
300000000.0,350.0,5.0,4.0,1,0,1,0,0,0,0,0,0,0,1,0
200000000.0,300.0,4.0,3.0,0,0,0,0,0,0,0,1,0,0,1,0
380000000.0,379.0,5.0,4.0,1,0,1,1,0,0,0,0,0,0,1,0
35800000.0,270.0,4.0,4.0,0,0,0,0,0,0,0,0,0,1,0,0
185000000.0,400.0,5.0,5.0,1,1,0,0,0,0,0,1,0,0,1,0
220000000.0,512.0,7.0,7.0,1,1,1,1,1,0,0,0,1,0,1,0
220000000.0,512.0,7.0,4.0,1,1,1,1,1,0,0,1,1,0,1,0
210000000.0,230.0,5.0,4.0,0,1,1,1,1,0,0,0,1,1,0,1
22000000.0,500.0,4.0,4.0,0,0,0,0,0,0,0,0,0,0,0,0
130000000.0,250.0,5.0,5.0,1,0,1,0,0,0,0,1,0,0,1,0
70000000.0,300.0,4.0,4.0,1,0,1,1,0,0,0,1,0,1,0,0
575000000.0,589.0,5.0,4.0,1,0,1,0,0,0,0,0,0,1,0,0
160000000.0,200.0,5.0,5.0,0,0,1,1,1,0,0,1,1,0,1,0
500000000.0,600.0,6.0,6.0,1,1,0,1,0,0,0,0,0,0,1,0
290000000.0,1000.0,11.0,11.0,0,0,0,0,0,0,0,0,0,0,1,0
180000000.0,400.0,5.0,4.0,0,1,0,0,0,0,0,1,0,1,0,0
130000000.0,250.0,5.0,5.0,1,0,1,0,0,0,0,1,0,0,1,0
60000000.0,200.0,4.0,3.0,0,0,1,0,0,0,0,1,0,0,1,0
90000000.0,400.0,5.0,4.0,0,0,1,1,0,0,0,1,0,1,0,0
350000000.0,300.0,6.0,5.0,0,1,1,1,1,0,0,0,1,0,0,1
65000000.0,200.0,4.0,4.0,0,0,1,1,0,0,0,0,0,0,1,0
260000000.0,350.0,7.0,7.0,0,0,0,0,0,0,0,1,0,0,1,0
350000000.0,300.0,6.0,6.0,0,1,1,1,1,0,0,0,1,0,0,1
170000000.0,308.0,5.0,5.0,1,0,0,1,0,0,0,0,0,0,0,1
70000000.0,750.0,7.0,11.0,0,0,1,0,0,0,0,0,0,0,1,0
60000000.0,400.0,5.0,5.0,0,0,1,0,0,1,0,1,0,1,0,0
70000000.0,300.0,5.0,3.0,0,0,0,0,1,0,1,0,1,0,1,0
75000000.0,150.0,5.0,4.0,0,0,0,1,0,0,0,0,0,0,1,0
380000000.0,300.0,6.0,6.0,0,1,1,0,0,0,0,1,0,0,1,0
250000000.0,400.0,7.0,5.0,0,0,0,1,0,0,0,1,0,0,1,0
570000000.0,470.0,9.0,7.0,0,1,1,0,0,0,0,1,1,0,1,0
65000000.0,250.0,5.0,4.0,0,0,0,1,0,0,0,0,0,0,1,0
70000000.0,300.0,4.0,3.0,0,0,1,1,0,0,0,1,0,1,0,0
65000000.0,250.0,5.0,4.0,0,0,0,1,0,0,0,0,0,0,1,0
150000000.0,200.0,6.0,5.0,0,0,1,0,1,0,1,0,1,0,1,0
130000000.0,250.0,5.0,5.0,1,0,1,0,1,1,0,1,1,0,1,0
190000000.0,300.0,7.0,5.0,0,1,0,0,0,0,0,0,0,0,0,1
250000000.0,306.0,6.0,6.0,1,0,1,1,1,1,0,0,1,0,1,0
650000000.0,508.0,5.0,5.0,0,0,0,0,0,0,0,0,0,0,0,0
160000000.0,300.0,5.0,5.0,1,0,1,0,1,0,0,0,1,0,1,0
70000000.0,300.0,4.0,4.0,0,0,1,1,0,0,0,1,0,1,0,0
100000000.0,350.0,3.0,2.0,0,0,1,0,1,1,0,1,1,1,0,0
90000000.0,300.0,5.0,4.0,0,0,1,0,0,0,0,1,0,0,1,0
200000000.0,350.0,8.0,8.0,0,0,1,0,1,0,0,0,1,0,1,0
250000000.0,300.0,7.0,6.0,0,0,0,0,0,0,0,0,0,0,1,0
650000000.0,400.0,28.0,10.0,0,0,1,1,0,0,0,1,1,1,0,1
250000000.0,250.0,5.0,4.0,0,1,1,0,1,0,0,0,1,0,1,0
65000000.0,200.0,4.0,4.0,0,0,0,0,0,0,0,0,0,0,1,0
55000000.0,250.0,4.0,4.0,1,0,0,0,0,0,0,1,0,1,0,0
110000000.0,200.0,5.0,4.0,0,0,1,0,1,0,0,0,1,0,1,0
80000000.0,200.0,5.0,4.0,0,0,0,1,0,0,0,0,0,0,1,0
130000000.0,250.0,6.0,5.0,1,0,1,0,1,1,0,1,1,0,1,0
185000000.0,400.0,5.0,4.0,1,0,1,1,0,0,0,1,0,0,1,0
1300000000.0,1721.0,12.0,12.0,1,1,1,0,0,0,0,1,0,0,1,0
180000000.0,400.0,5.0,3.0,0,0,0,0,0,0,0,1,0,1,0,0
680000000.0,800.0,6.0,8.0,1,0,1,0,0,1,0,1,0,0,1,0
160000000.0,350.0,5.0,4.0,0,0,0,0,0,0,0,1,0,0,1,0
65000000.0,250.0,4.0,3.0,0,0,0,0,0,0,0,1,0,1,0,0
65000000.0,200.0,4.0,4.0,0,0,1,1,0,0,0,1,0,0,0,0
90000000.0,250.0,4.0,2.0,1,0,0,0,0,1,0,1,0,0,1,0
140000000.0,300.0,4.0,4.0,1,0,1,0,0,0,0,1,0,0,1,0
360000000.0,700.0,7.0,6.0,0,0,0,0,0,0,0,1,0,0,1,0
220000000.0,372.0,5.0,4.0,1,1,1,0,0,0,0,1,0,0,1,0
100000000.0,250.0,4.0,3.0,0,0,1,1,0,0,0,1,0,0,1,0
250000000.0,306.0,6.0,5.0,1,0,1,1,1,1,0,1,1,0,1,0
90000000.0,278.0,8.0,7.0,0,0,0,0,0,0,0,1,0,1,0,0
270000000.0,350.0,5.0,4.0,1,0,0,0,0,0,0,1,0,0,1,0
260000000.0,480.0,5.0,4.0,1,0,1,1,1,0,0,1,1,0,1,0
900000000.0,887.0,7.0,5.0,1,1,1,1,0,0,0,1,0,0,1,0
85000000.0,250.0,4.0,3.0,0,0,1,0,0,0,0,1,0,1,0,0
130000000.0,300.0,9.0,7.0,0,0,1,0,0,0,0,1,0,0,1,0
130000000.0,380.0,5.0,4.0,1,0,1,1,0,0,0,1,0,1,0,0
300000000.0,500.0,5.0,4.0,0,1,1,1,1,0,0,1,1,1,0,0
150000000.0,200.0,6.0,5.0,0,0,1,0,1,0,1,1,1,0,1,0
350000000.0,551.0,6.0,4.0,1,1,1,1,1,0,0,1,1,1,0,0
60000000.0,200.0,5.0,3.0,0,0,1,0,0,0,0,1,0,1,0,0
37000000.0,4.0,4.0,3.0,0,0,1,0,0,0,0,1,0,1,0,0
42875000.0,300.0,4.0,3.0,0,0,0,0,0,0,0,1,0,0,1,0
340000000.0,400.0,8.0,7.0,0,1,1,0,1,0,0,1,1,0,1,0
38000000.0,200.0,4.0,2.0,0,0,1,1,1,1,0,1,1,1,0,0
350000000.0,516.0,5.0,5.0,1,1,1,0,1,0,0,1,1,0,0,0
350000000.0,400.0,8.0,5.0,1,1,1,0,0,0,0,0,0,0,1,0
115000000.0,500.0,6.0,5.0,1,1,1,1,0,1,0,0,0,0,1,0
180000000.0,400.0,4.0,5.0,0,1,0,0,0,1,0,1,0,1,0,0
275000000.0,381.0,4.0,4.0,1,1,1,0,1,0,1,0,1,0,1,0
220000000.0,372.0,5.0,5.0,1,1,1,0,0,0,0,1,0,0,1,0
180000000.0,400.0,6.0,5.0,0,0,0,0,0,0,0,0,0,0,1,0
170000000.0,300.0,6.0,6.0,0,0,1,0,0,0,0,1,0,0,1,0
60000000.0,200.0,5.0,3.0,0,0,1,0,0,0,0,1,0,1,0,0
700000000.0,789.0,6.0,5.0,1,0,1,0,0,1,0,0,0,0,1,0
750000000.0,887.0,7.0,6.0,1,1,1,1,0,0,0,0,0,1,0,0
75000000.0,300.0,5.0,4.0,0,0,0,0,0,0,0,0,0,1,0,0
36000000.0,500.0,4.0,2.0,0,0,0,1,1,0,0,0,1,1,0,0
2000000000.0,2400.0,18.0,20.0,1,1,1,0,0,1,0,0,0,0,1,0
150000000.0,365.0,6.0,5.0,1,0,1,1,0,0,0,0,0,1,0,0
750000000.0,1150.0,10.0,9.0,1,1,0,1,1,1,0,1,1,0,0,1
40000000.0,140.0,3.0,1.0,0,0,1,1,0,0,0,0,0,1,0,0
700000000.0,639.0,7.0,8.0,1,0,0,0,0,0,0,0,0,0,0,0
110000000.0,210.0,6.0,5.0,0,0,1,1,0,0,0,0,0,0,1,0
220000000.0,262.0,7.0,5.0,1,1,1,1,0,1,0,1,0,0,1,0
80000000.0,180.0,4.0,2.0,0,0,0,1,0,0,0,0,0,0,0,0
120000000.0,365.0,6.0,4.0,1,0,1,1,0,0,0,0,0,1,0,0
490000000.0,700.0,5.0,5.0,1,1,1,1,1,0,0,1,1,0,0,0
410000000.0,406.0,7.0,6.0,0,0,1,1,1,0,0,1,1,0,1,0
18000000.0,100.0,3.0,3.0,0,0,0,1,0,0,0,1,0,1,0,0
150000000.0,300.0,5.0,4.0,0,0,1,1,0,0,0,0,0,1,0,0
380000000.0,379.0,4.0,3.0,1,0,1,1,0,0,1,0,0,0,1,0
260000000.0,400.0,7.0,6.0,1,1,1,1,1,1,1,0,1,0,1,0
260000000.0,400.0,7.0,6.0,1,1,1,1,1,1,1,0,1,0,1,0
285000000.0,300.0,7.0,5.0,0,0,0,0,0,0,0,0,0,0,0,1
65000000.0,250.0,4.0,2.0,0,0,0,1,0,0,0,1,0,1,0,0
300000000.0,571.0,10.0,7.0,0,0,1,1,1,1,1,0,1,0,0,1
1500000000.0,740.0,14.0,8.0,0,1,1,0,1,1,0,1,1,0,1,0
60000000.0,200.0,4.0,3.0,0,0,1,1,1,0,0,0,1,1,0,0
60000000.0,200.0,4.0,4.0,0,0,1,1,1,0,0,0,1,1,0,0
100000000.0,350.0,3.0,4.0,0,0,1,0,1,1,0,1,1,1,0,0
80000000.0,15.0,5.0,3.0,0,0,0,0,0,0,0,0,0,0,0,0
170000000.0,250.0,5.0,6.0,0,1,1,0,0,0,0,0,0,0,0,1
750000000.0,887.0,7.0,5.0,0,1,1,0,1,0,0,0,1,0,1,0
220000000.0,350.0,7.0,5.0,0,1,1,1,1,0,0,0,1,0,1,0
2000000000.0,2000.0,10.0,10.0,0,1,0,0,0,0,0,0,0,0,0,0
250000000.0,500.0,9.0,10.0,0,0,1,0,0,0,0,0,1,0,1,1
200000000.0,350.0,8.0,6.0,0,0,1,0,1,0,0,0,1,0,1,0
400000000.0,300.0,7.0,6.0,0,1,0,0,0,0,0,0,1,0,0,1
130000000.0,300.0,5.0,3.0,0,0,1,1,1,0,0,1,1,0,1,0
260000000.0,300.0,5.0,4.0,1,1,1,1,1,1,0,0,1,0,1,0
68000000.0,336.0,4.0,4.0,1,0,1,1,0,0,0,0,0,1,0,0
135000000.0,300.0,7.0,6.0,1,0,1,1,1,0,1,1,1,0,1,0
105000000.0,350.0,4.0,3.0,1,0,1,0,0,0,1,1,0,0,1,0
250000000.0,320.0,10.0,10.0,0,0,1,1,1,0,1,1,1,0,1,0
70000000.0,300.0,4.0,3.0,0,0,1,1,0,0,0,1,0,1,0,0
570000000.0,470.0,9.0,8.0,0,1,1,1,1,0,0,1,1,0,1,0
180000000.0,300.0,6.0,5.0,0,0,1,1,1,0,1,1,1,0,1,0
180000000.0,300.0,6.0,5.0,0,0,1,1,1,0,1,1,1,0,1,0
800000000.0,1200.0,7.0,7.0,1,0,1,0,0,0,0,1,0,1,0,0
220000000.0,450.0,7.0,4.0,0,1,1,1,1,0,0,1,1,0,1,0
150000000.0,320.0,6.0,6.0,0,0,1,1,0,0,0,1,0,0,1,0
135000000.0,400.0,8.0,7.0,1,1,1,1,1,0,1,1,1,0,0,1
215000000.0,315.0,6.0,6.0,0,0,1,1,1,1,1,1,1,0,1,0
450000000.0,600.0,5.0,5.0,0,0,0,0,0,0,0,1,0,0,1,0
40000000.0,200.0,4.0,3.0,0,0,0,0,0,0,0,1,0,0,1,0
35000000.0,140.0,4.0,4.0,0,0,0,0,0,0,0,1,0,0,1,0
450000000.0,300.0,8.0,7.0,1,0,1,1,0,0,0,1,0,0,1,0
135000000.0,200.0,7.0,5.0,0,0,1,1,1,0,0,1,1,0,1,0
135000000.0,230.0,7.0,5.0,0,0,0,0,0,1,0,1,0,0,0,1
95000000.0,400.0,6.0,6.0,0,0,0,0,0,0,0,1,0,1,0,0
200000000.0,350.0,8.0,6.0,0,0,1,0,1,0,0,0,1,0,1,0
210000000.0,350.0,6.0,5.0,0,0,0,0,0,0,0,0,0,0,1,0
250000000.0,339.0,5.0,1.0,1,0,0,0,0,0,0,0,0,1,0,0
55000000.0,250.0,4.0,3.0,0,0,1,0,1,0,0,0,1,1,0,0
230000000.0,300.0,6.0,5.0,0,0,1,1,1,0,0,1,1,0,1,0
350000000.0,754.0,9.0,2.0,0,0,1,0,1,0,1,0,1,0,0,0
260000000.0,400.0,6.0,6.0,0,1,0,0,0,0,0,0,0,0,1,0
800000000.0,1200.0,7.0,7.0,1,0,1,0,0,0,0,0,0,1,0,0
260000000.0,300.0,5.0,5.0,1,1,1,1,1,1,0,0,1,0,1,0
112000000.0,300.0,4.0,4.0,0,0,0,0,0,0,0,1,0,0,1,0
95000000.0,250.0,6.0,5.0,0,0,1,1,1,0,0,0,1,0,1,0
70000000.0,300.0,4.0,3.0,0,0,1,1,0,0,0,1,0,1,0,0
60000000.0,300.0,4.0,3.0,0,0,0,0,0,0,0,0,0,1,0,0
38000000.0,200.0,4.0,3.0,0,0,0,0,0,0,0,1,0,1,0,0
130000000.0,250.0,5.0,5.0,1,0,1,0,0,0,0,1,0,0,1,0
220000000.0,300.0,5.0,4.0,0,0,1,0,1,1,0,1,1,1,0,0
200000000.0,300.0,7.0,7.0,0,0,1,1,1,0,1,0,1,0,1,0
60000000.0,250.0,5.0,4.0,1,0,0,0,0,0,0,1,0,1,0,0
130000000.0,250.0,5.0,4.0,1,0,1,0,0,0,0,1,0,0,1,0
70000000.0,300.0,4.0,3.0,0,0,0,0,0,0,0,0,0,1,0,0
130000000.0,400.0,5.0,7.0,0,0,0,0,0,0,0,0,0,0,1,0
175000000.0,300.0,6.0,5.0,0,1,1,1,1,0,0,1,1,0,1,0
680000000.0,1000.0,6.0,3.0,1,0,1,0,1,1,0,1,1,1,0,0
200000000.0,600.0,5.0,4.0,1,0,1,0,1,0,0,1,1,0,1,0
380000000.0,379.0,4.0,3.0,1,0,1,1,0,0,0,0,0,0,1,0
220000000.0,450.0,7.0,6.0,0,1,1,1,1,0,0,0,1,0,1,0
450000000.0,1250.0,9.0,7.0,1,1,1,0,1,0,0,0,1,0,1,0
600000000.0,840.0,9.0,7.0,1,0,1,1,1,0,1,0,1,0,1,0
750000000.0,988.0,6.0,6.0,0,0,0,0,0,0,0,0,0,0,1,0
80000000.0,300.0,5.0,4.0,0,0,0,0,0,0,0,1,0,0,1,0
500000000.0,780.0,5.0,5.0,0,1,1,1,1,1,1,1,1,0,1,0
220000000.0,450.0,7.0,7.0,0,1,1,1,1,0,0,0,1,0,1,0
320000000.0,400.0,5.0,5.0,1,1,1,1,1,0,0,1,1,0,1,0
550000000.0,600.0,5.0,3.0,0,0,0,0,0,0,0,0,0,1,0,0
800000000.0,1300.0,9.0,4.0,1,0,1,0,0,0,0,1,0,0,1,0
170000000.0,360.0,7.0,6.0,0,1,0,0,0,0,0,0,0,1,0,0
350000000.0,400.0,8.0,6.0,0,1,1,0,1,1,0,1,1,0,1,0
220000000.0,450.0,7.0,6.0,0,1,1,1,1,0,0,0,1,0,1,0
85000000.0,200.0,4.0,3.0,0,0,1,1,0,0,0,1,0,0,1,0
160000000.0,300.0,5.0,4.0,0,0,1,1,1,0,1,1,1,0,1,0
270000000.0,400.0,6.0,5.0,0,1,0,0,0,0,0,0,0,0,1,0
160000000.0,300.0,5.0,5.0,0,0,1,1,1,0,1,1,1,0,1,0
75000000.0,250.0,3.0,3.0,0,0,1,0,0,0,0,1,0,1,0,0
150000000.0,200.0,4.0,4.0,0,1,1,1,1,1,1,0,1,0,1,0
160000000.0,300.0,5.0,4.0,0,0,1,1,1,0,1,1,1,0,1,0
1000000000.0,1611.0,10.0,9.0,1,1,1,0,1,1,0,0,1,0,1,0
140000000.0,350.0,5.0,4.0,1,0,1,1,0,0,0,1,0,1,0,0
160000000.0,300.0,5.0,5.0,0,0,1,1,1,0,1,1,1,0,1,0
260000000.0,457.0,5.0,6.0,1,1,0,1,1,0,0,0,1,0,0,1
135000000.0,400.0,4.0,4.0,0,0,1,1,0,0,0,0,0,1,0,0
80000000.0,250.0,4.0,3.0,0,0,0,0,0,0,0,1,0,1,0,0
600000000.0,500.0,9.0,9.0,1,1,1,1,1,0,0,0,1,0,1,0
250000000.0,400.0,6.0,4.0,1,0,1,1,1,0,0,1,1,0,0,1
60000000.0,200.0,4.0,3.0,0,0,1,1,1,0,0,0,1,1,0,0
300000000.0,384.0,10.0,10.0,1,1,1,0,1,1,1,1,1,0,1,0
680000000.0,800.0,6.0,6.0,1,0,1,0,0,1,0,0,0,0,1,0
380000000.0,379.0,5.0,4.0,1,0,1,1,0,0,0,0,0,0,1,0
160000000.0,200.0,5.0,4.0,0,0,1,0,0,1,0,0,0,0,1,0
550000000.0,470.0,9.0,8.0,1,1,0,1,1,1,0,1,1,0,1,0
110000000.0,200.0,5.0,5.0,0,0,0,1,0,0,0,0,0,0,1,0
160000000.0,200.0,6.0,6.0,0,0,1,1,1,0,0,0,1,0,1,0
160000000.0,200.0,6.0,6.0,0,0,1,1,1,0,0,0,1,0,1,0
130000000.0,250.0,5.0,5.0,1,0,1,0,0,0,0,1,0,0,1,0
55000000.0,300.0,4.0,4.0,1,0,1,1,1,0,0,1,1,1,0,0
230000000.0,400.0,7.0,6.0,1,0,1,1,1,0,0,0,1,0,1,0
1700000000.0,3000.0,12.0,12.0,1,1,1,0,0,0,0,1,0,0,1,0
130000000.0,250.0,5.0,4.0,1,0,1,0,0,0,0,1,0,0,1,0
105000000.0,300.0,4.0,4.0,0,0,0,0,0,0,0,1,0,1,0,0
60000000.0,300.0,4.0,3.0,1,0,1,1,0,0,0,1,0,1,0,0
190000000.0,350.0,7.0,5.0,1,0,1,1,0,1,0,1,0,0,1,0
75000000.0,475.0,5.0,4.0,0,0,1,0,0,0,0,1,0,0,1,0
130000000.0,300.0,10.0,8.0,0,0,0,0,0,0,0,1,0,0,1,0
90000000.0,250.0,6.0,5.0,0,0,1,1,1,0,0,0,1,0,1,0
320000000.0,300.0,5.0,4.0,1,1,1,0,1,1,0,1,1,0,1,0
65000000.0,250.0,4.0,3.0,1,0,1,1,0,1,0,1,0,1,0,0
190000000.0,430.0,6.0,5.0,0,0,0,0,0,1,0,1,0,0,1,0
190000000.0,400.0,5.0,4.0,0,1,1,1,0,0,0,1,0,0,1,0
160000000.0,400.0,5.0,4.0,1,0,1,0,0,1,0,1,0,0,1,0
135000000.0,200.0,7.0,5.0,0,0,1,1,0,0,0,1,0,0,0,1
110000000.0,200.0,7.0,5.0,0,0,1,0,0,1,0,1,0,0,1,0
680000000.0,1031.0,5.0,4.0,1,1,1,0,0,0,0,0,0,1,0,0
85000000.0,350.0,4.0,2.0,0,0,0,1,0,0,0,1,0,1,0,0
110000000.0,210.0,6.0,5.0,0,0,1,1,0,0,1,1,0,0,1,0
45000000.0,250.0,3.0,2.0,1,0,1,1,0,0,0,1,0,1,0,0
80000000.0,300.0,6.0,8.0,0,1,1,1,1,0,0,1,1,0,1,0
170000000.0,350.0,6.0,6.0,0,0,1,0,1,0,0,1,1,0,1,0
150000000.0,300.0,4.0,4.0,1,0,1,0,1,0,0,0,1,0,1,0
57000000.0,300.0,4.0,3.0,0,0,1,0,0,0,0,1,0,1,0,0
600000000.0,300.0,8.0,5.0,0,0,0,1,1,0,0,0,1,0,1,0
50000000.0,250.0,4.0,3.0,0,0,0,0,0,0,0,1,0,1,0,0
35000000.0,160.0,3.0,2.0,0,0,1,1,0,0,0,1,0,1,0,0
450000000.0,1600.0,6.0,5.0,1,1,1,0,1,0,0,1,1,0,1,0
350000000.0,500.0,11.0,5.0,1,1,1,1,0,0,0,1,0,0,1,0
130000000.0,250.0,5.0,5.0,1,0,1,0,0,0,0,1,0,0,1,0
380000000.0,379.0,4.0,4.0,1,0,1,1,0,0,0,0,0,0,1,0
250000000.0,700.0,5.0,4.0,0,1,0,0,0,0,0,0,0,1,0,0
130000000.0,230.0,6.0,5.0,0,0,0,0,0,0,0,1,0,0,1,0
130000000.0,350.0,5.0,4.0,1,0,1,0,1,1,0,1,1,0,1,0
200000000.0,350.0,8.0,7.0,0,0,1,1,1,0,0,1,1,0,1,0
350000000.0,520.0,7.0,5.0,0,0,1,1,0,0,0,0,0,0,1,0
200000000.0,280.0,7.0,7.0,1,0,1,1,0,0,1,0,0,0,1,0
80000000.0,200.0,3.0,3.0,0,0,0,0,0,0,0,1,0,1,0,0
130000000.0,300.0,6.0,4.0,1,1,1,1,0,1,0,0,0,0,1,0
150000000.0,200.0,5.0,4.0,0,0,1,0,0,0,0,1,0,0,0,1
200000000.0,350.0,8.0,8.0,0,0,1,0,1,0,0,1,1,0,1,0
80000000.0,300.0,4.0,3.0,0,0,0,0,0,0,0,1,0,1,0,0
110000000.0,200.0,5.0,4.0,0,0,1,1,0,0,1,1,0,0,1,0
300000000.0,350.0,6.0,5.0,0,0,0,0,0,0,0,0,0,0,1,0
250000000.0,484.0,5.0,4.0,0,0,0,0,0,1,0,1,0,0,1,0
250000000.0,484.0,5.0,4.0,0,0,0,0,0,1,0,1,0,0,1,0
250000000.0,300.0,9.0,6.0,0,0,1,1,1,1,0,0,1,1,0,1
160000000.0,350.0,5.0,5.0,0,0,0,0,0,0,0,1,0,0,1,0
130000000.0,250.0,5.0,5.0,1,0,1,0,0,0,0,1,0,0,1,0
160000000.0,300.0,5.0,4.0,0,0,1,1,1,0,1,1,1,0,1,0
230000000.0,430.0,7.0,6.0,0,0,1,1,1,0,0,0,1,0,1,0
130000000.0,300.0,6.0,5.0,1,1,1,1,0,1,0,0,0,0,1,0
45000000.0,250.0,3.0,2.0,0,0,0,0,0,0,0,1,0,1,0,0
150000000.0,300.0,5.0,5.0,1,0,1,1,1,0,1,0,1,0,1,0
160000000.0,300.0,5.0,5.0,0,0,1,1,1,1,1,1,1,0,1,0
400000000.0,789.0,8.0,6.0,0,0,1,1,1,0,1,1,1,0,1,0
600000000.0,300.0,8.0,6.0,0,0,0,1,1,0,0,0,1,0,1,0
75000000.0,250.0,4.0,3.0,0,0,1,0,0,0,0,1,0,1,0,0
75000000.0,250.0,4.0,3.0,0,0,1,0,0,0,0,1,0,1,0,0
320000000.0,350.0,6.0,5.0,1,0,1,0,0,1,0,1,0,0,1,0
130000000.0,350.0,5.0,3.0,0,0,0,1,1,0,0,1,1,1,0,0
200000000.0,350.0,9.0,6.0,0,0,1,1,1,0,1,1,1,0,1,0
130000000.0,250.0,5.0,4.0,1,0,1,0,1,1,0,1,1,0,1,0
160000000.0,250.0,6.0,5.0,1,0,1,1,1,0,1,0,1,0,1,0
300000000.0,600.0,7.0,8.0,0,0,1,1,1,0,0,1,1,0,0,1
75000000.0,200.0,4.0,4.0,0,0,0,0,0,0,0,0,0,0,1,0
600000000.0,800.0,9.0,7.0,1,0,1,1,1,0,0,0,1,0,1,1
270000000.0,442.0,10.0,7.0,0,0,1,0,0,1,0,0,0,0,1,0
270000000.0,372.0,6.0,5.0,1,0,0,1,1,0,0,1,1,0,1,0
130000000.0,250.0,5.0,4.0,1,0,1,0,0,0,0,1,0,0,1,0
1300000000.0,1300.0,8.0,8.0,0,1,1,0,1,1,0,0,1,0,1,0
600000000.0,664.0,4.0,4.0,1,1,0,0,0,0,0,0,0,1,0,0
1300000000.0,1721.0,12.0,9.0,1,1,1,0,0,0,0,0,0,0,1,0
130000000.0,250.0,5.0,4.0,1,0,1,0,0,0,0,1,0,0,1,0
350000000.0,350.0,6.0,5.0,1,0,1,0,0,1,0,1,0,0,1,0
650000000.0,503.0,6.0,5.0,1,0,1,0,0,1,0,1,0,1,0,0
80000000.0,300.0,4.0,3.0,0,0,0,0,0,0,0,1,0,0,1,0
260000000.0,300.0,5.0,5.0,1,1,1,1,1,1,0,1,1,0,1,0
110000000.0,200.0,7.0,5.0,0,0,1,1,0,0,0,1,0,0,0,1
50000000.0,25.0,4.0,3.0,0,0,0,0,0,0,0,1,0,1,0,0
350000000.0,520.0,7.0,6.0,0,0,1,1,0,0,0,0,0,0,1,0
1300000000.0,321.0,5.0,5.0,1,1,1,0,1,1,0,0,1,0,1,0
150000000.0,200.0,6.0,5.0,0,0,1,0,1,0,1,0,1,0,1,0
160000000.0,300.0,5.0,5.0,0,0,1,1,1,0,1,1,1,0,1,0
110000000.0,210.0,6.0,6.0,0,0,1,1,0,0,0,1,0,0,1,0
85000000.0,278.0,4.0,4.0,0,0,0,0,0,0,0,0,0,1,0,0
85000000.0,300.0,4.0,4.0,0,0,0,0,0,0,0,1,0,1,0,0
260000000.0,300.0,5.0,5.0,1,1,1,1,1,1,0,1,1,0,1,0
150000000.0,400.0,5.0,4.0,0,0,0,0,0,0,0,1,0,1,0,0
130000000.0,250.0,5.0,5.0,1,0,1,0,0,0,0,1,0,0,1,0
300000000.0,400.0,9.0,8.0,1,0,0,0,0,0,0,0,0,0,1,0
75000000.0,300.0,5.0,4.0,0,0,0,0,0,0,0,1,0,1,0,0
39530000.0,200.0,3.0,5.0,0,0,0,0,0,0,0,1,0,0,1,0
290000000.0,600.0,6.0,5.0,1,1,1,0,0,0,0,1,0,0,1,0
160000000.0,400.0,7.0,7.0,1,0,1,0,1,0,0,1,1,0,1,0
130000000.0,250.0,5.0,4.0,1,0,1,0,0,0,0,1,0,0,1,0
350000000.0,300.0,6.0,6.0,0,1,1,1,1,0,0,0,1,0,0,1
60000000.0,200.0,4.0,4.0,0,0,1,1,0,0,0,1,0,0,1,0
260000000.0,300.0,5.0,5.0,1,1,1,1,1,1,0,0,1,0,1,0
1100000000.0,600.0,8.0,6.0,1,1,1,0,1,0,0,0,1,0,1,0
656250000.0,500.0,9.0,6.0,1,1,1,1,1,0,0,0,1,0,1,0
250000000.0,400.0,4.0,3.0,1,0,0,0,0,0,0,0,0,1,0,0
95000000.0,300.0,4.0,3.0,0,0,0,0,0,0,0,0,0,0,1,0
300000000.0,728.0,5.0,4.0,0,0,1,0,0,0,0,1,0,1,0,0
600000000.0,4000.0,7.0,5.0,0,0,0,0,1,0,0,0,1,0,1,0
450000000.0,1600.0,6.0,5.0,1,1,1,0,1,0,0,1,1,0,1,0
200000000.0,230.0,5.0,4.0,0,1,1,1,1,0,0,0,1,0,0,1
130000000.0,400.0,5.0,4.0,1,0,1,0,1,0,0,1,1,0,1,0
150000000.0,300.0,6.0,5.0,0,0,0,1,0,0,0,0,1,0,1,0
280000000.0,600.0,6.0,5.0,1,1,1,0,0,0,0,1,0,0,1,0
130000000.0,250.0,5.0,5.0,1,0,1,0,0,0,0,1,0,0,1,0
280000000.0,315.0,6.0,4.0,1,0,0,1,1,0,0,1,1,0,1,0
90000000.0,300.0,6.0,6.0,0,1,1,0,1,0,0,0,1,0,1,0
600000000.0,1174.0,9.0,4.0,0,0,0,1,1,0,1,1,1,0,1,0
130000000.0,350.0,5.0,5.0,0,0,0,0,0,0,0,0,0,0,1,0
380000000.0,379.0,5.0,4.0,1,0,1,1,0,0,0,1,0,0,1,0
280000000.0,350.0,5.0,4.0,1,0,0,0,0,0,0,1,0,0,1,0
80000000.0,300.0,5.0,5.0,0,0,0,0,0,0,0,1,0,0,1,0
30000000.0,250.0,4.0,4.0,0,0,1,1,0,0,0,1,0,1,0,0
30000000.0,250.0,4.0,4.0,0,0,1,1,0,0,0,1,0,1,0,0
250000000.0,339.0,5.0,5.0,1,0,0,0,0,0,0,1,0,0,0,0
200000000.0,500.0,6.0,6.0,0,0,0,0,0,0,0,1,0,0,1,0
450000000.0,789.0,8.0,5.0,1,1,0,0,1,0,0,1,1,0,1,0
460000000.0,600.0,9.0,7.0,0,1,1,1,1,0,0,1,1,0,0,1
220000000.0,400.0,4.0,4.0,0,0,1,0,0,0,0,1,0,1,0,0
580000000.0,500.0,10.0,10.0,1,1,1,0,1,1,0,1,1,0,1,0
950000000.0,950.0,8.0,8.0,0,0,0,0,0,0,0,1,0,0,1,0
30000000.0,250.0,4.0,4.0,0,0,1,1,0,0,0,1,0,1,0,0
600000000.0,300.0,8.0,5.0,1,1,0,1,1,0,0,0,1,0,1,0
185000000.0,250.0,7.0,5.0,0,0,0,1,1,0,1,0,1,0,1,0
656250000.0,500.0,9.0,6.0,1,1,1,1,1,0,0,0,1,0,1,0
280000000.0,300.0,5.0,5.0,1,1,1,0,1,0,0,1,1,0,1,0
30000000.0,250.0,4.0,4.0,0,0,1,1,0,0,0,1,0,1,0,0
30000000.0,250.0,4.0,4.0,0,0,1,1,0,0,0,1,0,1,0,0
120000000.0,350.0,5.0,4.0,1,0,0,0,0,1,0,1,0,0,1,0
45000000.0,200.0,4.0,3.0,0,0,0,0,0,0,0,0,0,0,1,0
700000000.0,639.0,7.0,7.0,0,1,0,0,0,0,0,0,0,0,0,0
700000000.0,1300.0,4.0,8.0,0,0,0,0,1,0,0,0,1,1,0,0
160000000.0,200.0,5.0,4.0,0,0,1,0,0,1,0,0,0,0,1,0
60000000.0,300.0,4.0,3.0,1,0,1,1,0,0,0,1,0,1,0,0
750000000.0,1000.0,10.0,10.0,1,1,0,1,1,0,0,1,1,0,0,1
60000000.0,300.0,4.0,3.0,1,0,1,1,0,0,0,1,0,1,0,0
150000000.0,300.0,6.0,6.0,1,0,1,1,1,0,1,0,1,0,1,0
230000000.0,430.0,7.0,6.0,0,0,1,1,1,0,0,0,1,0,1,0
38000000.0,200.0,4.0,4.0,0,0,0,1,0,0,0,1,0,1,0,0
110000000.0,210.0,6.0,5.0,0,0,1,1,0,0,0,0,0,0,1,0
160000000.0,300.0,5.0,4.0,1,0,1,0,1,1,0,0,1,0,1,0
55000000.0,500.0,6.0,5.0,0,0,0,0,0,0,0,1,0,0,1,0
55000000.0,200.0,3.0,3.0,1,0,1,1,0,0,0,1,0,0,1,0
73000000.0,600.0,4.0,4.0,0,0,1,1,1,0,0,1,1,0,0,0
65000000.0,150.0,6.0,4.0,0,0,0,0,0,0,0,1,0,0,1,0
220000000.0,512.0,7.0,7.0,1,1,1,1,1,0,0,0,1,0,1,0
170000000.0,600.0,9.0,7.0,0,0,0,0,0,0,0,1,0,0,1,0
180000000.0,500.0,8.0,4.0,0,0,0,0,0,0,0,0,0,0,1,0
160000000.0,310.0,13.0,6.0,0,0,1,1,1,0,1,0,1,0,0,1
170000000.0,300.0,7.0,6.0,1,1,0,0,1,1,0,1,1,0,0,0
110000000.0,210.0,6.0,6.0,0,0,1,1,0,0,0,0,0,0,1,0
800000000.0,800.0,6.0,4.0,1,1,1,0,1,1,0,1,1,0,1,0
435000000.0,1600.0,6.0,4.0,1,1,1,0,1,0,0,1,1,0,1,0
170000000.0,400.0,4.0,5.0,0,1,0,0,0,1,0,0,0,1,0,0
170000000.0,300.0,5.0,3.0,0,0,1,1,1,0,1,0,1,0,1,0
220000000.0,700.0,6.0,6.0,0,0,0,1,0,0,0,0,0,1,0,0
180000000.0,300.0,5.0,3.0,0,0,1,1,1,0,1,0,1,0,1,0
400000000.0,406.0,7.0,6.0,0,0,1,1,1,0,0,1,1,0,1,0
750000000.0,988.0,6.0,4.0,0,0,0,0,0,0,0,0,0,0,1,0
130000000.0,210.0,6.0,5.0,0,0,1,1,0,0,0,0,0,0,1,0
300000000.0,728.0,5.0,2.0,0,0,1,0,0,0,0,1,0,1,0,0
160000000.0,201.5,5.0,5.0,1,0,1,1,1,0,0,1,1,0,1,0
150000000.0,200.0,7.0,7.0,0,0,1,1,1,0,0,0,1,0,0,1
125000000.0,200.0,5.0,5.0,0,0,1,0,1,0,0,0,1,0,1,0
45000000.0,200.0,4.0,4.0,0,0,1,1,1,0,0,0,1,1,0,0
800000000.0,939.0,7.0,5.0,0,0,1,0,1,0,0,0,1,0,1,0
260000000.0,300.0,7.0,6.0,0,0,1,1,1,0,1,1,1,0,0,1
170000000.0,400.0,4.0,3.0,0,1,1,1,1,0,0,1,1,1,0,0
450000000.0,789.0,8.0,5.0,1,1,0,0,1,0,0,1,1,0,1,0
200000000.0,250.0,7.0,4.0,0,0,0,1,1,0,1,0,1,0,1,0
150000000.0,150.0,7.0,5.0,0,0,1,1,1,0,1,0,1,0,0,1
325000000.0,1000.0,10.0,9.0,0,1,0,0,0,0,0,0,0,0,1,0
150000000.0,250.0,6.0,6.0,0,0,1,1,0,0,0,0,1,0,1,0
95000000.0,300.0,6.0,4.0,0,0,1,0,0,0,0,0,0,0,1,0
95000000.0,300.0,6.0,4.0,0,0,1,0,0,0,0,0,0,0,1,0
90000000.0,250.0,5.0,4.0,0,0,0,0,0,0,0,1,0,0,1,0
180000000.0,250.0,8.0,7.0,1,0,1,1,1,0,0,0,1,0,0,1
110000000.0,300.0,6.0,3.0,0,0,1,1,1,0,0,0,1,1,0,0
70000000.0,200.0,4.0,3.0,0,0,1,1,1,0,0,1,1,1,0,0
270000000.0,350.0,6.0,5.0,1,1,1,0,1,0,0,1,1,0,1,0
135000000.0,380.0,6.0,5.0,1,0,1,1,0,0,0,0,0,1,0,0
170000000.0,400.0,4.0,4.0,0,1,1,0,1,0,0,1,1,1,0,0
170000000.0,400.0,4.0,2.0,0,1,1,0,1,0,0,1,1,1,0,0
35000000.0,160.0,3.0,3.0,0,0,1,1,0,0,0,1,0,1,0,0
300000000.0,400.0,5.0,4.0,0,1,0,1,1,1,0,1,1,0,1,0
150000000.0,250.0,6.0,4.0,0,0,1,1,1,0,0,0,1,0,1,0
270000000.0,800.0,7.0,7.0,1,0,1,0,0,0,0,1,0,0,1,0
42000000.0,120.0,3.0,2.0,0,0,1,1,0,0,0,0,0,1,0,0
115000000.0,320.0,7.0,4.0,0,0,0,1,1,0,1,1,1,0,1,0
290000000.0,754.0,9.0,4.0,1,0,1,1,1,0,1,0,1,0,1,0
750000000.0,988.0,6.0,6.0,0,0,0,0,0,0,0,0,0,0,0,0
400000000.0,783.0,9.0,5.0,1,1,1,0,1,1,0,0,1,0,1,0
150000000.0,200.0,5.0,4.0,0,0,1,1,0,0,0,0,0,0,1,0
125000000.0,300.0,5.0,1.0,0,0,1,0,0,0,0,1,0,1,0,0
1300000000.0,1200.0,8.0,8.0,1,1,1,0,1,0,0,0,1,0,1,0
55000000.0,300.0,4.0,4.0,0,0,1,1,1,0,0,0,1,1,0,0
220000000.0,430.0,7.0,8.0,0,0,0,0,0,0,0,0,0,0,1,0
1400000000.0,740.0,14.0,8.0,0,1,1,1,1,0,0,0,1,0,1,1
1300000000.0,1200.0,10.0,8.0,1,1,1,0,1,0,0,0,1,0,1,0
170000000.0,300.0,6.0,5.0,0,1,1,0,0,0,0,1,0,0,1,0
200000000.0,600.0,12.0,9.0,0,0,1,1,1,0,0,0,1,0,1,0
2000000000.0,1485.0,16.0,15.0,1,1,1,0,1,1,0,0,1,0,1,0
500000000.0,600.0,8.0,8.0,1,1,0,0,0,0,0,1,0,0,1,0
270000000.0,350.0,6.0,5.0,1,1,1,0,1,0,0,1,1,0,1,0
130000000.0,300.0,5.0,4.0,0,0,1,0,0,0,0,1,0,1,0,0
250000000.0,450.0,5.0,5.0,1,1,1,0,1,0,0,0,1,0,1,0
130000000.0,300.0,4.0,5.0,1,0,1,0,0,0,0,0,0,1,0,0
140000000.0,300.0,4.0,5.0,0,0,1,1,0,0,0,0,0,1,0,0
60000000.0,250.0,5.0,2.0,0,0,1,1,0,0,0,0,0,0,1,0
250000000.0,339.0,5.0,4.0,1,0,0,0,0,0,0,0,0,1,0,0
175000000.0,300.0,5.0,4.0,1,0,1,0,0,0,0,1,0,0,1,0
270000000.0,850.0,12.0,8.0,0,0,1,1,0,0,0,0,0,0,1,0
160000000.0,400.0,6.0,4.0,0,0,0,0,0,0,0,0,0,0,1,0
170000000.0,400.0,7.0,4.0,1,0,1,0,1,0,0,1,1,0,1,0
600000000.0,600.0,5.0,4.0,0,1,1,1,1,1,0,1,1,1,0,0
200000000.0,400.0,6.0,4.0,1,1,1,0,1,0,0,1,1,0,1,0
200000000.0,300.0,6.0,5.0,0,0,1,1,1,1,0,1,1,0,1,0
38000000.0,200.0,4.0,2.0,1,0,0,0,0,0,0,1,0,1,0,0
175000000.0,500.0,6.0,5.0,1,1,1,0,1,0,0,1,1,0,1,0
30000000.0,200.0,4.0,4.0,0,0,0,0,0,0,0,0,0,1,0,0
350000000.0,400.0,7.0,5.0,0,1,1,1,1,0,0,1,1,0,1,0
45000000.0,200.0,4.0,3.0,0,0,1,0,0,0,0,1,0,0,1,0
200000000.0,250.0,7.0,5.0,0,0,1,0,1,0,0,1,1,1,0,1
1350000000.0,700.0,6.0,6.0,1,1,0,0,0,0,0,1,0,0,1,0
170000000.0,400.0,4.0,4.0,0,1,0,0,0,1,0,1,0,1,0,0
400000000.0,700.0,6.0,6.0,0,1,1,1,0,0,0,1,0,1,0,0
50000000.0,200.0,4.0,3.0,0,0,1,1,1,0,0,1,1,1,0,0
450000000.0,700.0,5.0,7.0,0,1,1,0,1,0,1,1,1,0,1,0
50000000.0,200.0,4.0,3.0,0,0,1,1,1,0,0,1,1,1,0,0
150000000.0,231.0,6.0,5.0,0,0,1,1,0,0,0,1,0,1,0,0
350000000.0,754.0,6.0,5.0,1,0,1,0,1,0,0,1,1,0,1,0
260000000.0,430.0,7.0,5.0,0,0,1,0,1,0,0,1,1,0,1,0
140000000.0,280.0,4.0,4.0,0,0,0,0,0,0,0,1,0,0,1,0
200000000.0,315.0,6.0,4.0,1,0,1,1,1,1,1,1,1,0,0,1
400000000.0,700.0,6.0,5.0,0,1,1,1,1,0,0,1,1,1,0,0
150000000.0,300.0,5.0,4.0,1,0,1,1,0,0,0,1,0,1,0,0
750000000.0,800.0,10.0,7.0,1,1,1,0,1,0,1,0,1,0,1,0
260000000.0,700.0,10.0,7.0,0,0,1,1,1,0,0,0,1,0,1,0
35000000.0,200.0,4.0,3.0,1,0,0,0,0,0,0,1,0,1,0,0
130000000.0,230.0,5.0,3.0,1,0,1,1,1,0,0,0,1,0,1,0
65000000.0,300.0,3.0,2.0,1,0,1,0,0,0,0,1,0,1,0,0
85000000.0,500.0,7.0,6.0,1,0,0,0,1,0,0,0,1,0,1,0
150000000.0,400.0,4.0,4.0,0,0,0,0,0,0,0,0,0,0,1,0
175000000.0,350.0,6.0,6.0,1,0,1,1,1,0,1,1,1,0,1,0
230000000.0,450.0,7.0,4.0,0,0,1,1,1,0,0,0,1,0,1,0
400000000.0,787.0,9.0,10.0,0,0,1,1,1,1,0,1,1,0,1,0
45000000.0,400.0,17.0,17.0,0,0,0,1,0,0,0,0,0,1,0,0
150000000.0,200.0,5.0,4.0,0,0,1,0,0,0,0,0,0,0,0,1
75000000.0,300.0,4.0,3.0,1,0,1,1,0,0,0,1,0,1,0,0
150000000.0,300.0,6.0,5.0,0,1,1,1,1,0,0,0,1,0,1,0
210000000.0,300.0,6.0,6.0,1,1,1,0,1,0,0,0,1,0,1,0
75000000.0,300.0,4.0,4.0,0,0,0,0,0,0,0,1,0,1,0,0
200000000.0,204.0,6.0,4.0,0,0,0,0,0,0,0,0,0,0,0,0
585000000.0,700.0,5.0,5.0,0,1,0,0,0,0,0,0,0,0,1,0
150000000.0,231.0,4.0,4.0,0,0,1,1,0,0,0,0,0,1,0,0
130000000.0,230.0,5.0,3.0,1,0,1,1,1,0,0,0,1,0,1,0
85000000.0,160.0,5.0,4.0,0,0,1,1,1,0,0,0,1,0,1,0
220000000.0,850.0,9.0,9.0,0,0,0,1,0,0,0,1,0,0,1,0
400000000.0,3500.0,6.0,6.0,0,1,0,1,1,1,0,1,1,0,0,0
90000000.0,250.0,5.0,4.0,0,0,1,1,0,0,0,0,0,0,1,0
175000000.0,350.0,6.0,5.0,1,0,1,1,1,0,0,1,1,0,1,0
440000000.0,700.0,5.0,4.0,1,1,1,1,0,0,0,0,0,1,0,0
75000000.0,200.0,5.0,5.0,0,0,1,1,0,0,1,0,0,0,1,0
250000000.0,306.0,6.0,6.0,1,1,1,0,1,0,1,0,1,0,1,0
285000000.0,754.0,8.0,5.0,1,0,1,0,1,0,0,0,1,0,1,0
70000000.0,300.0,5.0,5.0,0,0,1,1,1,0,0,1,1,0,0,0
500000000.0,600.0,6.0,5.0,1,1,1,1,0,0,0,0,0,0,1,0
400000000.0,406.0,7.0,6.0,0,0,1,1,1,0,0,1,1,0,1,0
180000000.0,300.0,5.0,3.0,0,0,1,1,1,0,1,0,1,0,1,0
1300000000.0,1200.0,10.0,8.0,1,1,1,0,1,0,0,0,1,0,0,0
600000000.0,600.0,8.0,7.0,1,1,1,0,1,0,1,0,1,0,1,0
250000000.0,306.0,5.0,6.0,1,0,1,1,1,1,0,0,1,0,1,0
235000000.0,700.0,11.0,9.0,1,0,1,1,1,0,1,0,1,0,1,0
200000000.0,582.0,32.0,32.0,0,0,0,1,0,0,0,0,0,1,0,0
350000000.0,600.0,7.0,5.0,1,0,1,1,1,0,0,1,1,0,1,0
120000000.0,300.0,6.0,5.0,1,0,1,1,0,0,0,1,0,0,1,0
800000000.0,800.0,5.0,4.0,1,1,1,1,1,0,0,1,1,0,1,0
450000000.0,1005.0,7.0,7.0,0,1,0,0,0,0,0,1,0,0,0,0
160000000.0,320.0,5.0,4.0,1,0,1,1,1,0,0,1,1,0,1,0
150000000.0,400.0,6.0,4.0,1,0,1,1,0,0,0,1,0,1,0,0
35000000.0,200.0,4.0,3.0,0,0,0,0,0,0,0,1,0,0,1,0
160000000.0,200.0,5.0,4.0,0,0,1,0,0,1,0,1,0,0,1,0
55000000.0,250.0,5.0,4.0,0,0,1,0,1,0,0,1,1,1,0,0
290000000.0,1123.0,11.0,5.0,1,1,1,0,0,0,0,1,0,0,1,0
140000000.0,600.0,12.0,10.0,0,0,0,0,0,0,0,1,0,0,1,0
170000000.0,400.0,7.0,7.0,1,0,1,0,1,0,0,1,1,0,1,0
380000000.0,500.0,6.0,6.0,0,0,0,0,0,0,0,1,0,0,1,0
65000000.0,800.0,7.0,7.0,0,0,1,1,0,0,0,1,0,0,1,0
120000000.0,300.0,4.0,4.0,0,1,0,0,0,0,0,1,0,0,1,0
75000000.0,402.0,5.0,5.0,0,1,0,1,1,1,1,1,1,0,1,0
950000000.0,4998.0,15.0,15.0,0,0,0,0,0,0,0,1,0,0,1,0
250000000.0,306.0,5.0,4.0,1,0,1,1,1,1,0,1,1,0,1,0
200000000.0,320.0,7.0,4.0,0,0,1,1,1,1,1,1,1,0,1,0
60000000.0,200.0,5.0,3.0,0,0,1,0,0,0,0,1,0,1,0,0
250000000.0,306.0,6.0,4.0,1,0,1,1,1,1,0,1,1,0,1,0
250000000.0,306.0,6.0,4.0,1,0,1,1,1,1,0,1,1,0,1,0
250000000.0,306.0,6.0,4.0,1,0,1,1,1,1,0,1,1,0,1,0
400000000.0,783.0,8.0,5.0,0,1,1,0,1,0,0,1,1,0,1,0
75000000.0,400.0,5.0,4.0,1,1,1,1,1,0,0,1,1,0,1,0
250000000.0,306.0,5.0,4.0,1,0,1,1,1,1,0,1,1,0,1,0
1800000000.0,3254.0,14.0,10.0,0,1,1,0,0,0,0,1,0,0,1,0
2000000000.0,1500.0,10.0,4.0,1,1,1,0,1,0,1,1,1,0,1,0
2000000000.0,1500.0,10.0,4.0,1,1,1,0,1,0,1,1,1,0,1,0
500000000.0,690.0,7.0,7.0,1,0,1,0,0,0,0,1,0,0,1,0
110000000.0,317.0,4.0,4.0,1,1,1,1,0,1,1,1,0,0,1,0
230000000.0,400.0,8.0,6.0,0,0,1,0,0,0,0,1,0,0,1,0
90000000.0,200.0,4.0,4.0,0,0,1,0,0,1,1,1,0,0,1,0
38000000.0,200.0,4.0,3.0,0,0,1,1,1,0,0,0,1,1,0,0
32000000.0,150.0,3.0,3.0,0,0,0,1,0,0,0,0,0,1,0,0
78000000.0,200.0,6.0,3.0,0,0,1,1,1,0,1,0,1,0,0,1
110000000.0,317.0,4.0,4.0,1,1,1,1,0,1,1,1,0,0,1,0
180000000.0,200.0,7.0,8.0,0,0,1,0,0,0,0,0,0,0,0,1
78000000.0,200.0,6.0,3.0,0,0,1,1,1,0,1,0,1,0,0,1
125000000.0,600.0,7.0,5.0,1,0,1,1,0,0,0,1,0,0,1,0
1000000000.0,1000.0,10.0,8.0,1,1,0,1,1,0,0,1,1,0,0,1
90000000.0,230.0,4.0,4.0,0,1,0,1,0,0,0,1,0,1,0,0
90000000.0,155.0,2.0,4.0,0,0,1,0,0,1,1,1,0,0,1,0
490000000.0,700.0,5.0,5.0,0,1,0,0,0,0,0,1,0,0,0,0
350000000.0,250.0,7.0,7.0,0,1,1,1,0,0,0,1,0,0,1,0
270000000.0,400.0,7.0,7.0,1,1,1,0,1,1,0,1,1,0,1,0
71860000.0,350.0,4.0,2.0,0,0,0,1,0,0,0,1,0,0,1,0
70000000.0,400.0,5.0,3.0,0,0,1,0,0,0,0,1,0,0,0,0
300000000.0,500.0,4.0,3.0,1,1,0,0,0,0,0,1,0,0,0,0
120000000.0,743.0,6.0,4.0,0,0,0,0,0,0,0,1,0,0,1,0
60000000.0,200.0,4.0,3.0,0,0,1,1,0,0,0,1,0,0,1,0
55000000.0,250.0,4.0,3.0,0,0,1,1,1,0,0,1,1,1,0,0
220000000.0,300.0,7.0,7.0,1,0,1,0,0,0,0,1,0,0,1,0
380000000.0,500.0,10.0,5.0,1,1,1,1,1,0,0,1,1,0,1,0
230000000.0,397.0,5.0,3.0,1,0,1,0,0,0,0,0,0,1,0,0
100000000.0,500.0,6.0,5.0,0,0,0,0,0,0,0,0,0,0,1,0
325000000.0,400.0,6.0,4.0,1,0,1,1,1,1,0,1,1,0,0,1
450000000.0,635.0,5.0,4.0,1,0,1,0,0,0,0,0,0,0,1,0
150000000.0,200.0,5.0,4.0,1,0,1,1,1,0,0,0,1,0,1,0
550000000.0,850.0,10.0,6.0,0,1,1,1,0,0,1,0,0,0,0,1
120000000.0,300.0,6.0,5.0,0,0,1,1,0,0,0,1,0,1,0,0
800000000.0,1150.0,5.0,5.0,1,1,1,1,1,0,0,0,1,0,1,0
700000000.0,781.0,12.0,6.0,1,0,1,1,1,0,0,0,1,0,1,0
500000000.0,741.0,10.0,10.0,0,1,1,0,1,0,0,0,1,1,0,0
450000000.0,800.0,9.0,9.0,0,1,1,1,1,0,0,1,1,1,0,0
130000000.0,300.0,4.0,3.0,0,0,1,1,0,0,0,1,0,0,1,0
600000000.0,600.0,7.0,1.0,0,1,1,1,1,0,0,0,1,0,1,0
180000000.0,250.0,6.0,5.0,0,0,1,1,1,1,0,1,1,0,1,0
190000000.0,300.0,7.0,5.0,0,0,1,0,1,0,0,1,1,0,0,1
150000000.0,750.0,6.0,5.0,1,0,1,1,1,0,0,0,1,0,1,0
30000000.0,300.0,5.0,5.0,0,0,1,1,0,0,0,0,0,0,0,0
75000000.0,270.0,5.0,4.0,0,0,1,1,0,0,0,1,0,0,1,0
35000000.0,225.0,3.0,2.0,0,0,0,1,1,0,0,1,1,0,1,0
75000000.0,300.0,5.0,5.0,0,0,0,0,0,1,0,1,0,0,1,0
15000000.0,80.0,2.0,3.0,0,0,0,0,0,0,0,0,0,1,0,0
80000000.0,300.0,4.0,3.0,0,0,1,1,1,0,0,1,1,0,1,0
45000000.0,225.0,4.0,2.0,0,0,0,1,1,0,0,1,1,0,1,0
30000000.0,600.0,5.0,5.0,0,0,0,1,0,0,0,0,0,0,0,0
60000000.0,300.0,8.0,5.0,0,0,0,0,0,0,0,1,0,0,1,0
150000000.0,400.0,9.0,5.0,0,0,0,0,0,0,0,0,0,0,1,0
200000000.0,850.0,6.0,5.0,0,0,0,0,0,0,0,0,0,0,0,0
90000000.0,300.0,6.0,4.0,0,1,1,1,1,0,0,1,1,0,1,0
150000000.0,400.0,6.0,4.0,0,0,0,0,0,0,0,0,0,0,1,0
110000000.0,400.0,9.0,9.0,0,0,0,0,0,0,0,0,0,0,1,0
45000000.0,200.0,4.0,3.0,0,0,1,0,0,0,0,0,0,0,1,0
160000000.0,180.0,7.0,1.0,0,1,1,1,1,0,0,0,1,0,0,1
600000000.0,700.0,8.0,8.0,1,0,0,0,0,0,0,0,0,0,0,0
200000000.0,600.0,6.0,6.0,0,1,0,0,0,0,0,1,0,0,1,0
300000000.0,350.0,6.0,5.0,0,0,1,0,1,0,0,1,1,0,1,0
350000000.0,300.0,6.0,5.0,0,1,1,0,1,0,0,0,1,0,0,1
170000000.0,320.0,4.0,4.0,0,1,1,1,1,1,1,0,1,0,1,0
70000000.0,250.0,4.0,3.0,0,0,1,1,0,0,0,0,0,1,0,0
800000000.0,680.0,6.0,8.0,0,0,1,1,1,0,1,1,1,0,1,1
235000000.0,300.0,4.0,4.0,1,0,1,1,1,1,0,1,1,0,0,0
350000000.0,350.0,7.0,4.0,1,0,1,1,1,0,0,0,1,0,1,0
70000000.0,200.0,5.0,4.0,0,0,1,1,0,0,0,0,0,0,1,0
80000000.0,300.0,4.0,4.0,0,0,1,1,1,0,0,1,1,0,1,0
120000000.0,4.0,4.0,4.0,0,0,0,0,0,1,0,1,0,0,1,0
650000000.0,788.0,6.0,5.0,1,0,0,1,0,1,0,0,0,0,1,0
310000000.0,400.0,6.0,4.0,1,0,1,1,0,0,0,0,0,0,0,0
900000000.0,1000.0,12.0,9.0,1,1,0,0,1,0,0,0,1,0,0,1
160000000.0,300.0,6.0,5.0,1,0,1,1,0,0,0,1,0,0,1,0
700000000.0,789.0,6.0,6.0,1,0,1,0,0,1,0,0,0,0,1,0
30000000.0,150.0,4.0,2.0,0,0,1,1,0,0,0,1,0,1,0,0
30000000.0,150.0,4.0,3.0,0,0,1,1,0,0,0,1,0,1,0,0
700000000.0,887.0,7.0,5.0,1,1,1,1,1,1,0,0,1,1,0,0
67000000.0,200.0,3.0,2.0,0,0,1,0,0,0,0,0,0,0,0,0
155000000.0,300.0,5.0,4.0,1,0,1,1,0,1,0,1,0,0,1,0
250000000.0,500.0,7.0,5.0,1,1,0,1,1,0,0,0,1,0,1,0
1100000000.0,800.0,8.0,6.0,1,1,0,0,0,0,0,0,0,0,1,0
410000000.0,380.0,6.0,5.0,1,1,1,0,0,1,0,1,0,0,1,0
900000000.0,1087.0,7.0,6.0,1,1,1,1,1,0,0,1,1,1,0,0
80000000.0,375.0,4.0,4.0,0,0,1,0,0,0,0,1,0,1,0,0
800000000.0,800.0,14.0,10.0,0,0,1,0,1,0,0,1,1,0,1,0
115000000.0,320.0,4.0,2.0,0,0,1,1,1,1,0,1,1,0,1,0
170000000.0,201.5,5.0,5.0,1,0,1,1,1,0,0,1,1,0,1,0
68000000.0,300.0,4.0,4.0,0,0,1,1,0,0,0,1,0,1,0,0
150000000.0,350.0,5.0,5.0,0,0,1,1,1,0,0,1,1,0,1,0
180000000.0,250.0,7.0,4.0,0,0,1,1,1,0,0,1,1,0,0,0
890000000.0,1087.0,7.0,7.0,1,1,1,1,1,0,0,1,1,1,0,0
160000000.0,300.0,5.0,4.0,1,0,1,1,0,0,0,1,0,0,1,0
130000000.0,450.0,6.0,5.0,0,0,0,0,0,0,0,1,0,0,1,0
400000000.0,800.0,10.0,9.0,1,1,1,0,0,0,0,1,0,0,1,0
450000000.0,600.0,6.0,6.0,1,1,0,0,0,1,0,1,0,0,1,0
1300000000.0,1200.0,10.0,8.0,1,1,1,0,1,0,0,1,1,0,1,0
1500000000.0,500.0,6.0,5.0,1,1,0,0,0,0,0,0,0,0,1,0
140000000.0,368.0,6.0,4.0,1,0,1,0,0,0,0,0,0,1,0,0
200000000.0,300.0,5.0,5.0,0,0,0,0,1,0,0,1,1,0,1,0
1000000000.0,1000.0,10.0,7.0,1,1,0,0,1,0,1,0,1,0,0,1
1300000000.0,1700.0,19.0,17.0,0,0,0,0,1,0,0,0,1,0,1,0
350000000.0,375.0,7.0,7.0,1,1,1,0,1,0,0,0,1,0,0,1
150000000.0,385.0,5.0,5.0,0,1,0,1,0,1,0,1,0,0,1,0
260000000.0,333.0,6.0,5.0,1,0,1,0,0,0,0,1,0,0,1,0
150000000.0,385.0,5.0,5.0,0,1,0,1,0,1,0,1,0,0,1,0
140000000.0,200.0,7.0,6.0,0,0,0,0,0,0,0,0,0,0,0,1
150000000.0,385.0,5.0,5.0,0,1,0,1,0,1,0,1,0,0,1,0
150000000.0,385.0,5.0,5.0,0,1,0,1,0,1,0,1,0,0,1,0
150000000.0,385.0,5.0,5.0,0,1,0,1,0,1,0,1,0,0,1,0
450000000.0,600.0,6.0,4.0,1,1,0,0,1,1,0,1,1,0,1,0
220000000.0,650.0,7.0,6.0,1,1,0,0,0,0,0,1,0,0,1,0
270000000.0,4000.0,9.0,9.0,0,0,0,0,0,0,0,1,0,0,1,0
650000000.0,500.0,7.0,6.0,1,1,0,1,1,0,1,1,1,0,1,0
150000000.0,385.0,5.0,4.0,0,1,0,1,0,1,0,1,0,0,1,0
150000000.0,385.0,5.0,4.0,0,1,0,1,0,1,0,1,0,0,1,0
110000000.0,250.0,6.0,4.0,0,0,0,0,0,0,0,1,0,1,0,0
650000000.0,781.0,12.0,6.0,1,1,1,1,1,0,0,1,1,0,1,0
400000000.0,380.0,6.0,5.0,1,1,1,0,0,1,0,1,0,0,1,0
350000000.0,600.0,8.0,8.0,1,1,1,0,0,0,0,1,0,0,0,0
750000000.0,1087.0,7.0,7.0,1,1,1,1,1,0,0,1,1,1,0,0
35000000.0,200.0,5.0,4.0,0,0,0,1,0,0,0,1,0,0,0,0
60000000.0,308.0,4.0,3.0,0,0,0,0,0,0,0,1,0,0,1,0
65000000.0,250.0,4.0,4.0,0,0,1,1,0,1,0,1,0,0,1,0
65000000.0,300.0,5.0,5.0,0,0,1,1,0,0,0,1,0,0,1,0
290000000.0,400.0,6.0,6.0,1,1,0,0,1,1,0,1,1,0,1,0
55000000.0,200.0,4.0,4.0,0,0,1,1,1,0,0,1,1,0,0,1
400000000.0,220.0,4.0,3.0,0,1,1,0,1,0,0,1,1,0,1,0
310000000.0,400.0,7.0,6.0,0,0,0,0,0,0,0,1,0,0,1,0
155000000.0,250.0,6.0,6.0,0,0,0,0,0,0,0,1,0,0,1,0
45000000.0,120.0,4.0,3.0,0,0,0,0,0,0,0,1,0,1,0,0
60000000.0,200.0,4.0,4.0,1,0,1,1,1,0,0,1,1,1,0,0
380000000.0,380.0,5.0,6.0,1,1,1,0,0,0,0,1,0,0,1,0
250000000.0,600.0,6.0,4.0,0,0,1,0,0,0,0,0,0,0,1,0
180000000.0,350.0,6.0,4.0,1,0,1,0,1,1,0,1,1,0,1,0
230000000.0,600.0,7.0,10.0,0,0,1,1,1,0,0,0,1,0,1,0
150000000.0,200.0,6.0,5.0,0,0,1,1,1,0,0,0,1,0,0,1
120000000.0,300.0,7.0,4.0,0,0,0,0,0,0,0,0,0,0,0,0
16000000.0,170.0,3.0,3.0,0,0,0,0,0,0,0,0,0,0,0,0
250000000.0,1100.0,5.0,5.0,0,1,0,0,0,0,0,0,0,1,0,0
170000000.0,400.0,5.0,5.0,0,1,1,1,0,1,0,1,0,0,1,0
125000000.0,7.0,7.0,7.0,0,0,1,1,0,0,0,1,0,0,0,1
360000000.0,5.0,5.0,5.0,1,0,1,1,1,1,0,1,1,0,1,0
400000000.0,220.0,3.0,3.0,0,1,1,0,1,0,0,0,1,0,1,0
240000000.0,306.0,5.0,5.0,1,0,1,1,1,1,0,0,1,0,1,0
55000000.0,120.0,4.0,3.0,0,0,1,1,1,0,0,0,1,0,0,1
75000000.0,150.0,5.0,8.0,0,0,1,0,0,0,0,1,0,0,1,0
160000000.0,400.0,9.0,8.0,0,0,0,0,0,0,0,1,0,1,0,0
40000000.0,300.0,5.0,5.0,0,0,0,0,0,0,0,0,0,0,1,0
130000000.0,250.0,5.0,5.0,0,0,1,1,1,0,0,0,1,0,0,1
59000000.0,307.0,4.0,3.0,1,0,1,1,1,0,0,0,1,0,0,0
195000000.0,320.0,6.0,4.0,0,0,1,1,0,0,0,0,0,0,1,0
400000000.0,450.0,3.0,3.0,0,1,1,0,1,0,0,0,1,0,1,0
140000000.0,564.0,7.0,5.0,0,0,0,0,0,0,0,0,0,0,1,0
59000000.0,350.0,4.0,3.0,1,1,1,1,1,1,0,0,1,0,0,0
125000000.0,300.0,7.0,7.0,0,0,1,1,0,0,0,1,0,0,0,1
110000000.0,347.0,5.0,5.0,0,0,1,1,1,0,0,1,1,1,0,0
380000000.0,406.0,7.0,7.0,0,0,1,1,1,0,0,1,1,0,1,0
55000000.0,250.0,4.0,4.0,0,0,1,0,0,0,0,1,0,1,0,0
160000000.0,300.0,5.0,4.0,0,0,0,0,0,0,0,0,0,0,1,0
350000000.0,520.0,11.0,11.0,0,0,0,1,1,0,1,1,1,0,0,1
190000000.0,350.0,8.0,6.0,0,0,1,0,1,1,1,1,1,0,1,0
55000000.0,300.0,4.0,3.0,1,0,0,0,1,0,0,1,1,1,0,0
69000000.0,400.0,4.0,4.0,1,1,1,0,1,0,1,1,1,0,1,0
400000000.0,700.0,5.0,5.0,1,1,1,1,1,0,0,0,1,0,0,0
130000000.0,250.0,5.0,5.0,0,0,1,1,1,0,0,0,1,0,0,0
65000000.0,208.0,4.0,4.0,0,0,1,1,0,0,0,0,0,1,0,0
180000000.0,377.0,5.0,5.0,0,1,1,0,0,0,0,1,0,0,1,0
2000000000.0,5000.0,5.0,5.0,0,1,0,0,0,0,0,0,1,0,1,0
60000000.0,200.0,4.0,3.0,1,0,1,1,1,0,0,1,1,1,0,0
250000000.0,430.0,7.0,7.0,0,0,1,0,1,0,0,0,1,0,1,0
60000000.0,200.0,3.0,3.0,0,0,1,0,0,0,0,1,0,1,0,0
40000000.0,200.0,4.0,4.0,0,0,0,0,1,0,0,0,1,1,0,0
65000000.0,250.0,4.0,4.0,0,0,0,0,0,0,0,0,0,1,0,0
240000000.0,306.0,6.0,5.0,1,0,1,1,1,1,0,1,1,0,1,0
300000000.0,450.0,5.0,18.0,0,0,0,0,0,0,0,1,0,0,1,0
200000000.0,250.0,7.0,6.0,0,1,1,0,1,0,0,1,1,0,1,0
650000000.0,635.0,5.0,5.0,1,0,1,1,1,0,0,1,1,0,1,0
1000000000.0,1000.0,10.0,10.0,1,1,1,0,1,0,1,1,1,0,0,1
900000000.0,1000.0,7.0,7.0,1,1,0,0,0,1,0,1,0,0,1,0
350000000.0,375.0,7.0,6.0,0,1,1,0,1,0,0,1,1,0,0,1
115000000.0,320.0,4.0,3.0,0,0,0,0,0,1,0,1,0,0,1,0
165000000.0,365.0,6.0,3.0,1,0,1,1,0,0,0,1,0,1,0,0
80000000.0,400.0,5.0,5.0,0,0,0,0,0,0,0,1,0,0,1,0
250000000.0,660.0,6.0,6.0,0,0,1,0,1,0,0,1,1,0,1,0
180000000.0,365.0,6.0,4.0,1,0,1,1,0,0,0,1,1,1,0,0
700000000.0,887.0,7.0,7.0,1,1,1,1,1,1,0,0,1,1,0,0
310000000.0,553.0,4.0,2.0,0,0,0,0,0,0,0,1,0,1,0,0
600000000.0,800.0,10.0,4.0,1,0,1,1,1,0,0,0,1,0,1,0
230000000.0,400.0,6.0,5.0,1,0,1,0,0,1,0,1,0,0,1,0
60000000.0,400.0,4.0,3.0,1,0,0,0,0,0,0,1,0,0,0,0
50000000.0,180.0,5.0,4.0,0,0,1,1,1,0,0,0,1,0,0,1
700000000.0,887.0,7.0,7.0,1,1,1,1,1,1,0,0,1,0,1,0
65000000.0,150.0,6.0,4.0,0,0,0,0,0,0,0,1,0,0,1,0
125000000.0,350.0,6.0,5.0,0,0,1,0,0,0,0,0,0,0,1,0
53000000.0,250.0,3.0,2.0,0,0,1,0,0,0,0,0,0,1,0,0
160000000.0,230.0,8.0,5.0,0,0,1,0,1,0,0,0,1,0,0,1
130000000.0,300.0,5.0,5.0,0,0,0,0,0,0,0,1,0,0,1,0
2500000000.0,2000.0,11.0,10.0,0,1,1,1,0,0,0,0,0,0,1,0
260000000.0,300.0,5.0,5.0,1,1,1,1,1,1,0,0,1,0,1,0
40000000.0,200.0,4.0,4.0,0,0,0,1,1,0,0,0,1,1,0,0
800000000.0,800.0,14.0,7.0,0,0,1,0,1,0,0,0,1,0,1,0
350000000.0,300.0,6.0,4.0,0,1,1,0,1,0,0,0,1,0,0,1
180000000.0,400.0,4.0,3.0,0,1,0,0,0,1,0,1,0,1,0,0
750000000.0,1087.0,7.0,5.0,1,1,1,1,1,0,0,0,1,1,0,0
120000000.0,200.0,5.0,4.0,0,0,1,1,0,0,0,0,0,0,1,0
140000000.0,200.0,7.0,7.0,0,0,0,0,0,0,0,0,0,0,0,1
60000000.0,250.0,4.0,3.0,0,0,0,0,0,0,0,0,0,0,0,0
160000000.0,200.0,5.0,5.0,1,0,0,1,1,1,0,0,1,0,1,0
250000000.0,400.0,6.0,6.0,1,0,1,1,1,1,0,0,1,0,1,0
160000000.0,200.0,5.0,5.0,1,0,0,1,1,1,0,0,1,0,1,0
100000000.0,375.0,4.0,4.0,1,0,0,1,0,0,0,0,0,1,0,0
55000000.0,250.0,4.0,3.0,0,0,1,0,0,0,0,1,0,1,0,0
250000000.0,400.0,6.0,6.0,1,0,1,1,1,1,0,0,1,0,1,0
120000000.0,230.0,7.0,6.0,0,0,1,1,0,0,0,1,0,0,0,1
90000000.0,400.0,4.0,3.0,1,0,1,0,0,0,0,0,0,1,0,0
235000000.0,300.0,4.0,4.0,1,0,1,1,1,1,0,1,1,0,0,0
45000000.0,250.0,5.0,4.0,0,0,0,0,0,0,0,1,0,1,0,0
290000000.0,400.0,6.0,6.0,1,1,0,0,1,1,0,0,1,0,1,0
95000000.0,375.0,3.0,3.0,1,0,1,1,1,1,0,0,1,1,0,0
380000000.0,400.0,5.0,5.0,1,0,1,0,1,0,0,0,1,0,1,0
95000000.0,375.0,4.0,2.0,1,0,0,1,0,0,0,0,0,1,0,0
380000000.0,380.0,8.0,6.0,1,1,1,0,0,0,0,0,0,0,1,0
290000000.0,400.0,6.0,6.0,1,1,0,0,1,1,0,0,1,0,1,0
40000000.0,300.0,4.0,7.0,0,0,0,0,0,0,0,1,0,0,1,0
40000000.0,560.0,8.0,5.0,0,0,0,0,0,0,0,0,0,0,1,0
150000000.0,280.0,5.0,4.0,0,0,0,0,0,0,0,1,0,0,1,0
200000000.0,500.0,6.0,5.0,0,0,0,0,0,0,0,0,0,0,1,0
160000000.0,489.0,7.0,5.0,0,0,0,0,0,0,0,0,0,0,1,0
380000000.0,380.0,5.0,5.0,1,1,1,0,0,0,0,1,0,0,1,0
145000000.0,400.0,6.0,4.0,0,0,0,0,1,0,0,1,1,0,1,0
400000000.0,600.0,6.0,6.0,1,1,0,0,1,1,0,1,1,0,0,0
50000000.0,250.0,4.0,4.0,0,0,1,0,1,0,0,1,1,1,0,0
65000000.0,200.0,4.0,3.0,0,0,1,1,1,0,0,1,1,0,1,0
1300000000.0,740.0,14.0,8.0,1,1,1,1,1,1,0,1,1,0,1,1
250000000.0,450.0,5.0,4.0,1,0,1,0,1,0,0,1,1,0,1,0
135000000.0,325.0,4.0,2.0,0,0,0,1,0,0,0,1,0,0,1,0
100000000.0,375.0,4.0,3.0,1,0,1,0,0,1,0,1,0,1,0,0
230000000.0,350.0,6.0,4.0,1,1,1,0,1,1,0,1,1,0,1,0
280000000.0,300.0,5.0,4.0,1,1,0,0,1,1,0,0,1,0,1,0
140000000.0,300.0,4.0,3.0,1,0,1,0,1,0,0,0,1,0,1,0
260000000.0,450.0,6.0,4.0,0,0,0,0,0,0,0,0,0,0,1,0
85000000.0,243.0,6.0,5.0,0,0,1,1,0,0,0,1,0,0,1,0
170000000.0,300.0,5.0,4.0,0,0,1,1,1,1,0,1,1,1,0,0
250000000.0,376.0,7.0,5.0,0,0,1,1,1,1,0,1,1,0,1,0
75000000.0,125.0,4.0,3.0,0,0,1,1,0,0,0,0,0,0,1,0
210000000.0,300.0,6.0,5.0,0,0,1,0,0,0,0,0,0,0,1,0
180000000.0,500.0,4.0,3.0,1,1,1,1,1,0,0,0,1,0,0,0
650000000.0,500.0,7.0,5.0,1,1,0,1,1,0,1,1,1,0,1,0
550000000.0,1500.0,8.0,6.0,1,1,1,0,1,0,0,1,1,0,1,0
850000000.0,800.0,14.0,7.0,0,1,1,0,1,1,0,1,1,0,0,1
202000000.0,402.0,4.0,5.0,0,0,1,1,1,0,1,0,1,0,1,0
350000000.0,376.0,6.0,5.0,0,1,0,0,0,0,0,0,0,0,1,0
250000000.0,250.0,5.0,4.0,1,0,0,1,1,1,0,0,1,0,1,0
350000000.0,450.0,10.0,7.0,0,1,1,0,1,1,0,0,1,0,0,0
120000000.0,800.0,4.0,5.0,1,0,0,1,1,0,0,0,1,1,0,0
85000000.0,200.0,4.0,4.0,0,0,1,1,1,0,1,1,1,0,1,0
220000000.0,650.0,7.0,5.0,0,0,0,0,0,0,0,1,0,0,1,0
85000000.0,250.0,6.0,4.0,0,0,1,1,0,0,0,0,0,0,1,0
250000000.0,250.0,5.0,4.0,1,0,0,0,1,1,1,0,1,0,1,0
350000000.0,400.0,5.0,4.0,1,0,1,1,1,1,0,1,1,0,1,0
60000000.0,200.0,4.0,3.0,0,0,1,1,0,0,0,1,0,1,0,0
90000000.0,310.0,5.0,3.0,0,0,1,1,0,0,0,1,0,1,0,0
1135000000.0,298.0,5.0,3.0,1,0,0,1,1,0,0,1,1,0,1,0
1700000000.0,3254.0,14.0,7.0,1,1,1,0,1,0,0,1,1,0,1,0
350000000.0,500.0,7.0,7.0,1,1,1,0,0,0,0,1,0,0,1,0
95000000.0,300.0,5.0,5.0,1,0,1,1,1,0,1,1,1,0,1,0
290000000.0,400.0,6.0,5.0,1,1,0,0,1,1,0,1,1,0,1,0
280000000.0,400.0,6.0,6.0,1,1,0,0,0,1,0,1,0,0,1,0
130000000.0,350.0,5.0,3.0,1,0,0,0,0,0,0,1,0,0,1,0
400000000.0,300.0,8.0,8.0,0,1,0,0,0,0,0,1,0,0,1,0
202000000.0,402.0,4.0,5.0,1,0,1,1,1,0,1,1,1,0,1,0
220000000.0,450.0,6.0,6.0,1,1,1,1,0,1,0,1,1,0,1,0
180000000.0,250.0,7.0,5.0,0,0,1,0,1,0,0,1,1,0,1,0
60000000.0,300.0,4.0,4.0,0,0,0,0,0,1,0,1,0,0,1,0
75000000.0,200.0,4.0,3.0,0,0,1,1,1,0,0,1,1,1,0,0
55000000.0,220.0,4.0,4.0,0,0,1,0,0,0,0,0,0,0,1,0
200000000.0,784.0,5.0,5.0,1,0,1,1,1,0,0,1,1,0,1,0
250000000.0,350.0,6.0,5.0,1,0,1,0,0,1,0,1,0,0,1,0
1500000000.0,1200.0,15.0,15.0,0,1,0,1,1,0,1,0,1,0,0,1
230000000.0,420.0,7.0,6.0,1,0,1,1,0,1,0,1,0,0,1,0
155000000.0,300.0,5.0,5.0,1,0,1,0,1,1,0,0,1,0,1,0
290000000.0,400.0,6.0,5.0,1,1,0,0,1,1,0,0,1,0,1,0
165000000.0,250.0,7.0,6.0,0,1,1,1,1,1,1,1,1,0,1,0
80000000.0,300.0,4.0,3.0,0,0,0,0,0,0,0,1,0,0,1,0
450000000.0,600.0,6.0,5.0,1,1,0,0,1,1,0,1,1,0,0,0
85000000.0,250.0,6.0,5.0,0,0,1,1,1,0,1,1,1,0,1,0
210000000.0,350.0,6.0,4.0,1,1,1,1,1,0,1,1,1,0,1,0
120000000.0,300.0,5.0,5.0,1,0,1,1,1,0,1,1,1,0,1,0
120000000.0,250.0,5.0,4.0,0,0,1,1,0,0,0,1,0,1,0,0
65000000.0,250.0,4.0,4.0,0,0,0,0,0,0,0,1,0,0,1,0
170000000.0,300.0,6.0,5.0,0,0,1,0,0,0,1,1,0,0,1,0
210000000.0,300.0,8.0,5.0,0,1,1,1,0,0,1,1,0,0,1,0
130000000.0,300.0,5.0,5.0,1,0,1,1,1,0,1,1,1,0,1,0
165000000.0,300.0,8.0,7.0,0,0,1,1,1,1,1,1,1,0,1,0
155000000.0,300.0,5.0,5.0,1,0,1,0,1,1,0,1,1,0,1,0
165000000.0,300.0,7.0,7.0,0,0,1,1,1,1,1,1,1,0,1,0
175000000.0,250.0,7.0,7.0,0,1,1,1,1,1,1,1,1,0,1,0
700000000.0,887.0,6.0,6.0,1,1,1,1,1,1,0,0,1,1,0,0
210000000.0,300.0,6.0,5.0,0,1,1,1,0,0,0,1,0,0,1,0
75000000.0,250.0,4.0,3.0,1,0,1,1,0,1,0,1,0,0,1,0
60000000.0,250.0,4.0,4.0,0,0,0,0,0,0,0,1,0,1,0,0
190000000.0,300.0,10.0,9.0,0,0,0,0,0,0,0,1,0,0,1,0
50000000.0,300.0,4.0,3.0,0,0,0,0,0,0,0,0,0,0,1,0
180000000.0,250.0,7.0,7.0,1,0,1,0,1,1,0,0,1,0,1,0
260000000.0,300.0,5.0,5.0,1,1,1,1,1,1,0,1,1,0,1,0
250000000.0,224.0,5.0,5.0,0,1,1,0,1,0,1,1,1,0,1,1
300000000.0,300.0,6.0,4.0,1,1,1,0,1,1,0,0,1,0,0,0
180000000.0,250.0,7.0,6.0,1,0,1,0,1,1,0,1,1,0,1,0
2000000000.0,2200.0,17.0,8.0,0,1,0,0,0,0,0,0,0,0,1,0
250000000.0,379.0,4.0,4.0,1,0,1,0,1,0,0,1,1,0,1,0
485000000.0,700.0,5.0,5.0,1,1,0,1,1,0,0,0,1,0,1,0
110000000.0,406.0,4.0,4.0,0,0,0,0,0,0,0,1,0,1,0,0
500000000.0,660.0,5.0,5.0,0,0,0,0,0,0,0,1,0,1,0,0
200000000.0,300.0,5.0,5.0,1,1,1,0,1,1,0,1,1,0,1,0
350000000.0,2250.0,13.0,12.0,0,1,0,1,0,0,0,1,0,1,0,0
200000000.0,350.0,7.0,7.0,1,0,1,1,0,1,0,1,0,0,1,0
45000000.0,200.0,4.0,4.0,0,0,1,1,1,0,0,1,1,0,1,0
55000000.0,180.0,4.0,3.0,0,0,0,0,0,0,0,1,0,1,0,0
450000000.0,360.0,6.0,5.0,0,1,1,0,1,0,0,1,1,0,1,0
55000000.0,220.0,4.0,4.0,1,0,0,0,0,0,0,1,0,1,0,0
160000000.0,450.0,4.0,4.0,1,0,1,0,1,0,0,1,1,0,1,0
38000000.0,200.0,4.0,3.0,1,0,1,0,0,1,0,1,0,1,0,0
350000000.0,350.0,6.0,7.0,0,1,1,1,1,0,0,1,1,0,0,1
360000000.0,375.0,7.0,7.0,0,1,0,0,1,0,0,1,1,0,0,1
400000000.0,900.0,10.0,10.0,1,1,1,0,0,0,0,1,0,0,1,0
490000000.0,700.0,5.0,5.0,1,1,1,1,1,0,0,1,1,0,0,0
120000000.0,500.0,5.0,3.0,0,0,0,0,0,1,0,1,0,0,1,0
175000000.0,250.0,6.0,5.0,1,0,1,1,1,0,0,1,1,0,1,0
50000000.0,250.0,5.0,5.0,0,1,0,0,0,0,0,1,0,0,0,0
270000000.0,500.0,6.0,6.0,1,1,0,0,1,0,0,1,1,0,1,0
500000000.0,660.0,5.0,4.0,0,1,0,1,0,0,0,1,0,0,0,0
450000000.0,360.0,6.0,6.0,0,1,1,0,1,0,0,1,1,0,1,0
175000000.0,250.0,6.0,5.0,1,0,1,1,1,0,0,1,1,0,1,0
400000000.0,450.0,5.0,4.0,1,1,1,0,1,0,1,1,1,0,1,0
230000000.0,315.0,6.0,7.0,1,0,1,1,0,0,1,1,0,0,1,0
270000000.0,500.0,5.0,1.0,0,1,1,0,1,1,0,0,1,0,1,0
180000000.0,250.0,6.0,6.0,0,0,0,0,0,0,0,0,0,0,0,0
330000000.0,350.0,6.0,5.0,1,1,1,0,1,0,0,0,1,0,1,0
175000000.0,250.0,6.0,5.0,1,0,1,1,1,0,0,0,1,0,1,0
650000000.0,508.0,5.0,5.0,1,0,1,1,1,0,0,0,1,0,1,0
140000000.0,300.0,4.0,4.0,1,0,1,0,1,0,0,0,1,0,1,0
85000000.0,243.0,6.0,6.0,0,0,1,1,0,0,0,1,0,0,1,0
650000000.0,508.0,5.0,5.0,1,0,1,1,1,0,0,0,1,1,0,0
175000000.0,250.0,6.0,5.0,1,0,1,1,1,0,0,0,1,0,1,0
450000000.0,360.0,6.0,6.0,0,1,1,0,1,0,1,0,1,0,1,0
450000000.0,360.0,6.0,6.0,0,1,1,0,1,0,1,0,1,0,1,0
450000000.0,360.0,6.0,6.0,0,1,1,0,1,0,1,0,1,0,1,0
100000000.0,300.0,6.0,5.0,1,1,0,0,0,0,0,0,0,0,0,0
160000000.0,200.0,5.0,5.0,1,0,0,1,1,1,0,0,1,0,1,0
235000000.0,300.0,4.0,4.0,1,0,1,1,1,1,0,1,1,0,0,0
450000000.0,400.0,7.0,5.0,0,1,0,0,1,1,0,1,1,0,1,0
65000000.0,220.0,3.0,3.0,0,0,0,1,0,0,0,0,0,1,0,0
50000000.0,250.0,4.0,3.0,0,0,0,0,0,0,0,1,0,1,0,0
150000000.0,300.0,5.0,5.0,1,0,1,0,1,0,0,0,1,0,1,0
20000000.0,350.0,4.0,2.0,0,0,1,1,0,0,0,1,0,1,0,0
160000000.0,210.0,5.0,5.0,0,0,1,0,0,0,0,0,0,0,1,0
160000000.0,300.0,5.0,5.0,0,0,0,1,1,0,1,0,1,0,1,0
450000000.0,600.0,7.0,6.0,1,1,1,1,1,1,1,1,1,0,1,0
270000000.0,500.0,6.0,6.0,1,1,0,0,1,0,0,0,1,0,1,0
670000000.0,508.0,5.0,5.0,1,0,1,0,1,0,0,0,1,1,0,0
50000000.0,250.0,5.0,5.0,0,1,0,0,0,0,0,1,0,0,0,0
175000000.0,250.0,6.0,1.0,1,0,1,1,1,0,0,0,1,0,1,0
750000000.0,1000.0,10.0,7.0,1,1,0,1,1,0,0,1,1,0,0,1
50000000.0,250.0,5.0,5.0,0,1,0,0,0,0,0,1,0,0,0,0
290000000.0,400.0,6.0,6.0,1,1,0,0,1,1,0,0,1,0,1,0
70000000.0,300.0,6.0,6.0,0,0,0,1,0,0,0,0,0,1,0,1
280000000.0,400.0,6.0,6.0,1,1,0,0,0,1,0,1,0,0,1,0
175000000.0,250.0,6.0,1.0,1,0,1,1,1,0,0,0,1,0,1,0
95000000.0,300.0,5.0,5.0,1,0,1,1,1,0,1,0,1,0,1,0
70000000.0,400.0,6.0,6.0,0,0,0,1,0,0,0,1,0,1,0,1
290000000.0,400.0,6.0,6.0,1,1,0,0,1,1,0,0,1,0,1,0
270000000.0,500.0,5.0,5.0,0,1,1,0,1,1,0,0,1,0,1,0
150000000.0,385.0,5.0,4.0,0,1,0,1,0,1,0,1,0,0,1,0
150000000.0,385.0,5.0,4.0,0,1,0,1,0,1,0,1,0,0,1,0
350000000.0,500.0,5.0,5.0,1,1,1,1,1,0,0,0,1,0,1,1
450000000.0,780.0,5.0,4.0,0,1,1,1,1,1,1,1,1,0,1,0
110000000.0,270.0,6.0,4.0,0,0,1,1,0,0,0,1,0,1,0,0
250000000.0,376.0,7.0,5.0,0,0,1,1,1,1,0,1,1,0,1,0
81000000.0,250.0,4.0,4.0,0,0,1,1,1,0,0,0,1,0,1,0
400000000.0,800.0,5.0,2.0,1,0,1,0,1,0,0,1,1,1,0,0
400000000.0,450.0,5.0,5.0,1,1,1,0,0,0,0,0,0,0,1,0
85000000.0,300.0,4.0,4.0,0,1,1,0,1,0,0,1,1,1,0,0
1500000000.0,1400.0,11.0,10.0,1,1,0,0,1,0,0,0,1,0,1,0
60000000.0,180.0,3.0,3.0,0,0,0,0,0,1,0,1,0,1,0,0
330000000.0,400.0,6.0,5.0,1,1,1,0,1,1,0,1,1,0,1,0
350000000.0,380.0,7.0,5.0,1,1,1,0,1,0,0,0,1,0,1,0
135000000.0,300.0,5.0,3.0,0,0,1,1,0,0,0,1,0,0,1,0
200000000.0,400.0,5.0,5.0,1,1,1,0,1,1,0,1,1,0,1,0
500000000.0,794.0,12.0,10.0,0,0,0,0,0,0,0,1,0,0,1,0
320000000.0,400.0,5.0,5.0,1,1,1,1,1,1,0,1,1,0,1,0
250000000.0,600.0,4.0,3.0,1,1,0,0,0,0,0,0,0,1,0,0
600000000.0,600.0,6.0,6.0,0,1,0,0,0,0,0,1,0,0,1,0
200000000.0,400.0,4.0,5.0,0,0,0,1,0,0,0,0,0,0,1,0
580000000.0,1200.0,13.0,10.0,1,1,1,0,0,1,1,1,0,0,1,0
200000000.0,400.0,7.0,4.0,0,1,1,0,1,0,0,0,1,0,0,0
130000000.0,800.0,6.0,4.0,1,0,0,1,1,0,0,0,1,1,1,0
150000000.0,220.0,4.0,4.0,0,1,1,1,1,1,0,0,1,0,1,0
150000000.0,201.5,5.0,5.0,1,0,1,1,1,0,0,1,1,0,1,0
250000000.0,350.0,9.0,8.0,1,0,0,1,1,1,0,0,1,0,1,0
25000000.0,120.0,3.0,2.0,0,0,0,0,1,0,0,0,1,1,0,0
350000000.0,300.0,6.0,6.0,0,1,1,0,1,0,0,0,1,1,0,1
230000000.0,300.0,6.0,5.0,0,1,1,1,0,0,0,1,0,0,1,0
250000000.0,600.0,7.0,5.0,1,0,1,1,1,0,1,1,1,0,1,0
150000000.0,368.0,6.0,4.0,1,0,1,0,0,0,0,0,0,1,0,0
350000000.0,450.0,7.0,6.0,1,1,1,0,1,0,0,0,1,0,1,0
85000000.0,300.0,4.0,3.0,0,0,0,0,0,0,0,1,0,0,1,0
600000000.0,600.0,6.0,6.0,1,1,1,0,1,1,0,1,1,0,1,0
260000000.0,350.0,7.0,6.0,0,0,1,0,1,0,1,0,1,0,1,0
600000000.0,720.0,7.0,4.0,1,1,0,0,0,0,0,0,0,1,0,0
65000000.0,200.0,4.0,4.0,0,0,0,1,0,0,0,1,0,0,1,0
280000000.0,507.0,7.0,6.0,0,0,0,0,0,0,0,1,0,0,1,0
600000000.0,600.0,6.0,4.0,1,1,1,0,1,1,0,1,1,0,1,0
160000000.0,300.0,5.0,5.0,0,1,1,0,0,0,1,1,0,0,1,0
220000000.0,450.0,6.0,7.0,0,0,0,0,0,0,0,1,0,0,1,0
90000000.0,375.0,6.0,7.0,0,0,0,0,0,0,0,1,0,0,1,0
700000000.0,720.0,7.0,5.0,1,1,0,0,0,0,0,1,0,1,0,0
900000000.0,1087.0,7.0,6.0,1,1,1,1,1,0,0,1,1,1,0,0
140000000.0,276.0,5.0,3.0,1,0,1,0,0,0,0,1,0,0,1,0
600000000.0,600.0,6.0,5.0,1,1,1,0,1,1,0,1,1,0,1,0
350000000.0,300.0,7.0,4.0,0,1,0,0,1,0,0,1,1,0,0,1
100000000.0,250.0,4.0,6.0,0,0,1,1,1,0,0,1,1,1,0,0
350000000.0,300.0,7.0,5.0,0,1,1,0,1,0,0,1,1,0,0,1
450000000.0,800.0,6.0,7.0,1,1,1,0,0,0,0,1,0,0,1,0
110000000.0,300.0,6.0,5.0,0,0,0,0,0,0,0,1,0,0,1,0
185000000.0,377.0,5.0,5.0,0,1,0,0,0,0,0,1,0,0,1,0
175000000.0,377.0,5.0,5.0,1,1,1,0,1,0,1,1,1,0,1,0
140000000.0,300.0,5.0,5.0,0,0,0,0,0,1,0,1,0,0,1,0
65000000.0,200.0,5.0,4.0,0,0,0,0,0,0,0,1,0,0,1,0
180000000.0,200.0,7.0,7.0,1,0,1,0,1,0,1,1,1,1,0,1
450000000.0,360.0,6.0,7.0,0,1,1,0,1,0,0,1,1,0,1,0
550000000.0,800.0,7.0,8.0,0,1,1,1,1,0,0,1,1,0,1,0
250000000.0,350.0,6.0,4.0,1,0,1,0,0,1,0,1,0,0,1,0
250000000.0,318.0,4.0,4.0,0,0,0,0,0,0,0,0,0,1,0,0
250000000.0,400.0,7.0,5.0,1,0,1,0,0,1,0,1,0,0,1,0
200000000.0,660.0,9.0,7.0,1,1,1,0,0,0,0,0,1,0,1,0
85000000.0,300.0,4.0,4.0,0,0,1,0,0,1,0,1,0,0,1,0
350000000.0,300.0,6.0,4.0,0,1,1,1,1,0,0,1,1,0,0,1
160000000.0,350.0,5.0,4.0,0,0,1,1,0,0,0,1,0,1,0,0
180000000.0,350.0,8.0,6.0,0,1,1,0,1,0,0,1,1,0,1,0
350000000.0,300.0,6.0,4.0,0,1,1,0,1,0,0,1,1,0,1,0
250000000.0,318.0,4.0,4.0,0,0,0,0,0,0,0,0,0,1,0,0
3500000000.0,3000.0,7.0,6.0,1,1,1,1,1,1,0,0,1,0,0,0
85000000.0,200.0,5.0,4.0,0,0,1,1,0,0,0,0,0,0,1,0
200000000.0,660.0,9.0,6.0,1,0,1,1,1,0,0,0,1,0,1,0
190000000.0,300.0,5.0,4.0,0,1,0,0,0,1,0,1,0,0,1,0
175000000.0,400.0,5.0,5.0,1,1,1,1,1,1,1,1,1,0,1,0
65000000.0,200.0,5.0,4.0,0,0,0,0,0,0,0,0,0,0,1,0
210000000.0,320.0,4.0,3.0,0,0,0,0,0,0,0,0,0,1,0,0
85000000.0,300.0,4.0,4.0,0,1,1,0,1,0,0,1,1,1,0,0
105000000.0,200.0,5.0,5.0,0,0,1,1,1,0,1,1,1,0,1,0
680000000.0,780.0,10.0,7.0,1,1,1,1,1,0,0,0,1,0,1,0
40000000.0,140.0,3.0,1.0,0,0,0,1,0,0,0,0,0,1,0,0
200000000.0,450.0,5.0,4.0,1,0,1,0,1,0,1,0,1,0,1,0
950000000.0,1500.0,8.0,6.0,1,1,1,0,0,1,0,1,1,0,1,0
250000000.0,350.0,6.0,5.0,1,1,0,0,0,0,0,0,0,0,1,0
370000000.0,380.0,6.0,4.0,0,0,1,1,1,1,0,1,1,0,1,0
200000000.0,500.0,6.0,6.0,0,0,0,0,0,0,0,0,0,0,1,0
90000000.0,175.0,5.0,5.0,0,0,1,1,1,0,1,1,1,0,1,0
75000000.0,300.0,5.0,1.0,0,0,1,0,0,0,0,1,0,1,0,0
150000000.0,200.0,4.0,4.0,0,1,1,1,1,1,1,0,1,0,1,0
260000000.0,450.0,7.0,3.0,0,0,1,1,1,0,0,0,1,0,1,0
85000000.0,300.0,4.0,3.0,0,0,1,1,1,0,0,1,1,1,0,0
150000000.0,6.0,6.0,6.0,1,0,1,0,1,1,0,0,1,0,1,0
300000000.0,6.0,6.0,6.0,0,1,1,0,0,0,0,1,0,0,1,0
95000000.0,375.0,6.0,7.0,0,0,1,1,0,0,0,0,0,0,1,0
85000000.0,300.0,4.0,2.0,0,1,1,0,1,0,0,1,1,1,0,0
600000000.0,600.0,6.0,6.0,1,1,1,0,1,1,0,1,1,0,1,0
360000000.0,406.0,8.0,6.0,1,0,0,1,1,0,0,0,1,0,1,0
130000000.0,250.0,5.0,4.0,1,0,1,0,1,0,0,1,1,0,1,0
240000000.0,402.0,5.0,4.0,0,1,0,0,0,1,0,1,0,0,1,0
90000000.0,230.0,5.0,5.0,0,0,1,1,0,0,1,0,0,0,1,0
270000000.0,300.0,5.0,4.0,1,0,1,1,1,1,0,1,1,0,1,0
165000000.0,400.0,5.0,5.0,1,1,1,0,0,0,0,1,0,0,1,0
320000000.0,5.0,5.0,5.0,1,0,1,1,1,1,0,1,1,0,1,0
75000000.0,300.0,5.0,5.0,1,1,1,1,1,0,1,1,1,0,0,0
58000000.0,260.0,4.0,3.0,0,0,0,0,0,0,0,0,0,1,0,0
130000000.0,250.0,5.0,6.0,1,0,1,0,1,0,0,1,1,0,1,0
180000000.0,250.0,8.0,5.0,0,0,1,0,1,0,0,1,1,0,1,0
85000000.0,300.0,8.0,8.0,0,1,1,0,1,0,0,1,1,0,0,1
55000000.0,300.0,4.0,4.0,0,0,1,1,1,0,0,0,1,1,0,0
95000000.0,260.0,5.0,3.0,0,1,0,0,0,1,0,1,1,0,1,0
130000000.0,300.0,6.0,4.0,1,1,1,1,0,1,0,0,0,0,1,0
220000000.0,380.0,5.0,4.0,1,0,1,1,1,0,0,1,1,1,0,0
500000000.0,370.0,12.0,8.0,1,1,1,1,1,1,1,1,1,1,0,1
200000000.0,400.0,5.0,4.0,0,1,0,0,0,0,0,1,0,0,1,0
450000000.0,600.0,6.0,5.0,1,1,0,0,1,0,0,1,1,0,0,0
60000000.0,200.0,4.0,4.0,0,0,1,1,0,0,0,1,0,1,0,0
60000000.0,308.0,4.0,4.0,0,0,0,0,0,0,0,1,0,1,0,0
120000000.0,300.0,7.0,6.0,0,0,1,1,0,0,0,1,0,1,0,0
380000000.0,500.0,7.0,5.0,1,1,1,0,1,0,1,1,1,0,1,0
400000000.0,300.0,7.0,5.0,0,1,0,0,0,0,0,1,0,0,0,1
120000000.0,200.0,5.0,4.0,0,0,1,1,0,0,1,1,0,0,1,0
175000000.0,315.0,6.0,5.0,0,0,0,0,0,0,0,1,0,0,1,0
250000000.0,300.0,5.0,5.0,0,1,1,1,1,0,0,1,1,0,1,0
460000000.0,500.0,7.0,6.0,1,1,1,1,1,0,0,1,1,0,1,0
200000000.0,450.0,5.0,5.0,1,0,1,0,1,0,1,1,1,0,1,0
200000000.0,450.0,5.0,5.0,1,0,0,1,0,0,0,1,0,0,1,0
300000000.0,480.0,6.0,5.0,1,0,0,0,0,0,0,1,1,0,1,0
250000000.0,200.0,5.0,3.0,0,1,1,0,1,0,1,1,1,0,1,0
500000000.0,600.0,8.0,9.0,0,0,0,0,0,0,0,1,0,0,1,0
125000000.0,350.0,8.0,9.0,0,0,0,0,0,0,0,1,0,0,1,0
225000000.0,450.0,5.0,4.0,1,0,1,1,1,1,0,1,1,0,1,0
320000000.0,600.0,6.0,5.0,1,1,1,0,1,0,1,1,1,0,1,0
180000000.0,220.0,5.0,5.0,1,0,1,0,1,0,0,1,1,0,1,0
400000000.0,800.0,10.0,7.0,1,1,1,0,0,0,0,1,0,0,1,0
55000000.0,250.0,4.0,2.0,1,0,0,1,1,0,0,1,1,1,0,0
350000000.0,300.0,6.0,6.0,0,1,0,1,1,0,0,1,1,0,0,1
60000000.0,384.0,4.0,4.0,0,0,0,0,0,0,0,1,0,0,0,0
770000000.0,1000.0,12.0,12.0,1,1,0,0,1,0,0,1,1,0,0,1
110000000.0,300.0,4.0,4.0,0,0,1,1,0,0,0,1,0,1,0,0
120000000.0,300.0,4.0,4.0,0,1,1,1,1,0,1,1,1,0,1,0
1300000000.0,1721.0,12.0,5.0,0,0,1,0,1,0,0,1,1,0,0,1
185000000.0,300.0,7.0,3.0,1,0,1,0,1,0,0,1,1,0,1,0
58000000.0,230.0,4.0,3.0,1,0,1,0,0,1,0,1,0,1,0,0
180000000.0,300.0,3.0,6.0,1,0,1,0,1,1,0,1,1,0,1,0
55000000.0,250.0,4.0,2.0,1,0,0,1,1,0,0,1,1,1,0,0
55000000.0,250.0,4.0,2.0,1,0,0,1,1,0,0,1,1,1,0,0
850000000.0,500.0,6.0,5.0,1,1,1,0,1,1,0,1,1,0,1,0
1500000000.0,1400.0,11.0,8.0,1,1,0,0,1,0,0,0,1,0,1,0
1300000000.0,1200.0,10.0,8.0,1,1,1,0,0,0,0,0,0,0,1,0
180000000.0,320.0,8.0,5.0,0,0,0,0,0,1,0,1,0,0,1,0
1500000000.0,1861.0,10.0,6.0,1,1,1,0,1,0,0,0,1,0,1,0
160000000.0,250.0,9.0,6.0,0,1,1,1,1,1,0,0,1,0,1,0
160000000.0,320.0,6.0,6.0,0,0,0,0,0,0,0,0,0,1,0,0
60000000.0,400.0,5.0,4.0,0,0,1,0,0,1,0,1,0,1,0,0
1300000000.0,1200.0,10.0,8.0,1,1,1,0,0,0,0,1,0,0,1,0
1500000000.0,1400.0,11.0,9.0,1,1,0,0,1,0,0,1,1,0,1,0
850000000.0,450.0,6.0,5.0,1,1,1,0,1,1,0,1,1,0,1,0
500000000.0,2800.0,7.0,7.0,0,0,0,0,1,0,0,1,1,0,1,0
60000000.0,200.0,3.0,3.0,0,0,1,0,0,0,0,1,0,0,0,0
165000000.0,201.5,5.0,5.0,1,0,1,1,1,0,0,1,1,0,1,0
60000000.0,384.0,4.0,8.0,0,0,0,0,0,0,0,1,0,0,0,0
60000000.0,384.0,4.0,8.0,0,0,0,0,0,0,0,1,0,0,0,0
800000000.0,635.0,5.0,7.0,0,0,0,0,1,0,0,1,1,0,1,0
260000000.0,300.0,5.0,5.0,1,1,1,1,1,1,0,1,1,0,1,0
160000000.0,260.0,4.0,3.0,0,0,1,1,0,0,0,1,0,1,0,0
45000000.0,200.0,3.0,3.0,0,0,0,0,0,0,0,1,0,1,0,0
160000000.0,300.0,5.0,3.0,0,0,1,1,1,1,1,0,1,0,1,0
230000000.0,411.0,8.0,6.0,0,0,0,0,0,0,0,1,0,0,1,0
50000000.0,250.0,4.0,3.0,0,0,1,1,0,0,0,1,0,1,0,0
270000000.0,307.0,7.0,6.0,1,0,1,0,0,1,0,1,0,0,1,0
250000000.0,350.0,6.0,5.0,1,0,1,0,0,1,0,1,0,0,1,0
250000000.0,200.0,5.0,5.0,0,1,1,0,1,0,1,1,1,0,1,0
350000000.0,400.0,8.0,5.0,0,0,1,0,1,0,0,1,1,0,0,0
350000000.0,300.0,6.0,5.0,0,0,1,1,1,0,0,0,1,0,0,1
85000000.0,1.0,3.0,2.0,0,0,0,1,0,0,0,0,0,1,0,0
58000000.0,308.0,4.0,3.0,0,0,1,1,0,0,0,0,0,1,0,0
220000000.0,650.0,7.0,5.0,0,0,0,0,0,0,0,1,0,0,1,0
80000000.0,200.0,4.0,4.0,0,0,1,1,1,0,1,1,1,0,1,0
120000000.0,200.0,5.0,5.0,0,0,1,1,1,1,0,0,1,0,1,0
180000000.0,250.0,7.0,5.0,1,0,1,0,1,1,0,0,1,0,1,0
65000000.0,220.0,4.0,4.0,0,0,1,0,0,0,0,0,0,0,1,0
200000000.0,300.0,6.0,6.0,0,0,1,1,1,0,0,1,1,0,1,0
95000000.0,300.0,6.0,5.0,0,1,0,0,0,0,0,0,0,0,1,0
200000000.0,402.0,5.0,4.0,1,1,1,0,0,0,0,1,0,0,1,0
45000000.0,220.0,4.0,2.0,0,0,0,0,0,0,0,1,0,1,0,0
60000000.0,200.0,4.0,3.0,0,0,0,0,0,0,0,1,0,0,0,0
1350000000.0,917.0,4.0,2.0,1,0,1,0,1,0,0,0,1,1,0,0
650000000.0,600.0,6.0,6.0,0,0,0,0,0,0,0,0,0,0,1,0
500000000.0,2800.0,7.0,6.0,0,0,0,0,1,0,0,1,1,0,1,0
800000000.0,1200.0,14.0,9.0,1,1,1,0,1,0,0,0,1,0,1,0
105000000.0,210.0,6.0,4.0,0,0,0,0,0,0,0,1,0,0,1,0
200000000.0,402.0,5.0,3.0,1,1,1,0,1,0,0,1,1,0,1,0
350000000.0,620.0,12.0,10.0,0,1,1,1,1,0,0,0,1,0,1,0
80000000.0,200.0,4.0,5.0,0,0,0,0,0,0,0,0,0,0,1,0
850000000.0,1120.0,9.0,9.0,1,1,1,1,1,0,0,0,1,0,1,0
850000000.0,1000.0,10.0,10.0,1,1,0,1,1,0,0,1,1,0,0,1
200000000.0,320.0,4.0,3.0,0,0,0,0,0,0,0,0,0,1,0,0
450000000.0,600.0,6.0,5.0,1,1,0,0,1,0,0,1,1,0,1,0
350000000.0,300.0,6.0,6.0,0,1,0,0,1,0,0,0,1,0,0,1
175000000.0,250.0,6.0,3.0,0,1,1,1,1,1,1,1,1,0,1,0
50000000.0,200.0,4.0,4.0,1,0,0,0,0,0,0,1,0,1,0,0
260000000.0,800.0,6.0,4.0,0,0,1,1,1,1,0,0,1,0,1,0
200000000.0,402.0,5.0,4.0,0,1,0,0,0,0,0,1,0,0,1,0
365000000.0,620.0,12.0,10.0,0,1,1,1,1,0,0,1,1,0,1,0
220000000.0,650.0,7.0,7.0,0,0,0,0,0,0,0,1,0,0,1,0
450000000.0,360.0,6.0,7.0,0,1,1,0,1,0,0,1,1,0,1,0
180000000.0,250.0,7.0,6.0,1,0,1,0,1,1,0,1,1,0,1,0
70000000.0,1075.0,7.0,7.0,1,0,1,1,1,0,0,1,1,0,1,0
800000000.0,1200.0,14.0,9.0,1,1,1,0,1,0,0,1,1,0,1,0
250000000.0,430.0,7.0,7.0,0,0,1,0,1,0,0,1,1,0,1,0
490000000.0,700.0,6.0,5.0,1,1,1,1,1,0,0,1,1,0,0,0
250000000.0,350.0,9.0,9.0,1,0,0,1,1,0,0,1,1,0,1,0
270000000.0,350.0,7.0,4.0,0,0,0,0,1,0,0,1,1,0,1,0
600000000.0,600.0,6.0,4.0,1,1,1,0,1,1,0,1,1,0,1,0
60000000.0,307.0,4.0,3.0,1,0,1,0,0,0,0,0,0,0,0,0
150000000.0,300.0,5.0,5.0,0,0,1,1,1,1,0,1,1,0,1,0
260000000.0,300.0,5.0,5.0,1,1,1,1,1,1,0,0,1,0,1,0
800000000.0,1200.0,14.0,9.0,1,1,1,0,1,0,0,0,1,0,1,0
800000000.0,1200.0,14.0,9.0,1,1,1,0,1,0,0,0,1,0,1,0
750000000.0,639.0,7.0,4.0,1,0,0,0,0,0,0,0,0,0,0,0
160000000.0,300.0,5.0,4.0,1,0,1,1,0,1,0,1,0,0,1,0
230000000.0,320.0,4.0,4.0,0,0,0,0,0,0,0,1,0,1,0,0
85000000.0,200.0,5.0,4.0,0,0,1,1,0,0,0,0,0,0,1,0
85000000.0,200.0,5.0,5.0,0,0,1,1,0,0,1,0,0,0,1,0
40000000.0,190.0,4.0,3.0,0,0,0,0,0,0,0,1,0,1,0,0
260000000.0,397.0,9.0,6.0,0,1,1,1,1,0,0,0,1,0,1,0
59000000.0,307.0,4.0,3.0,1,0,1,0,1,0,0,0,1,1,0,0
250000000.0,600.0,7.0,4.0,1,0,1,1,1,0,1,1,1,0,1,0
59000000.0,330.0,4.0,3.0,1,1,1,1,1,0,0,0,1,0,0,0
59000000.0,300.0,4.0,4.0,0,0,0,0,0,0,0,0,0,1,0,0
75000000.0,300.0,5.0,4.0,1,1,1,1,1,0,1,1,1,0,1,0
1300000000.0,740.0,14.0,7.0,0,1,1,1,1,1,0,1,1,0,0,1
135000000.0,276.0,5.0,4.0,1,0,1,0,0,0,0,1,0,0,1,0
35000000.0,242.0,4.0,3.0,0,0,0,0,0,0,0,0,0,1,0,0
130000000.0,303.0,6.0,4.0,0,1,1,1,1,0,0,1,1,1,0,0
180000000.0,300.0,5.0,2.0,0,0,1,0,1,0,0,0,1,0,0,0
140000000.0,4000.0,3.0,3.0,0,0,1,0,0,0,0,0,0,0,0,0
450000000.0,600.0,6.0,4.0,1,1,1,0,1,1,0,0,1,0,1,0
230000000.0,330.0,6.0,3.0,0,0,1,1,1,0,0,1,1,0,1,0
320000000.0,400.0,5.0,4.0,0,1,1,0,1,0,0,1,1,0,1,0
260000000.0,397.0,9.0,6.0,0,0,1,1,1,0,0,1,1,0,1,0
85000000.0,200.0,5.0,4.0,0,0,1,1,0,0,1,1,0,0,1,0
200000000.0,320.0,4.0,4.0,0,0,0,0,0,0,0,1,0,1,0,0
3000000000.0,1000.0,9.0,5.0,1,1,1,0,1,0,0,1,1,0,1,0
45000000.0,200.0,4.0,3.0,0,0,1,1,1,0,0,1,1,0,1,0
200000000.0,320.0,4.0,1.0,0,0,1,1,0,0,0,1,0,1,0,0
700000000.0,720.0,7.0,6.0,0,1,0,0,0,0,0,1,0,1,0,0
350000000.0,360.0,9.0,6.0,1,1,1,1,1,1,1,0,1,0,1,0
105000000.0,400.0,4.0,2.0,0,0,0,0,0,1,0,1,0,1,0,0
850000000.0,1120.0,9.0,7.0,1,1,1,1,1,0,0,0,1,0,1,0
350000000.0,380.0,6.0,6.0,0,1,0,0,1,0,0,1,1,0,1,0
300000000.0,600.0,6.0,5.0,0,0,1,0,0,0,0,0,0,0,1,0
175000000.0,294.0,5.0,4.0,0,0,1,1,1,0,0,1,1,0,1,0
99000000.0,300.0,4.0,3.0,0,0,0,0,0,1,0,1,0,0,1,0
250000000.0,500.0,10.0,8.0,1,1,1,0,0,0,0,0,0,0,1,0
85000000.0,125.0,4.0,4.0,0,0,1,1,0,0,0,0,0,0,1,0
75000000.0,200.0,8.0,5.0,0,0,0,0,0,0,0,0,0,0,1,0
170000000.0,300.0,6.0,4.0,0,0,1,0,1,0,0,1,1,0,1,0
350000000.0,300.0,6.0,4.0,0,1,1,0,1,0,0,0,1,0,0,1
410000000.0,600.0,6.0,4.0,1,1,0,0,1,0,0,1,1,0,0,0
200000000.0,450.0,5.0,4.0,1,0,1,0,1,0,0,1,1,0,1,0
160000000.0,201.0,5.0,4.0,0,0,1,1,0,0,0,1,0,0,1,0
45000000.0,200.0,4.0,3.0,0,0,1,1,1,0,0,0,1,0,1,0
2000000000.0,2200.0,17.0,4.0,1,0,1,1,1,1,0,0,1,0,0,1
270000000.0,500.0,5.0,3.0,1,1,1,0,1,1,0,0,1,0,1,0
250000000.0,500.0,10.0,8.0,1,1,1,0,0,0,0,0,0,0,1,0
4500000000.0,70000.0,4.0,2.0,0,0,0,0,0,0,0,0,0,0,1,0
220000000.0,150.0,7.0,4.0,0,1,1,1,1,1,1,1,1,0,0,1
450000000.0,600.0,6.0,4.0,1,1,1,0,1,1,0,1,1,0,1,0
600000000.0,1200.0,9.0,8.0,1,0,0,0,0,0,0,0,0,0,1,0
275000000.0,480.0,6.0,4.0,1,0,1,0,1,1,0,1,1,0,1,0
75000000.0,200.0,3.0,2.0,0,0,1,0,1,0,0,1,1,0,1,0
350000000.0,360.0,8.0,4.0,0,1,1,1,1,1,0,1,1,0,1,0
400000000.0,600.0,5.0,3.0,1,0,0,1,0,0,0,1,0,1,0,0
850000000.0,2200.0,12.0,7.0,0,1,0,0,0,0,0,1,0,0,0,0
250000000.0,420.0,6.0,5.0,1,0,1,1,0,1,0,1,0,0,1,0
250000000.0,350.0,7.0,5.0,0,0,1,1,1,0,0,1,1,0,1,0
80000000.0,175.0,5.0,5.0,0,0,1,1,1,0,1,1,1,0,1,0
30000000.0,180.0,3.0,3.0,0,0,0,0,0,0,0,1,0,1,0,0
350000000.0,300.0,6.0,6.0,0,1,1,1,1,0,0,1,1,0,0,1
80000000.0,400.0,5.0,3.0,1,0,1,0,0,0,0,1,0,0,1,0
230000000.0,264.0,6.0,5.0,1,0,1,0,1,0,0,1,1,0,1,0
90000000.0,175.0,5.0,4.0,0,0,1,1,1,0,1,1,1,0,1,0
45000000.0,140.0,3.0,3.0,0,0,0,1,0,0,0,1,0,1,0,0
250000000.0,400.0,6.0,4.0,0,0,1,1,1,0,0,1,1,0,0,1
1000000000.0,2000.0,9.0,7.0,0,1,0,0,0,0,0,1,0,0,0,1
400000000.0,500.0,7.0,5.0,1,0,1,0,0,0,0,1,0,0,1,0
200000000.0,500.0,6.0,5.0,1,1,1,0,0,0,1,1,0,0,1,0
700000000.0,639.0,7.0,5.0,1,0,1,0,0,0,0,1,0,1,0,0
280000000.0,600.0,10.0,12.0,0,0,1,1,0,0,0,1,0,0,1,0
250000000.0,402.0,6.0,6.0,1,1,1,0,1,0,0,1,1,0,1,0
350000000.0,360.0,8.0,4.0,1,1,1,1,1,1,1,1,1,0,1,0
385000000.0,500.0,7.0,5.0,1,1,1,0,1,0,0,1,1,0,1,0
140000000.0,300.0,5.0,5.0,1,0,0,0,1,1,0,1,1,0,1,0
105000000.0,210.0,6.0,4.0,0,0,0,0,0,0,0,1,0,0,1,0
85000000.0,300.0,5.0,5.0,0,0,0,0,0,0,0,1,0,0,1,0
360000000.0,600.0,9.0,7.0,1,0,1,1,0,0,1,1,0,0,1,0
340000000.0,360.0,7.0,7.0,1,1,1,1,1,1,1,1,1,0,1,0
70000000.0,180.0,4.0,4.0,0,0,0,0,0,0,0,1,0,1,0,0
750000000.0,700.0,7.0,7.0,1,0,1,0,1,0,0,1,1,0,1,0
340000000.0,360.0,9.0,7.0,1,1,1,1,1,1,1,0,1,0,1,0
185000000.0,613.0,7.0,7.0,0,0,1,1,0,0,0,0,0,0,1,0
350000000.0,450.0,9.0,7.0,0,0,1,1,1,0,0,0,1,1,0,0
250000000.0,307.0,7.0,7.0,1,0,1,0,0,0,0,1,0,0,1,0
140000000.0,220.0,7.0,7.0,1,1,1,0,0,0,0,1,0,0,0,1
75000000.0,300.0,4.0,4.0,0,0,0,0,0,0,0,1,0,1,0,0
700000000.0,500.0,8.0,7.0,1,1,1,0,0,0,0,1,1,0,1,0
135000000.0,300.0,7.0,4.0,1,0,1,1,0,0,0,1,0,0,1,0
140000000.0,250.0,4.0,4.0,0,0,1,0,1,0,1,1,1,0,1,0
400000000.0,300.0,6.0,6.0,0,1,1,0,1,0,0,1,1,0,1,0
400000000.0,379.0,4.0,4.0,1,0,1,0,1,0,0,1,1,0,1,0
200000000.0,320.0,4.0,4.0,0,0,0,0,0,0,0,0,0,1,0,0
75000000.0,200.0,4.0,4.0,0,0,0,0,0,0,0,1,0,1,0,0
250000000.0,307.0,7.0,7.0,1,0,1,0,0,0,0,1,0,0,1,0
220000000.0,264.0,7.0,5.0,1,1,1,1,0,1,0,1,0,0,1,0
135000000.0,276.0,5.0,4.0,1,0,1,0,0,0,0,1,0,0,1,0
85000000.0,300.0,4.0,4.0,0,0,1,1,1,0,0,1,1,1,0,0
55000000.0,200.0,4.0,4.0,0,0,1,0,0,0,0,0,0,0,1,0
65000000.0,200.0,3.0,3.0,0,0,1,0,0,0,0,1,0,1,0,0
165000000.0,450.0,5.0,4.0,1,1,1,0,1,0,0,1,1,0,1,0
250000000.0,200.0,5.0,6.0,0,1,1,1,1,1,1,1,1,0,1,1
105000000.0,200.0,5.0,6.0,0,0,1,1,1,0,1,1,1,0,1,0
490000000.0,700.0,6.0,6.0,1,1,1,1,1,0,0,1,1,0,0,0
50000000.0,150.0,4.0,4.0,0,0,0,1,0,0,0,1,0,1,0,0
750000000.0,700.0,7.0,9.0,0,0,0,0,0,1,0,1,0,0,1,0
145000000.0,300.0,5.0,5.0,0,0,0,0,0,0,0,1,0,0,1,0
59000000.0,307.0,4.0,4.0,1,0,1,0,1,0,0,1,1,1,0,0
180000000.0,250.0,7.0,7.0,1,0,1,0,1,1,0,1,1,0,1,0
185000000.0,377.0,5.0,5.0,0,1,1,0,0,0,0,1,0,0,1,0
180000000.0,265.0,9.0,7.0,0,0,0,1,1,0,0,1,1,1,0,1
900000000.0,1000.0,9.0,9.0,0,0,1,0,1,0,0,1,1,0,1,0
70000000.0,200.0,5.0,4.0,0,0,1,1,0,0,0,1,0,0,1,0
230000000.0,561.0,6.0,5.0,0,1,1,1,0,0,0,1,0,0,1,0
60000000.0,150.0,4.0,3.0,0,0,0,1,1,0,0,1,1,1,0,0
35000000.0,190.0,4.0,3.0,0,0,1,0,0,0,0,1,0,1,0,0
35000000.0,190.0,4.0,3.0,0,0,1,0,0,0,0,1,0,1,0,0
490000000.0,700.0,6.0,5.0,1,1,1,1,1,0,0,1,1,0,0,0
75000000.0,200.0,4.0,6.0,0,0,1,1,1,0,0,1,1,0,1,0
75000000.0,200.0,4.0,3.0,0,0,1,1,1,0,0,1,1,1,0,0
50000000.0,200.0,4.0,4.0,0,0,1,1,0,0,0,0,0,0,1,0
70000000.0,300.0,6.0,6.0,0,0,0,1,0,0,0,0,0,1,0,1
350000000.0,360.0,8.0,8.0,0,1,1,1,1,1,0,0,1,0,1,0
130000000.0,250.0,5.0,5.0,1,0,1,0,1,0,0,1,1,0,1,0
70000000.0,180.0,4.0,4.0,0,0,0,0,0,0,0,1,0,1,0,0
70000000.0,400.0,6.0,6.0,0,0,0,1,0,0,0,0,0,1,0,1
50000000.0,200.0,4.0,4.0,0,0,1,1,0,0,0,0,0,0,1,0
480000000.0,500.0,8.0,8.0,0,0,1,0,1,0,0,1,1,0,1,0
65000000.0,300.0,5.0,5.0,0,0,1,1,0,0,0,0,0,0,1,0
60000000.0,308.0,4.0,3.0,0,0,0,0,0,0,0,1,0,1,0,0
120000000.0,300.0,6.0,4.0,0,0,0,0,0,0,0,0,0,0,1,0
120000000.0,300.0,6.0,4.0,0,0,0,0,0,0,0,0,0,0,1,0
70000000.0,200.0,4.0,4.0,0,0,0,0,0,0,0,0,0,0,1,0
55000000.0,200.0,4.0,3.0,0,0,1,1,0,0,0,0,0,0,1,0
180000000.0,250.0,8.0,7.0,1,0,1,0,1,1,0,0,1,0,1,0
75000000.0,200.0,4.0,3.0,0,0,0,0,0,0,0,1,0,1,0,0
90000000.0,250.0,5.0,4.0,0,0,0,0,1,0,0,1,1,0,1,0
175000000.0,350.0,8.0,7.0,0,0,1,1,1,0,0,1,1,0,1,0
130000000.0,300.0,5.0,4.0,1,0,1,0,0,0,0,1,0,0,1,0
165000000.0,201.0,5.0,6.0,1,0,1,1,1,0,0,1,1,0,0,0
400000000.0,800.0,10.0,11.0,1,1,1,0,0,0,0,0,0,0,1,0
70000000.0,300.0,4.0,3.0,1,0,1,0,1,1,0,1,1,0,1,0
250000000.0,150.0,7.0,6.0,0,0,1,1,1,1,1,1,1,0,0,1
250000000.0,150.0,7.0,6.0,0,0,1,1,1,1,1,1,1,0,0,1
75000000.0,200.0,5.0,3.0,0,0,0,1,1,1,0,1,1,1,0,0
110000000.0,500.0,6.0,7.0,1,0,1,1,0,0,0,0,1,0,0,0
350000000.0,300.0,9.0,7.0,0,1,0,0,0,0,0,1,0,0,0,1
70000000.0,180.0,4.0,3.0,0,0,0,0,1,0,0,0,1,1,0,0
70000000.0,160.0,4.0,4.0,0,0,0,0,0,1,0,1,0,1,0,0
545000000.0,300.0,7.0,5.0,0,0,1,1,1,1,0,0,1,0,1,0
28000000.0,200.0,3.0,3.0,0,0,0,0,0,1,0,1,0,1,0,0
180000000.0,400.0,5.0,5.0,0,0,1,0,0,0,0,0,0,0,1,0
400000000.0,600.0,15.0,9.0,0,0,1,1,1,0,0,0,1,0,1,0
150000000.0,300.0,5.0,5.0,0,0,0,0,0,0,0,0,0,0,1,0
180000000.0,300.0,8.0,7.0,0,0,1,1,1,1,1,1,1,0,1,0
180000000.0,300.0,8.0,7.0,0,0,1,1,1,1,1,1,1,0,1,0
68000000.0,200.0,4.0,4.0,0,0,1,1,0,0,0,1,0,1,0,0
360000000.0,500.0,7.0,6.0,0,1,0,0,0,0,0,0,0,0,0,0
180000000.0,200.0,4.0,4.0,0,1,1,1,1,1,1,0,1,0,1,0
1100000000.0,813.0,8.0,1.0,1,1,1,0,1,0,1,0,1,0,1,0
32528000.0,180.0,4.0,4.0,0,0,0,1,0,0,0,1,0,0,1,0
350000000.0,500.0,5.0,5.0,1,1,1,0,1,0,0,0,1,0,1,0
950000000.0,2000.0,8.0,8.0,1,0,1,0,0,0,0,0,0,0,1,0
170000000.0,300.0,12.0,10.0,0,0,1,1,1,1,0,0,1,0,1,0
135000000.0,276.0,5.0,3.0,1,0,1,0,0,0,0,1,0,0,1,0
90000000.0,230.0,5.0,4.0,0,0,1,1,0,0,1,0,1,0,1,0
90000000.0,250.0,5.0,5.0,0,0,1,1,0,0,1,0,1,0,1,0
130000000.0,200.0,6.0,3.0,0,0,0,1,0,0,0,0,0,1,0,0
65000000.0,200.0,4.0,4.0,0,0,1,1,0,0,1,0,0,0,1,0
220000000.0,400.0,8.0,6.0,1,0,1,0,1,1,0,1,1,0,1,0
70000000.0,400.0,6.0,6.0,0,0,0,1,0,0,0,1,0,1,0,1
250000000.0,307.0,7.0,5.0,0,0,0,0,0,0,0,1,0,0,1,0
260000000.0,600.0,4.0,4.0,1,1,0,0,0,0,0,1,0,1,0,0
690000000.0,500.0,8.0,5.0,1,1,1,0,1,0,1,1,1,0,1,0
160000000.0,300.0,7.0,6.0,1,0,1,0,0,0,0,1,1,0,1,0
700000000.0,500.0,8.0,5.0,1,1,1,0,0,0,0,1,1,0,1,0
50000000.0,200.0,4.0,4.0,0,0,1,1,0,0,0,1,0,0,1,0
300000000.0,300.0,6.0,5.0,1,1,1,0,0,1,0,1,0,0,1,0
480000000.0,600.0,5.0,6.0,0,1,1,1,1,1,0,1,1,1,0,0
240000000.0,300.0,5.0,5.0,0,0,1,1,1,0,1,1,1,0,1,0
250000000.0,1000.0,11.0,3.0,1,1,1,0,0,1,0,1,0,1,0,0
240000000.0,300.0,5.0,5.0,0,0,1,1,1,0,1,1,1,0,1,0
90000000.0,230.0,5.0,5.0,0,0,1,1,0,0,1,1,1,0,1,0
160000000.0,201.0,5.0,5.0,0,0,1,1,0,0,0,1,0,0,1,0
75000000.0,210.0,4.0,4.0,0,0,0,0,0,0,0,0,0,0,1,0
160000000.0,201.0,5.0,4.0,0,0,1,1,0,0,0,1,0,0,1,0
90000000.0,230.0,5.0,4.0,0,0,1,1,0,0,1,0,1,0,1,0
185000000.0,613.0,7.0,5.0,1,0,1,1,0,0,0,0,0,0,1,0
185000000.0,613.0,7.0,5.0,1,0,1,1,0,0,0,0,0,0,1,0
150000000.0,200.0,8.0,6.0,1,0,1,1,1,0,1,0,1,0,0,1
1500000000.0,1800.0,20.0,12.0,1,1,1,1,1,1,0,0,1,0,1,0
65000000.0,200.0,4.0,4.0,0,0,0,1,0,1,0,1,0,0,1,0
170000000.0,377.0,5.0,5.0,0,0,0,0,0,0,0,0,0,0,0,0
1200000000.0,843.0,8.0,6.0,1,1,0,0,0,0,0,0,1,0,1,0
350000000.0,400.0,8.0,7.0,0,1,1,0,1,1,0,1,1,0,1,0
120000000.0,200.0,5.0,5.0,0,0,1,1,1,0,1,1,1,0,1,0
120000000.0,200.0,5.0,5.0,0,0,1,1,1,0,1,1,1,0,1,0
1000000000.0,850.0,7.0,7.0,0,0,0,0,0,0,0,0,0,0,1,0
270000000.0,500.0,5.0,6.0,0,1,1,0,1,1,0,0,1,0,1,0
70000000.0,150.0,4.0,2.0,0,0,1,1,0,0,0,1,0,1,0,0
250000000.0,700.0,5.0,5.0,1,1,1,1,1,0,0,0,1,1,0,0
165000000.0,200.0,5.0,5.0,0,0,0,1,1,0,1,1,1,0,1,0
140000000.0,400.0,5.0,3.0,1,0,1,0,0,0,0,0,0,1,0,0
450000000.0,500.0,7.0,5.0,1,1,0,0,0,0,0,0,0,0,1,0
950000000.0,1381.0,6.0,6.0,1,0,0,0,0,0,0,0,0,1,0,0
1500000000.0,3000.0,17.0,13.0,1,1,1,0,0,0,0,0,0,0,0,1
190000000.0,400.0,5.0,3.0,1,0,1,0,0,0,0,0,0,1,0,0
300000000.0,300.0,6.0,4.0,1,1,1,0,1,0,0,0,1,0,1,0
50000000.0,600.0,7.0,6.0,1,1,1,1,1,0,1,1,1,0,1,0
375000000.0,460.0,6.0,5.0,1,1,1,1,1,0,1,1,1,0,1,0
1500000000.0,2000.0,14.0,10.0,0,0,0,0,0,0,0,0,0,0,1,0
420000000.0,617.0,9.0,6.0,1,0,1,0,1,0,0,1,1,0,1,0
195000000.0,300.0,6.0,6.0,0,0,1,1,1,0,0,0,1,1,0,1
200000000.0,462.0,6.0,5.0,1,0,1,1,0,0,0,0,0,0,1,0
600000000.0,600.0,7.0,5.0,1,1,1,0,1,1,0,0,1,0,1,0
1200000000.0,1240.0,8.0,5.0,1,1,1,0,1,0,0,0,1,0,1,0
350000000.0,600.0,6.0,3.0,1,0,1,1,1,0,0,0,1,1,0,0
130000000.0,380.0,7.0,5.0,0,0,0,1,0,0,0,0,0,0,1,0
375000000.0,460.0,6.0,4.0,1,1,1,1,1,1,1,1,1,0,1,0
60000000.0,200.0,4.0,3.0,0,0,1,1,1,0,0,0,1,1,0,0
120000000.0,200.0,6.0,4.0,0,0,1,0,1,1,0,1,1,0,1,0
420000000.0,617.0,9.0,6.0,1,0,1,0,1,0,0,1,1,0,1,0
180000000.0,300.0,6.0,4.0,0,1,1,0,1,1,1,0,1,0,0,1
360000000.0,600.0,4.0,6.0,1,1,1,1,1,0,1,0,1,0,0,0
175000000.0,300.0,5.0,5.0,0,0,0,0,0,0,0,1,0,0,1,0
530000000.0,452.0,7.0,7.0,1,1,0,0,0,0,0,0,0,0,1,0
650000000.0,998.0,5.0,4.0,1,0,0,0,0,0,0,0,0,1,0,0
30000000.0,200.0,6.0,6.0,0,0,0,1,0,1,0,1,0,0,1,0
950000000.0,1381.0,6.0,7.0,1,0,0,0,0,0,0,0,0,1,0,0
52000000.0,250.0,4.0,3.0,1,0,1,1,0,0,0,1,0,1,0,0
370000000.0,400.0,6.0,6.0,0,0,1,1,1,1,0,0,1,0,1,0
450000000.0,400.0,12.0,9.0,0,0,0,0,0,0,0,0,0,0,1,0
210000000.0,300.0,7.0,5.0,0,0,1,1,1,0,0,1,1,0,1,1
100000000.0,300.0,4.0,3.0,0,0,1,1,0,0,0,1,0,1,0,0
700000000.0,583.0,5.0,4.0,1,1,0,0,0,0,0,0,0,1,0,0
850000000.0,850.0,12.0,9.0,0,1,0,0,0,0,0,0,0,1,0,0
255000000.0,376.0,7.0,1.0,0,0,1,1,1,1,1,1,1,0,1,1
60000000.0,200.0,5.0,4.0,0,0,1,1,1,0,1,0,1,0,1,1
110000000.0,280.0,6.0,4.0,1,1,1,1,1,0,0,0,1,0,1,1
300000000.0,300.0,5.0,4.0,1,1,1,0,1,1,0,0,1,0,1,1
650000000.0,998.0,5.0,4.0,1,0,0,0,0,0,0,0,0,1,0,0
260000000.0,300.0,6.0,6.0,0,0,0,0,1,0,0,0,1,0,0,1
300000000.0,300.0,5.0,4.0,1,1,1,0,1,1,0,0,1,0,1,1
139000000.0,427.0,5.0,5.0,0,0,0,1,0,0,0,1,0,0,1,0
230000000.0,300.0,6.0,5.0,1,0,1,1,1,1,0,1,1,0,1,0
650000000.0,1000.0,5.0,4.0,0,0,0,0,0,0,0,1,0,0,0,0
100000000.0,150.0,5.0,4.0,0,0,1,0,1,0,0,1,1,0,1,0
95000000.0,326.0,4.0,3.0,1,0,1,1,0,1,0,1,0,0,1,0
650000000.0,998.0,5.0,5.0,1,0,0,0,0,0,0,1,0,1,0,0
700000000.0,583.0,5.0,3.0,1,1,0,0,0,0,0,1,0,1,0,0
375000000.0,460.0,7.0,4.0,1,1,1,1,1,1,1,1,1,0,1,0
350000000.0,500.0,7.0,5.0,0,1,1,0,1,0,0,0,1,0,1,0
160000000.0,230.0,5.0,5.0,1,0,1,0,0,1,0,0,0,0,1,0
250000000.0,250.0,6.0,4.0,0,1,0,0,0,0,0,0,0,0,1,0
95000000.0,250.0,6.0,6.0,0,0,1,1,0,0,0,0,0,0,1,0
280000000.0,300.0,6.0,4.0,1,1,1,0,1,0,0,0,1,0,1,0
70000000.0,200.0,5.0,4.0,0,0,1,0,1,0,0,0,1,0,1,0
550000000.0,600.0,7.0,5.0,1,1,1,1,1,1,0,0,1,0,1,0
1200000000.0,1240.0,8.0,5.0,1,1,1,0,0,0,0,0,0,0,1,0
250000000.0,250.0,7.0,5.0,0,0,1,1,1,0,0,0,1,0,0,1
1000000000.0,750.0,7.0,7.0,1,1,1,0,1,0,0,0,1,0,1,0
550000000.0,492.0,7.0,7.0,1,1,0,0,0,0,0,0,0,0,1,0
110000000.0,350.0,4.0,4.0,1,0,1,1,1,0,0,1,1,1,0,0
75000000.0,300.0,5.0,4.0,0,0,0,0,0,0,0,1,0,0,1,0
70000000.0,260.0,4.0,2.0,0,0,0,0,0,0,0,0,0,1,0,0
540000000.0,600.0,4.0,2.0,0,0,1,0,0,0,0,0,0,0,0,0
175000000.0,300.0,5.0,4.0,0,0,0,0,0,0,0,1,0,0,1,0
165000000.0,300.0,5.0,3.0,1,0,1,0,0,0,0,1,0,0,1,0
170000000.0,300.0,5.0,5.0,1,0,0,1,1,0,1,0,1,0,1,0
560000000.0,700.0,4.0,4.0,1,0,0,0,0,0,0,1,0,1,0,0
165000000.0,300.0,5.0,3.0,1,0,1,0,1,0,0,1,1,0,1,0
195000000.0,400.0,4.0,4.0,1,0,1,0,0,0,0,1,0,0,1,0
250000000.0,300.0,5.0,4.0,0,0,1,1,0,0,1,0,0,0,1,0
170000000.0,500.0,5.0,5.0,0,0,0,1,1,0,1,0,1,0,1,0
155000000.0,300.0,5.0,4.0,1,1,1,0,0,1,0,0,0,1,0,0
70000000.0,360.0,4.0,4.0,0,0,0,0,0,0,0,1,0,0,1,0
1600000000.0,1200.0,8.0,6.0,1,1,1,0,0,1,0,0,0,0,1,0
280000000.0,332.0,4.0,4.0,0,1,1,0,1,0,0,0,1,1,0,0
160000000.0,400.0,5.0,4.0,1,0,1,0,0,0,0,0,0,1,0,0
350000000.0,260.0,7.0,6.0,0,0,0,0,0,1,0,1,0,0,0,1
850000000.0,672.0,6.0,4.0,1,0,1,1,1,1,0,1,1,0,0,0
250000000.0,400.0,16.0,4.0,0,0,0,0,1,0,0,0,1,0,0,0
55000000.0,300.0,5.0,4.0,0,0,0,0,0,0,0,0,0,0,1,0
1500000000.0,5000.0,8.0,8.0,0,1,0,0,0,0,0,0,1,0,1,0
530000000.0,452.0,7.0,7.0,1,1,0,0,0,0,0,0,0,0,1,0
1000000000.0,750.0,7.0,7.0,1,1,1,0,1,0,0,0,1,0,1,0
65000000.0,350.0,6.0,5.0,0,0,0,1,0,0,0,0,0,0,1,0
250000000.0,332.0,4.0,4.0,0,0,0,1,0,0,0,0,0,1,0,0
95000000.0,850.0,4.0,3.0,0,0,0,0,0,0,0,0,0,0,0,0
550000000.0,492.0,7.0,5.0,1,1,0,0,0,1,0,0,0,0,1,0
80000000.0,150.0,4.0,2.0,0,0,0,0,0,0,0,0,0,0,0,0
650000000.0,998.0,5.0,5.0,1,0,0,0,0,0,0,0,0,1,0,0
60000000.0,110.0,3.0,3.0,0,0,0,1,0,0,0,1,0,1,0,0
250000000.0,309.0,7.0,6.0,0,0,1,0,1,0,0,0,1,0,1,0
45000000.0,253.0,4.0,3.0,0,0,0,0,0,1,0,1,0,0,1,0
55000000.0,250.0,4.0,3.0,0,0,0,0,0,0,0,0,0,1,0,0
375000000.0,565.0,8.0,7.0,0,1,0,0,0,0,0,1,1,0,1,0
560000000.0,492.0,7.0,3.0,0,1,0,0,0,0,0,0,0,0,1,0
160000000.0,230.0,5.0,3.0,1,0,1,0,1,1,0,0,1,0,1,0
220000000.0,350.0,12.0,7.0,0,0,0,0,0,0,0,0,0,0,0,1
25000000.0,600.0,6.0,4.0,1,0,1,0,1,0,0,0,1,0,0,0
270000000.0,276.0,6.0,5.0,0,0,1,0,1,1,0,1,1,0,1,0
90000000.0,200.0,4.0,3.0,0,0,1,0,0,0,0,0,0,1,0,0
350000000.0,350.0,7.0,7.0,0,1,0,0,1,1,0,0,1,0,1,0
650000000.0,998.0,5.0,4.0,1,0,1,0,1,0,0,0,1,1,0,0
370000000.0,800.0,4.0,4.0,1,0,1,0,0,0,0,1,0,1,0,0
155000000.0,200.0,3.0,3.0,0,0,0,0,0,0,0,1,0,0,1,0
370000000.0,800.0,4.0,3.0,1,0,1,0,0,0,0,1,0,1,0,0
45000000.0,200.0,5.0,2.0,0,0,0,0,0,0,0,0,0,0,1,0
300000000.0,123456.0,4.0,3.0,0,0,1,0,0,0,0,1,0,1,0,0
400000000.0,400.0,11.0,11.0,0,1,1,0,1,0,0,0,1,0,1,0
360000000.0,250.0,8.0,8.0,1,1,1,1,1,1,0,0,1,0,0,1
500000000.0,604.0,4.0,4.0,0,0,0,0,0,0,0,0,0,1,0,0
290000000.0,300.0,8.0,7.0,0,1,1,1,1,0,0,1,1,0,1,0
180000000.0,300.0,5.0,5.0,0,1,0,1,1,0,0,1,1,0,1,0
230000000.0,397.0,4.0,2.0,1,0,1,1,0,1,0,1,0,1,0,0
52000000.0,200.0,5.0,5.0,0,0,0,0,0,0,0,0,0,0,1,0
45000000.0,200.0,4.0,4.0,0,0,1,1,1,0,0,0,1,1,0,0
220000000.0,300.0,9.0,5.0,0,0,1,1,1,0,0,0,1,1,0,1
24900000.0,150.0,3.0,2.0,0,0,0,1,0,0,0,0,0,1,0,0
300000000.0,480.0,4.0,4.0,1,0,1,1,1,0,0,0,1,1,0,0
250000000.0,360.0,4.0,4.0,1,0,0,1,0,0,0,0,0,1,0,0
320000000.0,315.0,6.0,5.0,0,1,1,1,1,1,0,1,1,0,1,0
140000000.0,240.0,5.0,4.0,0,0,1,1,1,0,0,1,1,0,1,0
850000000.0,2000.0,8.0,5.0,0,1,0,0,1,0,0,0,1,1,0,0
1200000000.0,1300.0,8.0,5.0,1,1,0,0,0,0,0,0,0,0,1,0
850000000.0,2000.0,8.0,5.0,0,1,0,1,1,0,0,0,1,0,1,0
540000000.0,605.0,4.0,2.0,1,1,0,1,1,0,0,0,1,0,1,0
60000000.0,200.0,4.0,4.0,0,0,1,0,0,0,0,0,0,1,0,0
350000000.0,354.0,6.0,5.0,0,0,0,0,0,0,0,1,0,1,0,0
850000000.0,2000.0,8.0,5.0,1,1,1,0,1,0,0,0,1,0,1,0
170000000.0,300.0,5.0,5.0,1,0,1,0,1,1,0,0,1,0,1,0
850000000.0,2000.0,8.0,5.0,0,1,0,0,1,0,0,0,1,0,1,0
360000000.0,300.0,8.0,8.0,1,1,1,1,1,0,0,0,1,0,0,1
450000000.0,500.0,9.0,11.0,0,0,0,0,0,0,0,0,0,0,0,1
270000000.0,1000.0,10.0,8.0,0,0,0,0,0,0,0,0,0,0,1,0
130000000.0,230.0,5.0,1.0,0,1,1,1,1,1,1,1,1,0,1,0
500000000.0,400.0,7.0,7.0,1,1,1,0,1,0,0,1,1,0,1,0
850000000.0,2000.0,10.0,5.0,1,1,0,1,1,0,0,0,1,1,0,0
850000000.0,2000.0,10.0,5.0,1,1,1,1,1,0,0,0,1,1,0,0
350000000.0,250.0,6.0,7.0,1,0,1,1,1,1,0,1,1,0,0,1
350000000.0,250.0,6.0,4.0,1,0,1,1,1,1,0,1,1,0,0,1
350000000.0,250.0,6.0,4.0,1,0,1,1,1,1,0,1,1,0,0,1
350000000.0,300.0,6.0,1.0,1,1,1,1,1,0,1,0,1,0,1,0
130000000.0,350.0,5.0,5.0,0,0,0,0,0,1,0,1,0,0,1,0
580000000.0,600.0,6.0,5.0,1,1,1,0,1,1,0,1,1,0,1,0
450000000.0,600.0,6.0,2.0,1,1,1,1,1,0,0,0,1,0,1,0
45000000.0,230.0,4.0,3.0,0,0,1,0,1,0,0,1,1,1,0,0
210000000.0,176.0,5.0,5.0,0,0,0,0,1,0,0,1,1,0,0,0
15000000.0,600.0,7.0,4.0,0,0,0,0,1,0,0,1,1,1,0,0
20000000.0,600.0,7.0,4.0,0,0,0,0,1,0,0,1,1,1,0,0
75000000.0,200.0,4.0,4.0,0,0,1,0,0,0,0,0,0,0,1,0
180000000.0,300.0,6.0,6.0,0,1,0,1,1,1,0,1,1,0,0,1
170000000.0,220.0,5.0,4.0,0,0,1,0,1,0,0,1,1,0,1,0
140000000.0,300.0,6.0,5.0,1,0,1,0,0,0,0,1,0,0,1,0
375000000.0,460.0,6.0,4.0,1,1,1,1,1,1,1,1,1,0,1,0
85000000.0,305.0,4.0,4.0,0,0,1,1,1,0,0,1,1,0,1,0
150000000.0,210.0,5.0,4.0,0,1,1,1,0,1,0,1,0,0,1,0
300000000.0,460.0,6.0,4.0,1,1,1,1,1,1,1,1,1,0,1,0
380000000.0,260.0,6.0,4.0,1,1,1,1,1,1,1,1,1,0,0,1
255000000.0,376.0,7.0,8.0,0,0,1,1,1,1,1,1,1,0,1,0
375000000.0,460.0,6.0,4.0,1,1,1,1,1,1,1,1,1,0,1,0
300000000.0,515.0,7.0,5.0,1,1,1,1,1,0,1,1,1,0,0,1
200000000.0,430.0,4.0,4.0,1,0,1,1,1,0,0,0,1,0,1,0
300000000.0,515.0,7.0,6.0,1,1,1,1,1,0,1,1,1,0,0,1
180000000.0,250.0,6.0,6.0,0,1,0,0,1,0,0,0,1,0,0,1
300000000.0,300.0,5.0,5.0,0,1,1,1,1,1,0,1,1,0,1,0
75000000.0,667.0,4.0,4.0,0,0,0,0,0,0,0,1,0,1,0,0
160000000.0,350.0,5.0,4.0,1,0,1,1,1,1,0,1,1,0,1,0
350000000.0,260.0,6.0,7.0,1,1,1,1,1,1,1,0,1,0,0,1
150000000.0,300.0,5.0,4.0,1,0,0,1,0,0,0,1,0,0,1,0
180000000.0,300.0,6.0,5.0,1,1,1,1,1,1,1,0,1,0,0,1
75000000.0,160.0,3.0,3.0,0,0,1,1,1,1,0,0,1,1,0,0
160000000.0,230.0,5.0,5.0,0,0,1,1,1,0,0,0,1,0,1,0
150000000.0,300.0,4.0,4.0,0,1,0,1,1,0,0,0,1,1,0,0
160000000.0,385.0,5.0,5.0,0,1,0,1,0,1,0,1,0,0,1,0
160000000.0,200.0,4.0,4.0,1,0,1,0,1,1,0,1,1,0,1,0
470000000.0,600.0,10.0,8.0,1,1,1,0,1,1,0,1,1,0,0,1
550000000.0,700.0,12.0,8.0,1,1,1,1,0,0,0,1,0,0,1,0
400000000.0,617.0,6.0,6.0,0,0,1,0,1,1,0,1,1,0,0,0
300000000.0,335.0,7.0,6.0,1,1,1,1,1,0,0,1,1,0,1,0
160000000.0,385.0,5.0,5.0,0,1,0,1,0,1,0,1,0,0,1,0
750000000.0,500.0,7.0,5.0,0,1,1,0,0,1,0,1,0,0,1,0
340000000.0,203.0,6.0,6.0,0,1,1,1,1,0,0,1,1,0,0,1
350000000.0,300.0,6.0,6.0,0,0,1,0,1,0,0,1,1,0,1,0
90000000.0,300.0,4.0,2.0,0,0,1,1,0,0,0,1,0,1,0,0
300000000.0,648.0,9.0,2.0,0,0,1,1,1,0,0,1,1,0,1,0
1700000000.0,1500.0,12.0,8.0,1,0,0,0,1,1,0,1,1,0,1,0
75000000.0,200.0,4.0,4.0,0,0,1,0,0,0,0,0,0,0,1,0
180000000.0,300.0,6.0,6.0,0,1,0,1,1,1,0,0,1,0,0,1
170000000.0,220.0,5.0,4.0,0,0,1,0,1,0,0,1,1,0,1,0
140000000.0,300.0,6.0,5.0,1,0,1,0,0,0,0,0,0,0,1,0
375000000.0,460.0,6.0,4.0,1,1,1,1,1,1,1,1,1,0,1,0
85000000.0,305.0,4.0,4.0,0,0,1,1,1,0,0,1,1,0,1,0
150000000.0,210.0,5.0,4.0,0,1,1,1,0,1,0,1,0,0,1,0
300000000.0,460.0,6.0,4.0,1,1,1,1,1,1,1,1,1,0,1,0
380000000.0,260.0,6.0,4.0,1,1,1,1,1,1,1,0,1,0,0,1
255000000.0,376.0,7.0,8.0,0,0,1,1,1,1,1,1,1,0,1,0
375000000.0,460.0,6.0,4.0,1,1,1,1,1,1,1,1,1,0,1,0
300000000.0,515.0,7.0,5.0,1,1,1,1,1,0,1,1,1,0,0,1
200000000.0,430.0,4.0,4.0,1,0,1,1,1,0,0,0,1,0,1,0
300000000.0,515.0,7.0,6.0,1,1,1,1,1,0,1,1,1,0,0,1
180000000.0,250.0,6.0,6.0,0,1,0,0,1,0,0,0,1,0,0,1
300000000.0,300.0,5.0,5.0,0,1,1,1,1,1,0,1,1,0,1,0
75000000.0,667.0,4.0,4.0,0,0,0,0,0,0,0,1,0,1,0,0
160000000.0,350.0,5.0,4.0,1,0,1,1,1,1,0,1,1,0,1,0
350000000.0,260.0,6.0,4.0,1,1,1,1,1,1,1,0,1,0,0,1
150000000.0,300.0,5.0,4.0,1,0,0,1,0,0,0,1,0,0,1,0
180000000.0,300.0,6.0,5.0,1,1,1,1,1,1,1,0,1,0,0,1
75000000.0,160.0,3.0,2.0,0,0,1,1,1,1,0,0,1,1,0,0
160000000.0,230.0,5.0,5.0,0,0,1,1,1,0,0,0,1,0,1,0
150000000.0,300.0,4.0,4.0,0,1,0,1,1,0,0,0,1,1,0,0
160000000.0,385.0,5.0,5.0,0,1,0,1,0,1,0,1,0,0,1,0
160000000.0,200.0,4.0,4.0,1,0,1,0,1,1,0,1,1,0,1,0
470000000.0,600.0,10.0,8.0,1,1,1,0,1,1,0,0,1,0,0,1
550000000.0,700.0,12.0,8.0,1,1,1,1,0,0,0,0,0,0,1,0
400000000.0,617.0,6.0,6.0,0,0,1,0,1,1,0,1,1,0,0,0
400000000.0,515.0,7.0,6.0,1,1,1,1,1,0,0,1,1,0,1,0
160000000.0,385.0,5.0,5.0,0,1,0,1,0,1,0,1,0,0,1,0
750000000.0,500.0,7.0,5.0,0,1,1,0,0,1,0,0,0,0,1,0
340000000.0,203.0,6.0,6.0,0,1,1,1,1,0,0,0,1,0,0,1
350000000.0,300.0,6.0,6.0,0,0,1,0,1,0,0,0,1,0,1,0
90000000.0,300.0,4.0,2.0,0,0,1,1,0,0,0,0,0,1,0,0
300000000.0,648.0,9.0,2.0,0,0,1,1,1,0,0,1,1,0,1,0
1700000000.0,1500.0,12.0,8.0,1,0,0,0,1,1,0,0,1,0,1,0
200000000.0,430.0,4.0,3.0,1,0,1,1,1,0,0,0,1,0,1,0
350000000.0,280.0,6.0,5.0,1,1,1,1,1,1,1,1,1,0,0,1
70000000.0,260.0,4.0,3.0,0,0,0,0,0,0,0,0,0,1,0,0
160000000.0,350.0,6.0,4.0,1,0,1,0,0,0,0,0,0,0,1,0
1600000000.0,3224.0,14.0,1.0,0,1,0,0,0,0,0,0,0,0,1,0
650000000.0,800.0,7.0,5.0,1,0,1,0,1,0,0,0,1,0,1,0
375000000.0,460.0,6.0,3.0,1,1,1,0,1,0,1,1,1,0,1,0
700000000.0,559.0,6.0,7.0,1,1,1,1,1,1,0,1,1,0,1,0
650000000.0,900.0,8.0,4.0,1,1,1,1,1,1,0,0,1,0,1,0
160000000.0,400.0,6.0,6.0,0,0,1,1,1,1,0,0,1,0,0,0
1500000000.0,574.0,7.0,5.0,0,1,1,1,1,0,1,0,1,0,1,0
300000000.0,335.0,7.0,6.0,1,1,1,1,1,0,0,1,1,0,1,0
85000000.0,400.0,7.0,5.0,0,1,1,1,0,1,0,0,1,0,1,0
650000000.0,600.0,7.0,7.0,0,1,0,1,1,0,0,1,1,0,1,0
350000000.0,400.0,5.0,4.0,0,0,0,1,1,0,0,0,1,0,1,0
1200000000.0,1200.0,7.0,6.0,1,0,1,1,1,0,0,0,1,1,0,0
160000000.0,260.0,6.0,4.0,0,0,0,1,1,0,0,0,1,0,1,0
280000000.0,332.0,4.0,4.0,0,1,1,0,1,0,0,0,1,1,0,0
330000000.0,470.0,5.0,4.0,0,1,1,1,1,1,1,1,1,0,1,0
1500000000.0,5000.0,5.0,4.0,0,1,0,0,0,0,0,0,1,0,1,0
300000000.0,700.0,7.0,5.0,1,1,1,0,1,0,0,1,1,0,1,0
155000000.0,350.0,5.0,4.0,0,0,0,1,0,1,0,1,0,0,1,0
85000000.0,255.0,4.0,4.0,0,0,1,1,1,1,0,1,1,0,1,0
190000000.0,500.0,8.0,8.0,1,1,1,1,1,0,0,1,1,0,1,0
295000000.0,300.0,5.0,5.0,1,1,1,0,1,1,0,1,1,0,1,0
750000000.0,500.0,7.0,6.0,1,0,1,1,1,0,0,0,1,0,1,0
300000000.0,654.0,6.0,6.0,1,1,1,1,1,0,0,1,1,0,0,0
160000000.0,350.0,6.0,6.0,1,0,1,1,1,1,1,0,1,0,1,0
165000000.0,452.0,7.0,6.0,1,0,1,0,1,1,1,0,1,0,1,0
45000000.0,200.0,3.0,2.0,0,0,1,0,0,0,0,1,1,1,0,0
90000000.0,300.0,5.0,4.0,1,0,1,1,1,0,0,1,1,1,0,0
380000000.0,400.0,6.0,5.0,1,1,1,0,1,0,1,1,1,0,1,0
52000000.0,186.0,4.0,2.0,0,0,1,1,0,0,0,1,0,0,0,0
280000000.0,600.0,5.0,6.0,1,0,1,0,1,0,0,0,1,1,0,0
52000000.0,186.0,4.0,2.0,0,0,1,1,0,0,0,1,0,0,0,0
300000000.0,300.0,5.0,4.0,1,1,1,0,1,1,0,0,1,0,1,0
200000000.0,400.0,8.0,8.0,1,0,1,1,1,1,1,1,1,1,0,1
250000000.0,216.0,5.0,4.0,0,0,0,1,1,1,0,1,1,0,1,0
170000000.0,350.0,5.0,4.0,1,0,0,1,1,0,0,0,1,0,1,0
180000000.0,300.0,6.0,4.0,1,1,1,1,1,1,1,0,1,0,0,1
650000000.0,4000.0,12.0,8.0,1,1,0,1,1,0,0,0,1,0,1,0
20000000.0,260.0,6.0,4.0,1,0,1,1,1,0,0,1,1,0,1,0
97000000.0,230.0,6.0,4.0,0,0,0,1,0,0,0,1,0,0,0,0
65000000.0,160.0,5.0,5.0,0,0,1,0,1,0,0,0,1,0,1,0
200000000.0,340.0,8.0,8.0,1,0,1,1,1,1,1,1,1,1,0,1
400000000.0,617.0,8.0,7.0,0,0,1,0,1,1,0,0,1,0,1,0
1300000000.0,1200.0,7.0,8.0,0,1,0,1,1,0,0,0,1,0,0,1
75000000.0,230.0,5.0,5.0,0,0,1,1,1,0,0,1,1,0,1,0
160000000.0,400.0,5.0,5.0,0,0,0,0,0,0,0,1,0,0,1,0
250000000.0,485.0,7.0,5.0,0,1,0,0,1,0,1,1,1,0,1,0
50000000.0,250.0,4.0,3.0,0,0,0,0,0,0,0,1,0,0,0,0
300000000.0,270.0,3.0,5.0,1,1,1,1,0,1,0,1,0,0,1,0
600000000.0,640.0,9.0,6.0,0,1,0,0,0,1,0,1,0,0,1,0
55000000.0,230.0,5.0,5.0,0,0,1,0,0,0,0,1,0,0,1,0
2100000000.0,2000.0,14.0,10.0,1,1,1,0,1,0,0,1,1,0,1,0
80000000.0,200.0,4.0,3.0,0,0,1,1,1,0,0,1,1,1,0,0
350000000.0,350.0,7.0,7.0,1,1,1,0,1,0,0,1,1,0,1,0
100000000.0,250.0,5.0,5.0,1,0,1,1,1,1,1,1,1,0,1,0
65000000.0,160.0,3.0,2.0,0,0,0,1,1,0,0,1,1,0,1,0
400000000.0,450.0,10.0,5.0,1,0,1,1,1,0,0,1,1,0,1,0
600000000.0,640.0,9.0,9.0,0,1,1,0,0,1,0,0,0,0,1,0
80000000.0,251.0,5.0,3.0,0,0,1,1,1,0,0,1,1,1,0,0
150000000.0,200.0,5.0,4.0,0,1,1,1,1,1,0,1,1,0,1,0
350000000.0,380.0,5.0,3.0,1,0,1,0,1,1,0,0,1,0,1,0
95000000.0,250.0,4.0,4.0,1,0,1,1,1,1,0,1,1,1,0,0
220000000.0,500.0,8.0,6.0,1,1,1,1,1,0,1,1,1,0,1,0
420000000.0,617.0,9.0,9.0,1,0,1,0,1,0,0,1,1,0,1,0
350000000.0,300.0,6.0,5.0,0,0,1,0,1,0,0,0,1,0,1,0
370000000.0,400.0,5.0,5.0,0,0,0,1,1,0,0,0,1,0,1,0
90000000.0,300.0,5.0,4.0,1,0,1,1,0,0,0,1,0,1,0,0
85000000.0,200.0,6.0,6.0,0,0,1,1,1,0,1,1,1,0,1,0
200000000.0,250.0,6.0,4.0,0,0,1,1,1,0,0,1,1,0,1,0
360000000.0,400.0,5.0,4.0,0,0,0,1,1,0,0,0,1,0,1,0
340000000.0,203.0,6.0,6.0,0,1,1,1,1,0,0,0,1,0,0,1
170000000.0,336.0,5.0,5.0,1,1,1,1,1,1,1,0,1,0,1,0
105000000.0,350.0,7.0,7.0,0,0,0,0,0,0,0,0,0,0,1,0
290000000.0,333.0,8.0,7.0,0,1,0,1,1,1,0,1,1,0,1,0
650000000.0,1043.0,12.0,12.0,1,1,0,0,0,0,0,0,0,0,1,0
160000000.0,260.0,6.0,5.0,1,1,1,1,0,0,1,0,0,0,1,0
290000000.0,600.0,7.0,5.0,1,0,0,0,1,1,0,0,1,0,1,0
300000000.0,1500.0,6.0,5.0,0,1,1,1,1,0,0,0,1,0,1,0
120000000.0,300.0,5.0,4.0,1,0,1,1,1,0,1,0,1,0,1,0
130000000.0,345.0,5.0,4.0,0,0,1,1,1,0,1,0,1,0,1,0
75000000.0,230.0,5.0,4.0,0,0,1,1,1,0,0,0,1,0,1,0
400000000.0,617.0,8.0,6.0,1,0,1,1,1,1,1,0,1,0,1,0
80000000.0,200.0,5.0,4.0,0,0,1,1,1,0,0,1,1,0,1,0
400000000.0,400.0,7.0,5.0,1,0,1,1,1,0,0,0,1,0,1,0
380000000.0,450.0,4.0,3.0,1,1,1,1,1,1,1,1,1,0,1,0
145000000.0,280.0,4.0,4.0,0,0,0,0,1,0,0,0,1,0,1,0
150000000.0,270.0,5.0,3.0,0,0,1,0,0,0,0,1,0,0,0,0
95000000.0,400.0,6.0,5.0,1,1,0,1,0,0,0,1,0,0,1,0
900000000.0,514.0,13.0,9.0,1,0,1,0,1,0,0,1,1,0,0,1
170000000.0,260.0,6.0,6.0,1,0,1,1,1,0,0,1,1,0,1,0
190000000.0,380.0,5.0,5.0,1,1,1,1,1,0,0,1,1,1,0,0
650000000.0,781.0,12.0,12.0,1,0,1,1,1,0,0,1,1,0,1,0
100000000.0,100.0,4.0,2.0,1,0,1,0,0,1,0,1,0,0,0,0
125000000.0,200.0,7.0,7.0,0,0,1,1,0,0,0,1,0,1,0,1
135000000.0,400.0,4.0,4.0,0,0,1,1,0,0,0,1,0,1,0,0
95000000.0,250.0,5.0,4.0,0,0,0,0,0,0,0,1,0,0,0,0
500000000.0,350.0,9.0,9.0,0,1,1,1,1,0,0,1,1,0,1,0
550000000.0,400.0,12.0,12.0,0,0,0,0,1,1,0,1,1,0,0,1
800000000.0,1000.0,10.0,10.0,1,1,0,1,1,0,0,1,1,0,0,1
285000000.0,450.0,5.0,5.0,1,0,1,0,1,0,0,1,1,0,1,0
280000000.0,5.0,5.0,5.0,1,0,1,0,1,0,0,1,1,0,0,0
75000000.0,200.0,4.0,4.0,0,0,0,1,0,0,0,0,0,1,0,0
75000000.0,150.0,5.0,5.0,0,0,1,1,1,0,0,0,1,0,0,1
285000000.0,450.0,5.0,4.0,1,0,1,0,1,0,0,0,1,0,1,0
145000000.0,250.0,5.0,5.0,0,0,1,0,0,0,0,0,0,1,0,0
300000000.0,450.0,5.0,12.0,0,0,0,0,0,0,0,1,0,0,1,0
280000000.0,450.0,5.0,5.0,1,0,1,0,1,0,0,1,1,0,1,0
1300000000.0,1200.0,15.0,15.0,0,0,0,0,0,0,0,0,0,0,0,0
120000000.0,300.0,5.0,5.0,1,0,1,1,1,0,0,0,1,0,1,0
85000000.0,200.0,5.0,5.0,0,0,1,1,0,0,1,0,0,0,1,0
160000000.0,300.0,5.0,4.0,1,0,1,0,0,0,0,0,0,0,1,0
120000000.0,350.0,5.0,4.0,0,0,1,1,1,0,0,1,1,1,0,0
430000000.0,600.0,15.0,15.0,0,1,1,1,1,0,0,0,1,0,1,0
120000000.0,200.0,4.0,5.0,0,1,0,1,0,0,0,1,0,0,1,0
70000000.0,200.0,4.0,4.0,0,0,1,1,1,0,0,1,1,0,1,0
85000000.0,250.0,4.0,4.0,0,0,1,1,0,0,0,1,0,0,1,0
160000000.0,300.0,5.0,5.0,1,0,1,0,0,0,0,0,0,0,1,0
120000000.0,200.0,5.0,4.0,0,0,0,0,0,0,0,0,0,0,1,0
800000000.0,1150.0,5.0,1.0,1,1,0,0,0,0,0,0,0,0,1,0
370000000.0,376.0,8.0,8.0,0,1,1,1,1,0,0,1,1,0,1,0
700000000.0,600.0,4.0,6.0,0,0,0,0,0,0,0,0,0,1,0,0
120000000.0,300.0,4.0,5.0,0,0,1,1,1,0,0,1,1,1,0,0
850000000.0,1000.0,11.0,11.0,1,0,0,0,0,0,0,0,0,0,1,0
285000000.0,450.0,5.0,5.0,1,0,1,0,1,0,0,1,1,0,1,0
85000000.0,260.0,4.0,4.0,0,0,0,0,0,0,0,1,0,0,1,0
550000000.0,290.0,6.0,5.0,0,1,1,1,1,1,0,1,1,0,1,0
550000000.0,290.0,7.0,7.0,0,1,1,1,1,0,0,0,1,0,1,0
880000000.0,649.5,5.0,7.0,0,0,0,0,0,0,0,0,0,0,1,0
450000000.0,635.0,5.0,5.0,1,0,1,1,1,0,0,0,1,0,1,0
180000000.0,200.0,6.0,6.0,0,1,1,1,1,0,0,1,1,0,1,0
47000000.0,150.0,4.0,4.0,0,0,1,1,0,1,0,1,0,0,1,0
80000000.0,240.0,6.0,4.0,0,0,1,1,1,0,1,0,1,0,1,0
880000000.0,919.0,6.0,5.0,1,1,1,0,1,1,0,0,1,0,1,0
65000000.0,250.0,5.0,5.0,0,1,1,1,1,0,1,0,1,0,1,0
385000000.0,500.0,11.0,10.0,1,0,1,1,1,1,0,0,1,0,1,0
150000000.0,385.0,5.0,4.0,0,1,0,1,0,1,0,1,0,0,1,0
60000000.0,200.0,3.0,2.0,0,0,1,1,0,0,0,1,0,1,0,0
800000000.0,800.0,14.0,6.0,0,0,1,0,1,0,0,0,1,0,1,0
135000000.0,200.0,5.0,4.0,0,0,0,0,0,0,0,0,0,0,1,0
130000000.0,250.0,4.0,3.0,1,0,1,1,0,0,0,0,0,0,1,0
450000000.0,645.0,4.0,4.0,1,0,1,1,1,0,0,0,1,1,0,0
180000000.0,480.0,6.0,4.0,1,0,1,1,1,0,0,1,1,1,0,0
530000000.0,452.0,7.0,6.0,1,1,1,0,1,0,0,1,1,0,1,0
350000000.0,750.0,7.0,8.0,1,1,1,0,1,1,0,0,1,0,1,0
880000000.0,919.0,6.0,6.0,1,1,0,0,0,1,0,1,0,0,1,0
85000000.0,260.0,4.0,4.0,0,0,0,0,0,0,0,1,0,0,1,0
370000000.0,350.0,8.0,9.0,0,0,0,0,0,0,0,1,0,0,1,0
280000000.0,300.0,7.0,5.0,0,0,1,0,1,1,0,1,1,0,1,0
180000000.0,480.0,6.0,5.0,0,0,1,1,1,1,0,1,1,1,0,0
200000000.0,270.0,6.0,5.0,0,0,1,1,1,1,0,1,1,0,0,1
100000000.0,280.0,6.0,4.0,0,1,1,1,1,0,1,1,1,0,1,0
500000000.0,370.0,12.0,8.0,0,0,0,0,1,1,0,1,1,0,0,1
100000000.0,400.0,6.0,4.0,0,0,1,1,0,0,0,1,0,0,1,0
100000000.0,100.0,4.0,2.0,1,0,1,0,0,1,0,1,0,1,0,0
130000000.0,350.0,4.0,3.0,1,0,1,0,1,0,0,1,1,0,1,0
350000000.0,400.0,5.0,6.0,1,0,1,1,1,0,0,1,1,0,1,0
450000000.0,645.0,4.0,3.0,0,0,1,1,1,0,0,1,1,1,0,0
130000000.0,250.0,8.0,7.0,0,0,1,1,1,0,1,1,1,0,0,1
110000000.0,320.0,4.0,3.0,0,0,0,0,0,0,0,1,0,1,0,0
675000000.0,676.0,5.0,3.0,1,1,0,0,0,0,0,1,0,1,0,0
675000000.0,676.0,5.0,3.0,1,1,0,0,0,0,0,1,0,1,0,0
150000000.0,385.0,5.0,4.0,0,1,0,1,0,1,0,1,0,0,1,0
75000000.0,375.0,4.0,3.0,0,0,1,0,0,0,0,1,0,1,0,0
90000000.0,400.0,7.0,5.0,0,0,1,0,0,0,0,1,0,0,1,0
60000000.0,245.0,5.0,6.0,0,0,1,1,0,0,1,1,0,0,1,0
80000000.0,240.0,6.0,4.0,0,0,1,1,1,0,1,0,1,0,1,0
130000000.0,300.0,4.0,3.0,0,0,1,0,0,0,0,0,0,0,0,0
100000000.0,250.0,6.0,3.0,0,0,0,0,0,0,0,1,0,0,0,0
80000000.0,225.0,6.0,4.0,0,0,1,1,1,0,1,0,1,0,1,0
500000000.0,741.0,10.0,7.0,0,1,1,0,1,0,0,0,1,0,0,0
120000000.0,292.0,4.0,3.0,0,0,0,0,0,0,0,0,0,1,0,0
90000000.0,300.0,5.0,4.0,0,1,1,1,1,0,0,1,1,1,0,0
370000000.0,376.0,8.0,6.0,0,1,1,1,1,0,0,0,1,0,1,0
120000000.0,300.0,5.0,4.0,1,0,1,1,1,0,1,0,1,0,1,0
1500000000.0,2314.0,5.0,5.0,1,1,1,1,1,0,0,0,1,1,0,0
270000000.0,2368.0,7.0,6.0,1,0,0,0,1,0,0,0,1,0,1,0
135000000.0,420.0,5.0,5.0,0,1,0,0,0,0,0,0,0,0,0,0
200000000.0,330.0,5.0,5.0,0,1,1,1,1,0,0,0,1,0,1,0
280000000.0,300.0,7.0,5.0,0,0,1,0,1,1,0,1,1,0,1,0
75000000.0,200.0,5.0,3.0,0,0,1,0,0,0,0,0,0,0,0,0
120000000.0,300.0,4.0,4.0,0,0,1,0,0,0,0,1,0,1,0,0
880000000.0,919.0,5.0,6.0,0,0,0,0,0,0,0,1,0,1,0,0
295000000.0,400.0,6.0,6.0,1,1,0,0,1,1,0,0,1,0,1,0
190000000.0,300.0,4.0,3.0,1,0,1,0,0,0,0,1,0,0,1,0
350000000.0,600.0,7.0,7.0,0,0,0,0,0,0,0,0,0,0,1,0
185000000.0,400.0,6.0,6.0,1,1,0,0,0,1,0,1,0,0,1,0
295000000.0,400.0,6.0,6.0,1,1,0,0,1,1,0,0,1,0,1,0
550000000.0,600.0,7.0,5.0,0,1,1,1,1,0,0,0,1,0,1,0
1000000000.0,1800.0,10.0,7.0,1,1,1,0,1,1,0,1,1,0,1,0
750000000.0,781.0,7.0,6.0,1,1,1,1,1,1,1,0,1,0,1,0
70000000.0,300.0,6.0,6.0,0,0,0,1,0,0,0,0,0,1,0,1
450000000.0,635.0,5.0,3.0,1,0,1,1,1,0,0,0,1,0,1,0
110000000.0,270.0,6.0,5.0,0,0,0,0,0,0,0,0,0,0,0,0
150000000.0,300.0,5.0,3.0,0,0,1,1,0,0,0,1,0,0,1,0
140000000.0,320.0,4.0,3.0,1,0,1,0,0,0,0,0,0,0,1,0
295000000.0,400.0,6.0,6.0,1,1,0,0,1,1,0,0,1,0,1,0
175000000.0,400.0,6.0,5.0,1,1,0,0,0,1,0,1,0,0,1,0
650000000.0,650.0,9.0,6.0,0,1,0,0,1,1,0,1,1,0,1,0
175000000.0,400.0,6.0,6.0,1,1,0,0,0,1,0,1,0,0,1,0
185000000.0,400.0,6.0,6.0,1,1,0,0,0,1,0,1,0,0,1,0
475000000.0,360.0,4.0,4.0,0,1,1,0,1,0,0,1,1,0,1,0
800000000.0,800.0,14.0,2.0,1,1,1,0,1,1,0,1,1,0,0,1
170000000.0,400.0,6.0,6.0,1,1,0,0,0,1,0,1,0,0,1,0
70000000.0,300.0,6.0,6.0,0,0,0,1,0,0,0,0,0,0,1,0
100000000.0,200.0,4.0,3.0,0,0,0,1,0,0,0,1,0,0,1,0
350000000.0,300.0,6.0,5.0,0,1,1,0,1,0,0,0,1,0,1,0
330000000.0,600.0,6.0,4.0,1,0,1,1,1,1,1,0,1,0,1,0
65000000.0,200.0,5.0,4.0,0,0,1,0,1,0,0,0,1,0,1,0
55000000.0,150.0,4.0,3.0,0,0,1,0,0,0,0,0,0,0,1,0
120000000.0,300.0,5.0,4.0,0,1,1,1,1,0,1,1,1,0,1,0
180000000.0,200.0,6.0,4.0,1,0,1,1,0,0,0,0,0,0,1,0
270000000.0,2368.0,7.0,7.0,1,0,0,0,1,0,0,0,1,0,0,0
28000000.0,200.0,4.0,4.0,0,0,0,1,0,0,0,0,0,1,0,0
28000000.0,200.0,4.0,4.0,0,0,0,1,0,0,0,0,0,1,0,0
75000000.0,300.0,6.0,5.0,0,1,1,1,1,0,0,1,1,0,1,0
150000000.0,400.0,6.0,6.0,0,0,0,0,1,0,0,1,1,0,1,0
130000000.0,300.0,4.0,4.0,0,0,1,0,1,0,0,0,1,1,0,0
210000000.0,300.0,7.0,1.0,1,0,1,1,1,0,0,1,1,0,1,0
270000000.0,2368.0,7.0,6.0,0,0,0,0,0,0,0,0,0,0,1,0
135000000.0,300.0,4.0,3.0,0,0,1,0,1,0,0,0,1,1,0,0
130000000.0,300.0,4.0,3.0,0,0,1,0,1,0,0,0,1,1,0,0
65000000.0,4.0,3.0,4.0,0,0,0,0,0,0,0,1,0,1,0,0
130000000.0,300.0,5.0,5.0,0,0,0,0,0,0,0,0,0,0,1,0
450000000.0,635.0,5.0,4.0,1,0,1,1,1,0,0,0,1,0,1,0
250000000.0,318.0,4.0,5.0,0,0,0,0,0,0,0,0,0,1,0,0
100000000.0,225.0,7.0,5.0,0,0,0,0,0,0,0,1,0,0,1,0
270000000.0,2368.0,6.0,7.0,1,0,0,0,1,0,0,0,1,0,1,0
270000000.0,2368.0,6.0,7.0,1,0,0,0,1,0,0,0,1,0,1,0
850000000.0,1000.0,11.0,11.0,0,0,0,0,0,0,0,0,0,0,1,0
270000000.0,2368.0,6.0,7.0,1,0,0,0,1,0,0,0,1,0,1,0
280000000.0,2368.0,6.0,7.0,1,0,0,0,1,0,0,0,1,0,1,0
135000000.0,280.0,5.0,4.0,0,0,0,0,0,1,0,1,0,1,0,1
125000000.0,230.0,5.0,6.0,0,0,0,0,0,0,0,1,0,0,1,0
120000000.0,230.0,5.0,7.0,1,1,1,1,1,0,1,1,1,0,1,0
430000000.0,720.0,7.0,3.0,0,0,1,0,0,0,0,0,0,0,1,0
270000000.0,8168.0,4.0,6.0,1,0,0,0,1,0,0,0,1,0,1,0
120000000.0,300.0,4.0,18.0,0,1,1,0,0,1,0,0,1,0,0,0
270000000.0,2368.0,7.0,6.0,1,0,0,0,1,0,0,0,1,0,1,0
1300000000.0,1200.0,20.0,18.0,0,1,1,0,0,1,0,0,1,0,0,0
270000000.0,2368.0,7.0,7.0,1,0,0,0,1,0,0,0,1,0,1,0
45000000.0,200.0,3.0,3.0,0,0,1,0,0,0,0,1,1,0,0,0
75000000.0,3.0,3.0,3.0,0,0,0,0,0,0,0,1,0,1,0,0
95000000.0,225.0,6.0,4.0,0,0,1,1,1,0,0,1,1,0,1,0
215000000.0,370.0,5.0,5.0,0,1,1,1,0,0,0,0,1,1,0,0
380000000.0,400.0,5.0,5.0,1,0,1,1,1,0,0,0,1,0,1,0
370000000.0,376.0,8.0,6.0,0,1,1,1,1,0,0,1,1,0,1,0
215000000.0,370.0,5.0,4.0,0,1,1,1,0,0,0,0,1,1,0,0
120000000.0,350.0,5.0,3.0,0,0,0,0,0,0,0,0,0,0,1,0
140000000.0,200.0,7.0,5.0,0,0,1,0,0,0,0,0,0,0,0,1
250000000.0,300.0,6.0,6.0,0,0,0,0,0,0,0,0,0,0,0,0
130000000.0,420.0,5.0,5.0,0,1,1,1,0,0,0,1,0,0,1,0
190000000.0,300.0,4.0,4.0,1,0,1,0,0,0,0,1,0,0,1,0
300000000.0,600.0,7.0,6.0,0,0,0,0,0,0,0,1,0,0,1,0
130000000.0,500.0,4.0,4.0,0,0,1,1,1,0,1,1,1,0,1,0
185000000.0,350.0,5.0,5.0,0,0,1,1,1,0,0,1,1,0,1,0
1700000000.0,1100.0,22.0,10.0,0,0,0,0,0,0,0,1,0,0,1,0
45000000.0,200.0,4.0,3.0,0,0,1,0,0,0,0,1,1,0,0,0
90000000.0,300.0,4.0,4.0,0,0,1,1,1,1,1,1,1,0,1,0
125000000.0,200.0,7.0,6.0,0,0,1,1,0,0,0,1,0,0,0,1
500000000.0,660.0,4.0,3.0,1,1,0,0,0,0,0,1,0,1,0,0
50000000.0,4.0,4.0,4.0,0,0,1,1,0,0,0,1,0,0,1,0
150000000.0,300.0,5.0,5.0,0,0,1,1,1,1,0,1,1,1,0,0
270000000.0,2368.0,7.0,6.0,1,0,0,1,1,0,0,1,1,0,1,0
270000000.0,2368.0,8.0,6.0,0,0,0,0,0,0,0,1,0,0,1,0
370000000.0,300.0,8.0,7.0,0,1,1,0,1,0,0,1,1,0,1,0
650000000.0,1304.0,9.0,9.0,0,1,1,1,1,0,0,1,1,0,1,0
120000000.0,400.0,4.0,5.0,1,0,1,1,0,0,0,1,0,1,0,0
245000000.0,375.0,8.0,8.0,1,0,1,1,1,1,0,1,1,0,1,0
370000000.0,376.0,8.0,8.0,0,1,1,1,1,0,0,1,1,0,1,0
180000000.0,200.0,6.0,5.0,0,1,1,1,1,0,0,1,1,0,1,0
175000000.0,300.0,7.0,6.0,0,1,1,1,0,0,1,1,0,0,1,0
600000000.0,635.0,5.0,5.0,1,0,1,1,1,0,0,0,1,0,1,0
180000000.0,300.0,4.0,4.0,1,0,1,1,0,0,0,0,0,1,0,0
175000000.0,300.0,6.0,6.0,0,1,1,1,0,0,1,1,0,0,1,0
130000000.0,350.0,4.0,2.0,1,0,1,0,0,1,0,1,0,0,1,0
250000000.0,250.0,7.0,6.0,1,0,1,1,1,0,1,1,1,0,0,1
380000000.0,300.0,8.0,8.0,0,1,1,0,1,0,0,0,1,0,1,0
350000000.0,350.0,7.0,7.0,0,1,0,0,1,1,0,0,1,0,1,0
325000000.0,525.0,6.0,6.0,0,1,1,0,1,1,0,1,1,0,1,0
350000000.0,350.0,6.0,6.0,0,1,1,0,1,1,0,1,1,0,1,0
125000000.0,300.0,6.0,6.0,1,0,1,0,1,0,0,1,1,0,1,0
700000000.0,1022.0,9.0,9.0,1,0,1,0,0,0,0,1,0,0,1,0
85000000.0,200.0,4.0,4.0,0,0,0,0,0,0,0,1,0,0,1,0
250000000.0,336.0,3.0,1.0,1,1,1,0,1,1,1,1,1,0,1,0
150000000.0,300.0,6.0,2.0,1,0,1,0,1,1,0,1,1,0,1,0
1500000000.0,1200.0,10.0,2.0,1,1,1,0,0,0,0,1,1,0,0,0
175000000.0,300.0,10.0,1.0,0,0,1,1,1,0,0,1,1,0,1,0
1300000000.0,740.0,14.0,8.0,1,1,1,1,1,1,0,1,1,0,1,1
100000000.0,250.0,7.0,5.0,0,0,0,0,0,0,0,1,0,0,1,0
380000000.0,300.0,8.0,8.0,0,1,1,0,1,0,0,1,1,0,1,0
198000000.0,600.0,10.0,6.0,0,0,0,0,0,0,0,1,0,0,1,0
350000000.0,450.0,5.0,2.0,0,1,1,0,1,0,0,0,1,0,1,0
350000000.0,350.0,7.0,3.0,0,1,0,0,1,1,0,0,1,0,1,0
125000000.0,300.0,5.0,4.0,0,0,0,0,1,0,1,1,1,0,1,0
130000000.0,300.0,6.0,5.0,1,0,1,1,1,0,1,0,1,0,1,0
250000000.0,1270.0,6.0,5.0,0,0,0,0,0,0,0,0,1,0,0,1
37000000.0,250.0,4.0,4.0,0,0,0,1,0,0,1,0,0,0,0,0
400000000.0,300.0,8.0,2.0,0,1,1,0,1,0,0,0,1,0,1,0
210000000.0,200.0,6.0,5.0,0,1,0,1,0,0,0,0,0,0,1,0
200000000.0,600.0,5.0,3.0,1,1,1,0,1,0,0,0,1,1,0,0
185000000.0,200.0,7.0,5.0,1,1,1,0,1,0,1,0,1,0,1,1
900000000.0,1000.0,7.0,2.0,1,1,1,1,1,0,0,0,1,1,0,0
55000000.0,200.0,3.0,3.0,0,0,0,0,0,0,0,0,0,1,0,0
75000000.0,230.0,3.0,1.0,0,0,0,0,0,0,0,0,0,1,0,0
210000000.0,300.0,6.0,5.0,0,0,0,0,1,0,0,0,1,0,1,0
370000000.0,350.0,7.0,3.0,0,1,0,0,1,1,0,0,1,0,1,1
120000000.0,200.0,7.0,3.0,0,0,1,1,0,0,0,1,0,0,0,1
150000000.0,320.0,4.0,1.0,0,0,1,1,0,0,0,0,0,0,0,0
100000000.0,272.0,3.0,3.0,0,0,0,1,1,0,0,0,1,1,0,0
80000000.0,300.0,5.0,5.0,0,0,0,0,0,0,0,1,0,1,0,0
120000000.0,300.0,6.0,5.0,1,1,1,1,1,0,1,0,1,0,1,0
120000000.0,300.0,5.0,5.0,1,0,1,1,1,0,0,0,1,0,1,0
160000000.0,300.0,5.0,5.0,1,0,1,0,0,0,0,0,0,0,1,0
160000000.0,300.0,5.0,5.0,1,0,1,0,0,0,0,0,0,0,1,0
150000000.0,300.0,5.0,5.0,0,0,0,0,0,0,0,1,0,0,1,0
400000000.0,300.0,8.0,8.0,0,1,1,0,1,0,0,0,1,0,1,0
210000000.0,300.0,6.0,6.0,0,0,0,0,1,0,0,0,1,0,1,0
400000000.0,300.0,8.0,6.0,0,1,1,0,1,0,0,1,1,0,1,0
400000000.0,300.0,6.0,5.0,0,1,1,0,1,0,0,1,1,0,1,0
35000000.0,253.0,4.0,4.0,0,0,1,1,1,0,0,1,1,1,0,0
130000000.0,450.0,5.0,4.0,0,0,0,0,0,0,0,1,0,0,1,0
80000000.0,300.0,5.0,5.0,0,0,0,0,0,0,0,1,0,1,0,0
60000000.0,3.0,4.0,3.0,0,0,0,0,0,0,0,1,0,1,0,0
500000000.0,600.0,7.0,6.0,0,1,1,1,1,0,0,0,1,0,1,1
400000000.0,300.0,8.0,8.0,0,1,1,0,1,0,0,1,1,0,1,0
150000000.0,200.0,6.0,6.0,0,0,0,0,0,0,0,0,0,0,1,0
650000000.0,650.0,10.0,10.0,0,1,1,0,1,1,0,1,1,0,1,0
150000000.0,280.0,4.0,3.0,0,0,0,0,1,0,0,0,1,0,1,0
70000000.0,250.0,6.0,5.0,0,0,0,1,0,0,0,0,0,1,0,1
30000000.0,200.0,4.0,3.0,0,0,0,0,0,0,0,0,0,0,1,0
480000000.0,600.0,7.0,7.0,0,1,1,1,1,0,0,1,1,0,1,0
30000000.0,200.0,4.0,3.0,0,0,0,0,0,0,0,0,0,1,0,0
250000000.0,560.0,8.0,5.0,0,0,1,1,1,0,0,0,1,0,1,0
190000000.0,350.0,5.0,2.0,1,0,1,1,1,0,0,0,1,0,1,0
700000000.0,1100.0,5.0,5.0,0,0,0,0,0,0,0,0,0,0,1,0
80000000.0,218.0,4.0,4.0,0,0,0,0,0,0,0,1,0,1,0,0
85000000.0,234.0,5.0,4.0,0,1,1,0,1,0,0,1,1,1,0,0
80000000.0,300.0,5.0,5.0,0,0,0,0,0,0,0,1,0,1,0,0
125000000.0,350.0,6.0,6.0,0,0,1,0,0,0,0,1,0,0,1,0
30000000.0,253.0,4.0,2.0,0,0,1,1,1,0,0,1,1,1,0,0
125000000.0,350.0,6.0,5.0,0,0,0,0,0,0,0,0,0,0,0,0
55000000.0,200.0,4.0,4.0,0,0,0,0,0,0,0,0,0,1,0,0
450000000.0,600.0,6.0,6.0,0,1,0,0,0,0,0,0,0,0,1,0
220000000.0,450.0,6.0,6.0,0,0,0,0,0,0,0,0,0,0,1,0
550000000.0,600.0,7.0,7.0,1,1,0,0,0,0,0,0,0,0,1,0
85000000.0,350.0,5.0,5.0,0,0,0,0,0,0,0,0,0,0,0,0
105000000.0,300.0,6.0,5.0,0,1,1,1,1,0,1,0,1,0,1,0
160000000.0,400.0,8.0,8.0,1,0,0,0,0,0,0,0,0,0,1,0
85000000.0,234.0,5.0,3.0,0,1,1,0,1,0,0,1,1,1,0,0
125000000.0,350.0,6.0,4.0,0,0,1,0,0,0,0,1,0,0,1,0
120000000.0,200.0,7.0,5.0,0,0,1,1,1,1,1,1,1,0,1,0
65000000.0,250.0,4.0,4.0,0,0,0,0,0,0,0,0,0,1,0,0
150000000.0,200.0,5.0,5.0,0,0,0,0,0,0,0,0,0,0,0,0
150000000.0,200.0,5.0,5.0,0,0,0,0,0,0,0,0,0,0,1,0
29000000.0,200.0,4.0,4.0,0,0,1,1,1,0,0,0,1,1,0,0
125000000.0,350.0,6.0,5.0,0,0,1,0,0,0,0,1,0,0,1,0
1750000000.0,1200.0,15.0,15.0,1,1,1,1,1,1,1,0,1,0,1,0
85000000.0,234.0,5.0,3.0,0,1,1,0,1,0,0,1,1,1,0,0
50000000.0,200.0,4.0,4.0,0,0,0,0,0,0,0,1,0,0,1,0
150000000.0,200.0,5.0,5.0,0,0,0,0,0,0,0,0,0,0,1,0
225000000.0,300.0,7.0,7.0,0,0,0,0,0,0,0,0,0,0,1,0
500000000.0,600.0,7.0,7.0,0,1,1,1,1,0,0,0,1,0,1,0
150000000.0,300.0,6.0,5.0,1,0,0,0,0,0,0,0,0,0,1,0
200000000.0,490.0,5.0,4.0,1,0,1,1,0,0,0,1,0,1,0,0
160000000.0,300.0,5.0,5.0,1,0,1,0,0,0,0,0,0,0,1,0
80000000.0,300.0,5.0,5.0,0,0,0,0,0,0,0,1,0,1,0,0
120000000.0,420.0,5.0,5.0,0,1,0,0,0,0,0,1,0,0,1,0
140000000.0,200.0,6.0,6.0,0,0,1,1,0,0,0,0,0,0,1,0
65000000.0,129.0,4.0,3.0,1,0,1,1,1,0,0,0,1,1,0,0
490000000.0,600.0,6.0,5.0,1,1,1,1,1,0,0,1,1,0,1,0
160000000.0,300.0,5.0,4.0,1,0,1,0,0,0,0,0,0,0,1,0
160000000.0,300.0,5.0,4.0,1,0,1,0,0,1,0,1,0,0,1,0
1300000000.0,2300.0,4.0,3.0,1,1,0,0,0,0,0,1,1,1,0,0
30000000.0,200.0,6.0,6.0,0,0,0,1,0,1,0,1,0,0,1,1
160000000.0,300.0,5.0,4.0,1,0,1,0,0,0,0,0,0,0,1,0
120000000.0,300.0,6.0,6.0,1,1,1,1,0,0,0,0,0,0,1,0
850000000.0,1160.0,6.0,6.0,1,1,1,0,0,0,0,0,0,0,1,0
125000000.0,250.0,7.0,7.0,0,0,1,1,0,0,0,1,0,0,0,1
600000000.0,635.0,5.0,5.0,0,0,0,0,0,0,0,0,0,0,1,0
80000000.0,300.0,5.0,5.0,0,0,0,0,0,0,0,1,0,1,0,0
55000000.0,250.0,4.0,4.0,0,0,1,1,1,0,0,0,1,1,0,0
60000000.0,200.0,3.0,3.0,0,0,0,0,0,0,0,1,0,1,0,0
28000000.0,200.0,4.0,4.0,0,0,0,1,0,0,0,0,0,1,0,0
850000000.0,1000.0,11.0,11.0,0,0,0,0,0,0,0,0,0,0,1,0
850000000.0,1200.0,6.0,6.0,1,1,1,0,0,0,0,0,0,0,1,0
120000000.0,300.0,5.0,5.0,0,0,1,1,1,1,0,1,1,1,0,0
880000000.0,919.0,6.0,6.0,1,1,1,0,1,1,0,1,1,0,1,0
130000000.0,300.0,4.0,4.0,0,0,1,0,1,0,0,0,1,1,0,0
280000000.0,430.0,7.0,7.0,1,0,1,0,1,0,0,1,1,0,1,0
600000000.0,603.0,5.0,4.0,1,1,1,1,0,0,0,0,0,1,0,0
295000000.0,350.0,6.0,5.0,1,0,1,1,1,0,1,1,1,0,1,0
80000000.0,300.0,5.0,5.0,0,0,0,0,0,0,0,1,0,1,0,0
120000000.0,200.0,7.0,6.0,0,0,1,1,1,0,1,1,1,0,1,0
350000000.0,350.0,7.0,6.0,0,1,0,0,1,1,0,1,1,0,1,0
140000000.0,365.0,6.0,4.0,1,0,1,1,0,0,0,1,0,1,0,0
130000000.0,320.0,6.0,4.0,1,0,0,1,0,0,0,1,0,0,1,0
275000000.0,400.0,6.0,5.0,1,0,0,1,1,1,0,1,1,0,1,0
650000000.0,775.0,10.0,8.0,0,1,0,0,0,0,0,1,0,0,1,0
80000000.0,600.0,6.0,5.0,0,0,1,1,0,0,0,1,0,1,0,0
400000000.0,600.0,5.0,4.0,1,0,1,1,1,0,0,1,1,1,0,0
300000000.0,350.0,5.0,6.0,1,0,1,0,1,0,0,1,1,0,1,0
400000000.0,600.0,9.0,6.0,1,0,1,0,0,1,0,1,0,0,1,0
1100000000.0,1200.0,15.0,7.0,1,1,1,1,1,1,0,0,1,0,1,1
165000000.0,350.0,4.0,2.0,0,0,1,0,0,0,0,1,0,1,0,0
120000000.0,320.0,6.0,5.0,1,0,1,1,1,0,0,1,1,0,1,0
1500000000.0,1200.0,22.0,20.0,1,1,1,0,0,0,0,0,0,0,0,0
220000000.0,250.0,6.0,5.0,1,0,1,0,1,0,0,1,1,0,1,0
850000000.0,1200.0,6.0,6.0,1,1,1,0,0,0,0,0,0,0,1,0
320000000.0,623.0,10.0,8.0,0,1,0,1,1,0,0,0,1,0,0,0
140000000.0,200.0,7.0,5.0,0,0,1,0,0,0,0,0,0,0,0,1
850000000.0,1200.0,7.0,6.0,1,1,0,0,0,0,0,0,0,0,1,0
130000000.0,300.0,5.0,4.0,0,0,0,0,0,0,0,0,0,0,1,0
14500000.0,116.0,3.0,3.0,0,0,0,0,0,0,0,0,0,1,0,0
850000000.0,1200.0,6.0,4.0,1,1,1,0,0,0,0,0,0,0,1,0
400000000.0,300.0,8.0,7.0,0,1,1,0,1,0,0,0,1,0,1,0
285000000.0,400.0,8.0,6.0,0,1,0,1,1,1,0,0,1,0,0,1
120000000.0,200.0,8.0,8.0,0,0,1,1,0,0,0,1,0,0,0,1
300000000.0,350.0,5.0,5.0,1,0,1,0,0,0,0,1,0,0,1,0
140000000.0,120.0,4.0,4.0,0,0,0,0,0,1,0,0,0,0,1,0
850000000.0,1200.0,6.0,5.0,1,1,1,0,0,0,0,0,0,0,1,0
190000000.0,2500.0,4.0,4.0,1,1,0,1,1,0,0,0,1,1,0,0
350000000.0,350.0,7.0,3.0,1,1,1,0,1,0,0,0,1,0,1,0
30000000.0,300.0,5.0,5.0,0,0,1,1,0,0,0,0,0,0,0,0
450000000.0,300.0,6.0,2.0,1,1,1,1,1,0,0,0,1,0,1,0
320000000.0,400.0,6.0,6.0,0,0,0,0,0,0,0,1,0,0,1,0
80000000.0,300.0,4.0,4.0,0,0,1,1,1,1,0,1,1,0,1,0
130000000.0,300.0,5.0,5.0,0,0,1,0,1,1,0,1,1,0,1,0
65000000.0,230.0,4.0,2.0,0,0,1,1,0,0,0,0,0,0,1,0
200000000.0,250.0,5.0,3.0,0,1,1,1,1,1,1,0,1,0,0,1
450000000.0,430.0,8.0,4.0,0,1,0,0,1,0,0,1,1,0,1,0
340000000.0,500.0,8.0,4.0,1,1,1,1,1,0,0,0,1,0,1,0
1200000000.0,1200.0,10.0,8.0,1,1,1,0,1,0,0,0,1,0,1,0
180000000.0,255.0,5.0,5.0,1,1,1,0,0,0,0,0,0,0,1,0
310000000.0,654.0,6.0,5.0,1,1,1,1,1,0,0,1,1,1,0,0
250000000.0,500.0,5.0,5.0,0,1,1,0,1,0,0,0,1,0,1,0
170000000.0,228.0,5.0,5.0,0,0,0,0,0,0,0,1,0,0,0,0
540000000.0,617.0,8.0,8.0,0,0,1,0,1,1,0,1,1,0,1,0
250000000.0,380.0,5.0,5.0,0,0,0,1,0,0,0,1,0,1,0,0
150000000.0,300.0,4.0,3.0,1,0,0,0,1,1,0,1,1,0,1,0
180000000.0,300.0,6.0,6.0,1,1,1,1,1,1,1,0,1,0,0,1
150000000.0,236.0,11.0,11.0,0,0,1,1,1,0,0,1,1,0,1,0
280000000.0,611.0,8.0,6.0,1,0,1,1,0,0,0,1,0,0,1,0
160000000.0,230.0,5.0,5.0,0,0,1,0,1,1,0,1,1,0,1,0
75000000.0,400.0,5.0,5.0,0,0,1,1,0,0,0,0,0,0,1,0
130000000.0,250.0,5.0,4.0,1,0,1,0,0,0,0,1,0,0,1,0
950000000.0,2000.0,8.0,8.0,1,0,1,0,0,0,0,0,0,0,1,0
320000000.0,300.0,5.0,5.0,0,1,1,0,1,1,0,1,1,0,1,0
55000000.0,250.0,4.0,3.0,0,0,1,0,1,0,0,0,1,1,0,0
120000000.0,500.0,10.0,10.0,0,0,0,0,0,0,0,0,0,0,1,0
150000000.0,400.0,5.0,3.0,1,0,0,1,0,0,0,1,0,1,0,0
140000000.0,350.0,4.0,3.0,0,1,0,0,1,0,0,0,1,0,0,0
120000000.0,500.0,5.0,7.0,0,0,0,1,1,0,0,0,1,0,1,0
250000000.0,400.0,6.0,5.0,0,1,1,0,0,0,0,1,0,0,1,0
210000000.0,230.0,5.0,4.0,0,1,1,1,1,0,0,0,1,0,0,1
150000000.0,520.0,10.0,9.0,0,0,0,1,0,0,0,0,0,0,0,0
230000000.0,306.0,6.0,6.0,1,0,1,1,1,1,0,0,1,0,1,0
150000000.0,300.0,8.0,3.0,0,0,1,1,0,0,0,1,0,1,0,0
35000000.0,200.0,4.0,3.0,0,0,1,0,0,0,0,0,0,0,0,1
140000000.0,300.0,4.0,4.0,1,0,1,1,0,0,0,1,0,0,1,0
115000000.0,500.0,3.0,2.0,0,0,0,0,0,0,0,1,0,0,0,0
140000000.0,231.0,4.0,4.0,0,0,1,1,0,0,0,1,0,1,0,0
250000000.0,306.0,6.0,5.0,1,0,1,1,1,1,0,1,1,0,1,0
250000000.0,300.0,6.0,5.0,1,0,1,1,1,0,0,1,1,0,0,1
780000000.0,988.0,7.0,5.0,1,1,0,0,0,0,0,1,0,0,1,0
180000000.0,400.0,6.0,4.0,1,0,1,1,0,0,0,1,0,1,0,0
70000000.0,200.0,5.0,4.0,0,0,0,0,0,0,0,0,0,0,1,0
120000000.0,350.0,4.0,3.0,0,0,0,0,0,0,0,0,0,0,1,0
115000000.0,200.0,5.0,5.0,0,0,0,0,1,0,0,0,1,0,1,0
250000000.0,850.0,14.0,13.0,0,0,0,1,1,0,0,0,1,0,1,0
45000000.0,200.0,4.0,4.0,0,0,0,0,0,0,0,0,0,0,1,0
270000000.0,350.0,6.0,6.0,1,1,1,0,1,0,0,1,1,0,1,0
350000000.0,750.0,7.0,5.0,1,0,1,1,1,0,0,0,1,1,0,0
230000000.0,250.0,7.0,6.0,1,0,1,1,0,1,0,1,0,0,1,0
320000000.0,400.0,6.0,5.0,0,0,0,0,0,0,0,1,0,0,1,0
250000000.0,400.0,6.0,5.0,1,0,1,1,1,1,0,1,1,0,1,0
165000000.0,300.0,6.0,4.0,0,1,1,0,0,0,0,1,0,0,1,0
60000000.0,300.0,4.0,4.0,1,0,1,0,0,0,0,1,0,0,0,0
97000000.0,300.0,7.0,5.0,0,0,1,0,1,0,0,1,1,0,1,0
55000000.0,230.0,5.0,4.0,0,0,0,0,0,0,0,1,0,1,0,0
55000000.0,230.0,5.0,4.0,0,0,0,0,0,0,0,1,0,1,0,0
200000000.0,300.0,6.0,5.0,0,1,1,0,0,0,0,1,0,0,1,0
40000000.0,150.0,3.0,3.0,0,0,0,0,0,0,0,0,0,0,0,0
110000000.0,200.0,5.0,5.0,0,0,1,0,0,0,0,0,0,0,0,1
180000000.0,300.0,4.0,3.0,1,0,1,0,1,0,0,1,1,0,1,0
150000000.0,825.0,4.0,3.0,0,0,0,0,0,0,0,1,0,1,0,0
320000000.0,548.0,5.0,5.0,1,1,1,1,0,0,0,1,1,1,0,0
85000000.0,400.0,5.0,6.0,0,0,0,0,0,1,0,1,0,0,1,0
60000000.0,200.0,4.0,4.0,0,0,0,0,0,0,0,1,0,0,0,0
750000000.0,1000.0,11.0,9.0,1,0,0,1,0,0,0,1,0,0,1,0
85000000.0,200.0,6.0,6.0,0,0,0,0,0,0,0,1,0,0,1,0
55000000.0,300.0,5.0,4.0,0,0,0,0,0,0,0,1,0,0,0,0
55000000.0,250.0,5.0,4.0,1,0,0,0,0,0,0,1,0,1,0,0
1500000000.0,740.0,14.0,6.0,0,1,1,0,1,1,0,1,1,0,1,0
500000000.0,690.0,7.0,5.0,1,0,1,1,1,0,0,1,1,0,1,0
140000000.0,200.0,4.0,3.0,0,1,1,1,1,1,1,1,1,0,1,0
65000000.0,250.0,4.0,3.0,1,0,1,0,0,1,0,1,0,1,0,0
80000000.0,400.0,8.0,4.0,0,1,0,0,0,0,0,1,0,0,0,1
1250000000.0,984.0,4.0,3.0,0,0,0,0,0,0,0,1,0,0,0,0
2000000000.0,1500.0,9.0,7.0,1,1,0,0,0,1,0,1,1,0,1,0
150000000.0,400.0,6.0,6.0,0,0,0,0,0,0,0,1,0,1,0,0
120000000.0,960.0,12.0,6.0,0,0,1,1,1,1,0,1,1,0,1,0
97000000.0,300.0,7.0,4.0,0,0,1,0,1,0,0,1,1,0,1,0
180000000.0,500.0,6.0,5.0,0,0,0,0,0,0,0,1,0,0,1,0
900000000.0,1200.0,7.0,8.0,1,0,1,0,0,0,0,0,0,1,0,0
120000000.0,960.0,12.0,8.0,0,0,1,1,1,1,0,1,1,0,1,0
220000000.0,400.0,6.0,4.0,1,1,1,1,0,1,0,1,1,0,1,0
130000000.0,350.0,5.0,3.0,0,0,1,0,1,0,0,1,1,1,0,0
1600000000.0,2500.0,10.0,8.0,1,1,1,0,0,0,0,0,0,0,1,0
45000000.0,250.0,4.0,3.0,0,0,0,0,0,0,0,1,0,0,1,0
300000000.0,400.0,6.0,5.0,1,0,1,0,0,0,0,0,0,0,1,0
300000000.0,548.0,5.0,4.0,1,1,1,1,0,0,0,0,1,1,0,0
300000000.0,400.0,6.0,6.0,1,0,1,0,0,0,0,0,0,0,1,0
800000000.0,450.0,5.0,4.0,0,1,0,0,0,0,0,1,1,0,1,0
205000000.0,400.0,5.0,4.0,0,0,0,1,0,1,0,1,0,0,1,0
150000000.0,400.0,6.0,5.0,0,0,0,0,0,0,0,1,0,1,0,0
400000000.0,600.0,12.0,8.0,0,0,0,1,1,0,1,1,1,0,1,0
80000000.0,250.0,7.0,5.0,0,0,0,0,1,1,0,0,1,0,1,0
1600000000.0,2500.0,10.0,7.0,1,1,1,0,0,0,0,0,0,0,1,0
190000000.0,230.0,5.0,5.0,0,1,1,1,0,0,0,0,0,0,0,1
1600000000.0,2500.0,10.0,10.0,1,1,1,0,0,0,0,0,0,0,1,0
25000000.0,200.0,3.0,2.0,0,0,0,0,0,0,0,0,0,1,0,0
85000000.0,200.0,5.0,4.0,0,0,1,0,0,0,0,1,0,0,1,0
110000000.0,210.0,6.0,6.0,0,0,1,1,0,0,0,1,0,0,1,0
190000000.0,230.0,5.0,5.0,0,1,1,1,0,0,0,0,0,0,0,1
190000000.0,320.0,5.0,3.0,1,0,1,1,1,0,0,0,1,0,1,0
140000000.0,400.0,4.0,4.0,1,0,1,1,0,0,0,1,0,0,1,0
25000000.0,150.0,3.0,3.0,0,0,0,1,0,0,0,0,0,1,0,0
25000000.0,200.0,3.0,2.0,0,0,1,1,0,0,0,1,0,1,0,0
320000000.0,400.0,6.0,5.0,1,0,0,0,0,0,0,1,0,0,1,0
80000000.0,300.0,5.0,4.0,0,0,1,1,0,0,0,1,0,0,1,0
55000000.0,150.0,6.0,3.0,0,0,0,1,0,0,1,0,0,0,0,1
90000000.0,400.0,5.0,4.0,0,0,0,0,0,1,0,1,0,0,1,0
95000000.0,250.0,5.0,5.0,0,0,0,0,0,0,0,0,0,0,1,0
135000000.0,200.0,8.0,6.0,1,0,1,1,0,0,0,1,0,0,1,0
110000000.0,200.0,5.0,4.0,0,0,1,0,1,0,0,0,1,0,1,0
1000000000.0,850.0,7.0,4.0,1,1,1,1,1,1,0,0,1,0,0,0
260000000.0,447.0,4.0,4.0,1,0,0,1,1,0,0,1,1,0,1,0
130000000.0,300.0,6.0,5.0,0,1,0,1,0,0,0,0,0,0,0,0
260000000.0,400.0,7.0,5.0,1,1,1,0,1,1,0,0,1,0,1,0
160000000.0,382.0,4.0,4.0,0,0,0,0,0,0,0,1,0,1,0,0
75000000.0,200.0,4.0,4.0,0,0,0,1,0,0,0,1,0,0,1,0
150000000.0,380.0,7.0,6.0,0,0,1,1,0,0,0,0,0,0,1,0
1300000000.0,1000.0,4.0,3.0,0,1,0,0,0,0,0,0,0,0,0,0
1500000000.0,1200.0,17.0,17.0,1,1,1,0,0,0,0,0,0,0,0,1
730000000.0,800.0,5.0,5.0,1,1,1,1,1,0,0,0,1,0,1,0
65000000.0,250.0,5.0,4.0,1,0,1,1,0,0,0,1,0,1,0,0
160000000.0,300.0,5.0,5.0,1,0,1,0,1,1,0,0,1,0,1,0
65000000.0,384.0,4.0,3.0,0,0,0,0,0,0,0,1,0,0,0,0
550000000.0,700.0,6.0,6.0,1,1,1,1,0,0,0,0,0,1,0,0
1000000000.0,850.0,7.0,6.0,1,1,0,1,1,0,0,0,1,0,1,0
360000000.0,600.0,6.0,5.0,1,0,0,1,1,0,0,0,1,0,1,0
270000000.0,350.0,6.0,6.0,1,1,1,0,1,0,0,1,1,0,1,0
60000000.0,307.0,4.0,5.0,1,0,1,1,1,0,0,0,1,0,0,0
250000000.0,306.0,6.0,5.0,1,0,1,1,1,1,0,0,1,0,1,0
180000000.0,400.0,5.0,4.0,1,0,0,0,0,0,0,0,0,0,1,0
170000000.0,220.0,8.0,9.0,1,0,0,0,1,0,0,0,1,0,1,0
170000000.0,400.0,4.0,4.0,0,1,1,0,0,0,0,1,0,1,0,0
340000000.0,400.0,8.0,6.0,0,1,1,0,1,0,0,0,1,0,1,0
190000000.0,320.0,5.0,4.0,1,0,1,1,1,0,0,0,1,0,1,0
215000000.0,317.0,7.0,7.0,1,0,1,1,1,1,1,1,1,0,1,0
250000000.0,350.0,8.0,8.0,0,0,1,0,1,0,0,1,1,0,1,0
250000000.0,339.0,5.0,5.0,1,0,0,0,0,0,0,0,0,1,0,0
800000000.0,800.0,7.0,7.0,0,1,0,0,0,0,0,1,0,0,1,0
1700000000.0,1300.0,7.0,6.0,0,1,1,0,0,0,1,0,0,0,1,0
190000000.0,300.0,7.0,5.0,1,0,1,0,0,0,0,0,0,0,1,0
70000000.0,225.0,7.0,5.0,1,0,1,1,1,0,1,1,1,0,1,0
215000000.0,350.0,7.0,6.0,0,0,1,0,1,0,1,0,1,0,1,0
170000000.0,300.0,5.0,3.0,1,0,1,0,1,1,0,0,1,0,1,0
650000000.0,1186.0,6.0,5.0,0,1,0,0,0,0,0,0,0,0,1,0
270000000.0,457.0,6.0,4.0,1,1,1,1,1,0,0,0,1,0,0,1
400000000.0,600.0,5.0,4.0,1,0,1,0,0,0,0,1,0,1,0,0
300000000.0,640.0,9.0,8.0,0,0,0,0,0,0,0,0,0,0,1,0
170000000.0,400.0,7.0,6.0,1,0,1,0,1,0,0,1,1,0,1,0
250000000.0,339.0,5.0,5.0,1,0,0,0,0,0,0,0,0,1,0,0
180000000.0,500.0,6.0,5.0,0,0,0,0,0,0,0,1,0,0,1,0
450000000.0,500.0,7.0,6.0,0,0,0,0,0,0,0,1,0,0,1,0
350000000.0,400.0,5.0,4.0,1,1,1,1,0,0,0,0,0,0,1,0
270000000.0,400.0,7.0,9.0,1,1,1,0,1,1,0,0,1,0,1,0
160000000.0,250.0,5.0,5.0,1,0,1,0,1,0,1,0,1,0,1,0
120000000.0,350.0,7.0,6.0,0,0,1,1,0,0,0,1,0,1,0,0
270000000.0,350.0,6.0,5.0,1,1,1,0,1,0,0,1,1,0,1,0
65000000.0,300.0,3.0,3.0,0,0,0,0,0,0,0,0,0,0,0,0
1500000000.0,3000.0,20.0,16.0,1,1,0,0,0,0,0,0,0,0,0,0
80000000.0,240.0,8.0,5.0,0,0,1,1,1,0,1,0,1,0,1,0
185000000.0,400.0,4.0,4.0,0,0,0,0,0,0,0,0,0,0,1,0
325000000.0,700.0,8.0,8.0,1,1,1,0,0,0,0,0,0,0,1,0
75000000.0,200.0,4.0,4.0,0,0,1,1,0,0,0,0,0,0,1,0
75000000.0,200.0,4.0,4.0,0,0,1,1,0,0,0,0,0,0,1,0
75000000.0,200.0,4.0,3.0,0,0,1,1,1,0,0,0,1,0,1,0
175000000.0,320.0,5.0,4.0,1,0,1,1,1,0,0,0,1,0,1,0
1000000000.0,1000.0,10.0,8.0,1,1,0,1,1,0,0,1,1,0,0,1
90000000.0,400.0,5.0,5.0,0,0,0,0,0,0,0,0,0,0,1,0
90000000.0,400.0,6.0,5.0,0,0,0,0,0,0,0,0,0,0,1,0
75000000.0,20.0,4.0,1.0,0,0,1,1,0,0,0,0,0,0,1,0
450000000.0,700.0,8.0,10.0,1,1,1,0,1,0,1,0,1,0,1,0
130000000.0,300.0,10.0,8.0,0,0,0,0,0,0,0,0,0,0,1,0
200000000.0,300.0,4.0,1.0,0,0,0,1,0,0,0,0,0,1,0,0
200000000.0,250.0,7.0,6.0,0,0,0,0,0,0,0,0,0,0,0,1
250000000.0,450.0,6.0,5.0,1,1,1,0,1,1,0,1,1,0,1,0
85000000.0,400.0,5.0,3.0,0,0,1,1,1,0,0,1,1,0,1,0
100000000.0,350.0,6.0,4.0,0,0,0,0,0,0,0,0,0,0,1,0
55000000.0,250.0,4.0,3.0,0,0,1,1,0,0,0,0,0,1,0,0
150000000.0,300.0,6.0,5.0,0,1,0,0,0,0,0,1,0,0,1,0
165000000.0,450.0,10.0,1.0,0,0,1,1,1,0,0,1,1,1,0,0
100000000.0,210.0,6.0,4.0,0,0,0,0,0,0,0,1,0,0,1,0
250000000.0,306.0,5.0,5.0,1,0,1,1,1,1,0,1,1,0,1,0
270000000.0,350.0,6.0,5.0,1,0,0,1,1,0,0,1,1,0,1,0
130000000.0,300.0,5.0,3.0,0,0,1,1,0,0,0,1,0,0,1,0
190000000.0,350.0,8.0,5.0,0,0,1,0,0,1,0,1,0,0,1,0
320000000.0,400.0,6.0,4.0,0,0,0,0,0,0,0,1,0,0,1,0
350000000.0,750.0,6.0,4.0,1,0,1,0,1,0,0,1,1,0,1,0
500000000.0,920.0,10.0,7.0,0,0,1,0,1,0,0,0,1,0,1,0
130000000.0,300.0,5.0,4.0,0,0,1,1,0,0,0,1,0,0,1,0
160000000.0,300.0,5.0,5.0,1,0,0,0,0,0,0,0,0,0,1,0
270000000.0,350.0,6.0,6.0,1,0,0,1,1,0,0,1,1,0,1,0
65000000.0,300.0,3.0,3.0,0,0,1,1,0,0,0,1,0,1,0,0
75000000.0,400.0,5.0,4.0,1,1,1,1,1,0,0,1,1,0,1,0
68000000.0,300.0,3.0,2.0,1,0,1,1,0,0,0,1,0,1,0,0
300000000.0,400.0,7.0,5.0,1,0,1,0,0,0,0,1,0,0,1,0
150000000.0,200.0,5.0,4.0,0,0,1,1,1,0,1,1,1,0,1,0
175000000.0,400.0,6.0,7.0,0,1,0,0,0,1,0,1,0,0,0,0
800000000.0,800.0,7.0,4.0,0,1,0,1,1,0,0,1,1,0,1,0
800000000.0,800.0,7.0,4.0,0,1,0,1,1,0,0,1,1,0,1,0
450000000.0,1043.0,9.0,10.0,1,0,0,0,0,0,0,1,0,0,1,0
450000000.0,500.0,6.0,4.0,1,1,1,1,1,0,0,1,1,0,1,0
110000000.0,210.0,6.0,5.0,0,0,1,1,0,1,0,1,0,0,1,0
95000000.0,200.0,5.0,4.0,1,0,1,1,1,0,1,1,1,0,1,0
1250000000.0,935.0,8.0,4.0,0,0,1,0,0,0,0,1,0,0,1,0
60000000.0,350.0,7.0,5.0,0,0,0,0,0,0,0,1,0,0,1,0
160000000.0,1.0,6.0,5.0,1,0,1,1,1,0,0,0,1,0,1,0
250000000.0,400.0,6.0,5.0,1,0,0,1,1,1,0,1,1,0,1,0
90000000.0,500.0,5.0,5.0,1,0,1,1,0,0,0,1,0,0,1,0
760000000.0,800.0,7.0,7.0,0,1,0,1,1,0,0,1,1,0,1,0
40000000.0,600.0,5.0,3.0,0,0,1,1,0,0,0,0,0,0,0,0
165000000.0,300.0,5.0,5.0,0,1,0,0,0,0,1,0,0,0,1,0
120000000.0,960.0,6.0,6.0,0,0,0,0,0,0,0,1,0,0,1,0
215000000.0,510.0,5.0,5.0,1,1,0,1,1,0,1,0,1,0,1,0
60000000.0,400.0,4.0,4.0,0,1,1,1,1,0,1,1,1,0,1,0
160000000.0,300.0,6.0,6.0,1,0,1,0,0,0,0,0,1,0,1,0
1400000000.0,740.0,14.0,8.0,1,1,1,1,1,1,0,1,1,0,1,0
800000000.0,900.0,5.0,3.0,0,0,0,0,0,0,0,1,0,0,0,0
300000000.0,400.0,6.0,6.0,1,0,1,0,0,0,0,0,0,0,1,0
75000000.0,250.0,4.0,3.0,0,0,0,1,0,0,0,1,0,0,0,0
165000000.0,310.0,13.0,7.0,0,0,0,0,0,0,0,0,0,0,0,1
1500000000.0,673.0,6.0,5.0,1,1,1,1,1,0,0,0,1,1,0,0
250000000.0,400.0,7.0,6.0,1,1,1,0,1,1,0,0,1,0,1,0
350000000.0,250.0,7.0,5.0,0,1,1,1,0,0,0,1,0,0,1,0
130000000.0,300.0,12.0,7.0,0,0,1,1,1,0,0,0,1,0,1,0
35000000.0,150.0,3.0,2.0,0,0,0,1,1,0,0,0,1,1,0,0
32000000.0,200.0,3.0,3.0,0,0,1,0,0,0,0,0,0,1,0,0
100000000.0,175.0,4.0,3.0,0,0,1,0,1,0,1,0,1,0,1,0
200000000.0,325.0,5.0,4.0,1,1,1,0,1,1,0,0,1,0,1,0
450000000.0,500.0,7.0,7.0,0,1,0,1,0,0,0,1,0,0,1,0
210000000.0,230.0,5.0,5.0,0,1,1,1,1,0,0,0,1,1,0,1
65000000.0,225.0,7.0,5.0,1,0,1,1,1,0,1,1,1,0,1,0
160000000.0,330.0,6.0,6.0,0,0,0,0,0,0,0,0,0,0,1,0
150000000.0,350.0,4.0,5.0,0,1,1,0,1,1,0,1,1,1,0,0
120000000.0,200.0,6.0,6.0,0,0,1,1,1,0,0,1,1,0,1,0
110000000.0,400.0,7.0,6.0,0,0,0,1,0,0,1,1,0,0,1,0
140000000.0,200.0,5.0,5.0,0,0,1,0,0,0,0,0,0,0,1,0
110000000.0,200.0,5.0,5.0,0,0,0,0,0,0,0,0,0,0,1,0
700000000.0,789.0,6.0,8.0,0,0,0,0,0,0,0,0,0,0,1,0
130000000.0,380.0,5.0,3.0,0,0,1,1,0,0,1,1,0,0,1,0
190000000.0,325.0,5.0,6.0,1,1,1,1,1,1,0,1,1,0,1,0
55000000.0,250.0,4.0,5.0,1,0,0,0,0,0,0,1,0,1,0,0
160000000.0,200.0,6.0,6.0,0,0,1,0,1,0,1,0,1,0,1,0
115000000.0,380.0,5.0,4.0,0,0,0,0,0,1,0,1,0,0,1,0
160000000.0,320.0,5.0,3.0,1,0,1,1,1,0,0,1,1,0,1,0
485000000.0,700.0,5.0,5.0,0,1,0,0,0,0,0,0,0,0,1,0
350000000.0,400.0,8.0,8.0,0,0,1,0,1,0,0,1,1,0,1,0
210000000.0,250.0,5.0,5.0,0,1,0,1,1,0,0,0,1,0,0,1
500000000.0,1050.0,14.0,10.0,1,0,1,1,1,0,1,1,1,0,1,0
230000000.0,485.0,6.0,5.0,0,0,1,0,0,0,0,0,0,0,0,1
230000000.0,300.0,7.0,4.0,1,1,1,1,1,1,1,0,1,0,1,0
175000000.0,320.0,5.0,4.0,1,0,1,1,1,0,0,1,1,0,1,0
65000000.0,370.0,4.0,3.0,0,0,1,1,1,0,0,0,1,1,0,0
100000000.0,500.0,12.0,6.0,0,0,0,0,1,0,0,0,1,1,0,0
50000000.0,200.0,4.0,3.0,0,0,1,1,1,0,0,0,1,1,0,0
1500000000.0,5000.0,5.0,5.0,0,1,0,0,0,0,0,0,1,0,1,0
250000000.0,306.0,6.0,7.0,1,0,1,1,1,1,0,0,1,0,1,0
1850000000.0,1500.0,11.0,7.0,1,1,1,0,0,0,0,0,0,0,1,0
340000000.0,400.0,6.0,4.0,0,1,1,1,0,0,0,1,0,0,1,0
270000000.0,397.0,9.0,8.0,0,1,1,1,1,0,0,0,1,0,1,0
260000000.0,400.0,5.0,4.0,1,0,1,1,1,0,0,0,1,1,0,0
350000000.0,250.0,7.0,5.0,0,1,1,1,0,0,0,1,0,0,1,0
160000000.0,200.0,6.0,5.0,0,0,1,1,1,0,1,0,1,0,1,0
250000000.0,400.0,5.0,6.0,1,0,1,1,1,0,0,0,1,0,1,0
1500000000.0,3254.0,14.0,15.0,0,1,1,0,0,0,0,1,0,0,1,0
140000000.0,320.0,4.0,3.0,1,0,0,0,0,1,0,1,0,0,1,0
200000000.0,250.0,7.0,5.0,0,0,1,0,1,0,0,0,1,0,1,0
340000000.0,203.0,6.0,6.0,0,1,1,1,1,0,0,0,1,0,0,1
350000000.0,1200.0,15.0,15.0,1,0,1,1,1,0,0,0,1,1,0,1
190000000.0,500.0,7.0,6.0,1,0,1,0,0,1,0,1,0,0,1,0
580000000.0,640.0,6.0,5.0,1,1,1,0,1,1,0,0,1,0,1,0
300000000.0,660.0,7.0,7.0,1,0,0,1,1,0,0,0,1,0,1,0
140000000.0,400.0,5.0,5.0,0,0,1,1,1,0,1,0,1,0,1,0
165000000.0,210.0,6.0,4.0,0,0,0,1,1,0,1,1,1,0,1,0
50000000.0,200.0,3.0,3.0,0,0,0,0,0,1,0,1,0,1,0,0
140000000.0,400.0,5.0,5.0,0,0,1,1,1,0,1,1,1,0,1,0
40000000.0,200.0,4.0,4.0,0,0,0,1,1,0,0,1,1,1,0,0
200000000.0,300.0,4.0,4.0,1,0,1,1,0,0,0,1,0,1,0,0
45000000.0,140.0,3.0,3.0,0,0,1,1,0,0,0,1,0,1,0,0
300000000.0,660.0,7.0,7.0,1,0,0,1,1,0,0,1,1,0,1,0
300000000.0,660.0,7.0,7.0,1,0,0,1,1,0,0,1,1,0,1,0
60000000.0,170.0,3.0,3.0,0,0,0,0,0,1,0,1,0,0,0,0
110000000.0,250.0,6.0,3.0,0,0,1,1,0,0,0,1,0,1,0,0
310000000.0,400.0,6.0,4.0,1,0,1,1,0,0,0,1,0,0,0,0
350000000.0,500.0,8.0,7.0,1,1,1,0,1,0,0,1,1,0,1,0
65000000.0,300.0,5.0,5.0,0,0,1,1,0,0,0,1,0,0,1,0
30000000.0,200.0,4.0,4.0,0,0,1,1,0,0,0,1,0,0,0,0
70000000.0,400.0,6.0,6.0,0,0,0,1,0,0,0,1,0,1,0,1
350000000.0,300.0,7.0,4.0,0,1,1,0,1,0,0,1,1,0,0,1
70000000.0,350.0,5.0,5.0,0,0,0,1,0,0,0,0,0,1,0,1
75000000.0,300.0,4.0,4.0,0,0,0,0,0,0,0,1,0,1,0,0
900000000.0,639.0,7.0,5.0,0,0,0,0,0,0,0,0,0,0,0,0
65000000.0,300.0,5.0,5.0,0,0,1,1,0,0,0,0,0,0,1,0
110000000.0,250.0,6.0,5.0,0,0,1,1,0,0,0,1,0,1,0,0
250000000.0,500.0,7.0,4.0,0,0,0,0,0,0,0,1,0,0,1,0
60000000.0,180.0,4.0,3.0,0,0,1,1,1,0,0,1,1,1,0,0
200000000.0,850.0,6.0,7.0,0,0,0,0,0,0,0,0,0,0,1,0
140000000.0,300.0,4.0,6.0,0,0,0,0,0,0,0,1,0,1,0,0
275000000.0,450.0,7.0,7.0,0,0,0,0,0,0,0,0,0,0,1,0
250000000.0,300.0,7.0,7.0,0,0,1,1,1,1,0,1,1,0,1,0
65000000.0,300.0,5.0,5.0,0,0,1,1,0,0,0,0,0,0,1,0
30000000.0,200.0,4.0,4.0,0,0,1,1,0,0,0,1,0,0,0,0
190000000.0,350.0,6.0,5.0,0,0,1,1,1,0,0,0,1,0,1,0
70000000.0,350.0,6.0,6.0,0,0,0,1,0,0,0,0,0,1,0,1
200000000.0,320.0,4.0,3.0,0,0,0,0,0,0,0,0,0,1,0,0
70000000.0,400.0,6.0,6.0,0,0,0,1,0,0,0,0,0,1,0,1
70000000.0,400.0,6.0,6.0,0,0,0,1,0,0,0,0,0,1,0,1
65000000.0,300.0,5.0,5.0,0,0,1,1,0,0,0,0,0,0,1,0
30000000.0,200.0,4.0,4.0,0,0,1,1,0,0,0,1,0,0,0,0
70000000.0,400.0,6.0,6.0,0,0,0,1,0,0,0,0,0,1,0,1
65000000.0,400.0,5.0,5.0,0,0,1,1,0,0,0,0,0,0,1,0
75000000.0,200.0,4.0,4.0,0,0,0,0,0,0,0,1,0,1,0,0
200000000.0,330.0,5.0,3.0,0,0,1,0,0,0,0,0,0,0,1,0
30000000.0,200.0,4.0,4.0,0,0,1,1,0,0,0,1,0,0,0,0
70000000.0,400.0,6.0,6.0,0,0,0,1,0,0,0,0,0,1,0,1
65000000.0,400.0,5.0,5.0,0,0,1,1,0,0,0,0,0,0,1,0
60000000.0,200.0,4.0,4.0,0,0,1,1,1,0,0,0,1,1,0,0
70000000.0,400.0,6.0,6.0,0,0,0,1,0,0,0,0,0,1,0,1
30000000.0,200.0,4.0,4.0,0,0,1,1,0,0,0,1,0,0,0,0
65000000.0,350.0,5.0,5.0,0,0,1,1,0,0,0,0,0,0,1,0
70000000.0,400.0,6.0,6.0,0,0,0,1,0,0,0,0,0,1,0,1
300000000.0,600.0,7.0,7.0,0,0,1,0,0,0,0,0,0,0,1,0
30000000.0,200.0,4.0,4.0,0,0,1,1,0,0,0,1,0,0,0,0
65000000.0,300.0,5.0,5.0,0,0,1,1,0,0,0,0,0,0,1,0
160000000.0,450.0,4.0,4.0,1,0,1,0,0,1,0,1,0,0,1,0
450000000.0,400.0,5.0,3.0,0,0,0,0,0,0,0,0,0,0,0,0
70000000.0,400.0,6.0,6.0,0,0,0,1,0,0,0,0,0,1,0,1
75000000.0,200.0,8.0,9.0,0,0,1,0,0,0,0,0,0,0,1,0
30000000.0,200.0,4.0,4.0,0,0,1,1,0,0,0,1,0,0,0,0
65000000.0,300.0,5.0,5.0,0,0,1,1,0,0,0,0,0,0,1,0
70000000.0,300.0,6.0,6.0,0,0,0,1,0,0,0,0,0,1,0,1
70000000.0,336.0,4.0,4.0,1,1,1,0,1,0,0,0,1,1,0,0
70000000.0,150.0,4.0,2.0,0,0,1,1,0,0,0,1,0,0,0,0
60000000.0,307.0,4.0,3.0,1,0,1,1,1,0,0,0,1,1,0,0
160000000.0,300.0,5.0,3.0,1,0,1,1,0,0,0,1,0,0,1,0
170000000.0,377.0,5.0,5.0,0,1,0,1,0,0,0,0,0,0,1,0
65000000.0,250.0,5.0,4.0,0,0,1,1,0,0,0,0,0,0,1,0
80000000.0,200.0,5.0,4.0,0,0,1,0,0,0,0,1,0,1,0,0
35000000.0,200.0,3.0,2.0,0,0,0,0,0,0,0,0,0,1,0,0
400000000.0,600.0,6.0,4.0,1,0,1,1,1,1,1,0,1,0,1,0
65000000.0,300.0,7.0,5.0,0,0,0,0,0,0,0,0,0,0,1,0
340000000.0,203.0,5.0,3.0,0,1,1,0,0,0,0,0,0,0,0,1
50000000.0,250.0,4.0,3.0,0,0,0,0,0,0,0,1,0,0,1,0
175000000.0,294.0,6.0,2.0,0,0,1,1,1,0,0,0,1,0,1,0
600000000.0,1031.0,5.0,4.0,1,1,0,0,0,1,0,0,0,1,0,0
140000000.0,220.0,4.0,3.0,0,1,1,1,1,1,0,0,1,0,1,0
50000000.0,200.0,4.0,3.0,0,0,1,1,0,0,0,0,0,0,1,0
450000000.0,789.0,8.0,5.0,1,1,0,1,1,1,0,1,1,0,1,0
95000000.0,175.0,5.0,4.0,0,0,1,1,1,0,1,1,1,0,1,0
250000000.0,350.0,7.0,5.0,0,0,1,1,1,0,0,0,1,0,1,0
400000000.0,476.0,4.0,2.0,0,0,1,0,1,1,1,0,1,1,0,0
750000000.0,718.0,5.0,4.0,1,0,1,1,0,0,0,0,0,1,0,0
55000000.0,200.0,4.0,3.0,0,0,1,1,1,0,1,0,1,0,1,0
180000000.0,250.0,7.0,4.0,0,0,0,1,1,0,0,1,1,0,1,0
850000000.0,400.0,5.0,4.0,1,1,1,0,0,0,0,1,0,0,1,0
1100000000.0,843.0,8.0,5.0,0,1,0,0,0,0,0,0,1,0,1,0
190000000.0,400.0,5.0,4.0,0,1,0,0,0,0,0,1,0,0,1,0
350000000.0,235.0,5.0,4.0,0,0,1,1,1,1,1,1,1,0,0,1
400000000.0,800.0,10.0,8.0,1,1,1,0,0,0,0,0,0,0,1,0
230000000.0,400.0,6.0,4.0,0,0,0,0,0,0,0,1,0,0,1,0
1000000000.0,850.0,7.0,8.0,1,1,0,0,1,0,0,0,1,0,1,0
55000000.0,450.0,9.0,9.0,0,1,0,0,1,0,0,1,1,0,0,0
61000000.0,200.0,4.0,4.0,0,0,1,0,0,0,0,0,0,0,1,0
135000000.0,375.0,4.0,4.0,0,0,0,0,0,1,0,1,0,0,1,0
90000000.0,200.0,5.0,4.0,0,0,0,1,0,0,0,0,0,0,1,0
145000000.0,300.0,5.0,4.0,1,0,1,0,0,0,0,1,0,1,0,0
220000000.0,520.0,7.0,5.0,1,1,1,1,1,0,0,0,1,0,1,0
700000000.0,500.0,8.0,5.0,1,1,1,0,0,0,0,0,1,0,1,0
700000000.0,500.0,8.0,5.0,1,1,1,0,0,0,0,0,1,0,1,0
120000000.0,300.0,6.0,4.0,0,0,0,0,0,0,0,0,0,0,1,0
55000000.0,200.0,4.0,3.0,0,0,0,0,0,0,0,0,0,0,1,0
900000000.0,1000.0,9.0,8.0,0,1,1,0,1,0,0,1,1,0,1,0
110000000.0,400.0,9.0,7.0,0,0,0,1,0,0,0,0,0,0,1,0
260000000.0,397.0,9.0,7.0,0,1,1,1,1,0,0,0,1,0,1,0
625000000.0,1000.0,4.0,4.0,0,0,0,0,0,0,0,0,0,0,0,0
320000000.0,400.0,5.0,5.0,1,1,1,1,0,0,0,0,0,0,1,0
95000000.0,300.0,4.0,3.0,1,0,0,0,0,0,0,1,0,0,1,0
1500000000.0,3000.0,14.0,14.0,0,1,0,0,1,1,0,1,1,0,0,0
50000000.0,200.0,3.0,2.0,0,0,1,1,0,0,0,1,0,1,0,0
145000000.0,300.0,5.0,3.0,0,0,1,0,0,0,0,0,0,0,1,0
